chunk_id,text,document_title,page_number,source_id
04bb50d3-433f-4338-9491-9416764ea03b,"Autism spectrum disorder 
in under 19s: recognition, 
referral and diagnosis 
Clinical guideline 
Published: 28 September 2011 
Last updated: 20 December 2017 
www.nice.org.uk/guidance/cg128 
© NICE 2026. All rights reserved. Subject to Notice of rights (https://www.nice.org.uk/terms-and-
conditions#notice-of-rights).",NICE CG128,1,nice_cg128
e96940ce-a0f8-4300-ad8a-c50d1c97196f,"Your responsibility The recommendations in this guideline represent the view of NICE, arrived at after careful consideration of the evidence available. When exercising their judgement, professionals and practitioners are expected to take this guideline fully into account, alongside the individual needs, preferences and values of their patients or the people using their service. It is not mandatory to apply the recommendations, and the guideline does not override the responsibility to make",NICE CG128,2,nice_cg128
790f87f3-a25b-4260-9f80-132d1bc2e7c0,"decisions appropriate to the circumstances of the individual, in consultation with them and their families and carers or guardian. All problems (adverse events) related to a medicine or medical device used for treatment or in a procedure should be reported to the Medicines and Healthcare products Regulatory Agency using the Yellow Card Scheme. Local commissioners and providers of healthcare have a responsibility to enable the guideline to be applied when individual professionals and people using",NICE CG128,2,nice_cg128
06d0d3cf-6704-4d77-a61a-b75ed053f4a5,"services wish to use it. They should do so in the context of local and national priorities for funding and developing services, and in light of their duties to have due regard to the need to eliminate unlawful discrimination, to advance equality of opportunity and to reduce health inequalities. Nothing in this guideline should be interpreted in a way that would be inconsistent with complying with those duties. Commissioners and providers have a responsibility to promote an environmentally",NICE CG128,2,nice_cg128
b6e04d4c-deb4-4de4-8bf6-78ea1f4a5f41,"sustainable health and care system and should assess and reduce the environmental impact of implementing NICE recommendations wherever possible. Autism spectrum disorder in under 19s: recognition, referral and diagnosis (CG128) © NICE 2026. All rights reserved. Subject to Notice of rights (https://www.nice.org.uk/terms-and- conditions#notice-of-rights). Page 2 of 43",NICE CG128,2,nice_cg128
c336a72c-ffcc-4afb-9449-e524be643c75,Contents Overview ...................................................................................................................................... 4 Who is it for? .......................................................................................................................................... 4 Using this guideline ..................................................................................................................... 5 Recommendations,NICE CG128,3,nice_cg128
e461dbf4-47e3-4bda-85ca-7942e54826c7,"....................................................................................................................... 6 1.1 Local pathway for recognition, referral and diagnostic assessment of possible autism .......... 6 1.2 Recognising children and young people who may be autistic .................................................... 8 1.3 Referring children and young people to the autism team ........................................................... 10 1.4 After referral to the autism team",NICE CG128,3,nice_cg128
ff322b27-c8c1-465b-baec-091389b82ec4,................................................................................................... 15 1.5 Autism diagnostic assessment for children and young people .................................................. 16 1.6 After the autism diagnostic assessment ....................................................................................... 22 1.7 Medical investigations ..................................................................................................................... 23,NICE CG128,3,nice_cg128
a6193b4a-5ec0-4e90-b7b9-2998ab8bc152,1.8 Communicating the results from the autism diagnostic assessment ........................................ 23 1.9 Information and support for families and carers .......................................................................... 24 Recommendations for research ................................................................................................. 26 1 Training professionals,NICE CG128,3,nice_cg128
ac7c9b68-694b-434f-88aa-2377ec966e1d,........................................................................................................................ 26 2 Gathering information in schools or nurseries ................................................................................ 27 3 Additional assessments .................................................................................................................... 27 4 Comparative genomic hybridisation array,NICE CG128,3,nice_cg128
7eb3fd89-9189-4a17-aac4-8177b21e6bb4,....................................................................................... 28 Context .........................................................................................................................................30 Finding more information and committee details .....................................................................32 Update information .....................................................................................................................33,NICE CG128,3,nice_cg128
8bb930a2-a25c-44c6-aca6-0b6a532bffb7,"Appendix: Features suggesting possible autism ......................................................................34 Using boxes 2 to 4 ................................................................................................................................ 34 Autism spectrum disorder in under 19s: recognition, referral and diagnosis (CG128) © NICE 2026. All rights reserved. Subject to Notice of rights (https://www.nice.org.uk/terms-and- conditions#notice-of-rights). Page 3 of 43",NICE CG128,3,nice_cg128
27cc8c97-95c3-43e3-93cd-b5c1d0a9fd3b,"This guideline is the basis of QS51. Overview This guideline covers recognising and diagnosing autism spectrum disorder in children and young people from birth up to 19 years. It also covers referral. It aims to improve the experience of children, young people and those who care for them. NICE has also produced a guideline on autism spectrum disorder in under 19s: support and management. Who is it for? • Healthcare professionals • Autistic children and young people, children and young people who",NICE CG128,4,nice_cg128
20e6fb6b-13b4-4e26-a69b-8f916c8102d1,"may be autistic, and their families and carers Autism spectrum disorder in under 19s: recognition, referral and diagnosis (CG128) © NICE 2026. All rights reserved. Subject to Notice of rights (https://www.nice.org.uk/terms-and- conditions#notice-of-rights). Page 4 of 43",NICE CG128,4,nice_cg128
9203435e-cc08-42df-b10f-08046daf651f,"Using this guideline People have the right to be involved in discussions and make informed decisions about their care, as described in NICE's information on making decisions about your care. Healthcare professionals should follow our general guidelines for people delivering care: • Babies, children and young people's experience of healthcare • Decision-making and mental capacity • Medicines adherence • Medicines optimisation • Multimorbidity • Patient experience in adult NHS services • Shared",NICE CG128,5,nice_cg128
e597bdfa-bfc2-4a74-947c-89b6c347e35c,"decision making • Transition from children's to adults' services Making decisions using NICE guidelines explains how we use words to show the strength (or certainty) of our recommendations, and has information about prescribing medicines (including off-label use), professional guidelines, standards and laws (including on consent and mental capacity), and safeguarding. Autism spectrum disorder in under 19s: recognition, referral and diagnosis (CG128) © NICE 2026. All rights reserved. Subject to",NICE CG128,5,nice_cg128
dc736fe6-6404-4df7-a8c4-258659c0f1d8,Notice of rights (https://www.nice.org.uk/terms-and- conditions#notice-of-rights). Page 5 of 43,NICE CG128,5,nice_cg128
e14a03d7-3d32-40ce-b503-c3174249cb2f,"Recommendations 1.1 Local pathway for recognition, referral and diagnostic assessment of possible autism 1.1.1 A local autism multi-agency strategy group should be set up, with managerial, commissioner and clinical representation from child health and mental health services, education, social care, parent and carer service users, and the voluntary sector. [2011] 1.1.2 The local autism strategy group should appoint a lead professional to be responsible for the local autism pathway for recognition,",NICE CG128,6,nice_cg128
1e848b72-7417-42b7-88a8-c70b80f2daf8,"referral and diagnosis of children and young people. The aims of the group should include: • improving early recognition of autism by raising awareness of the features suggesting possible autism through multi-agency training (see boxes 2 to 4 in the appendix) • making sure the relevant professionals (healthcare, social care, education and voluntary sector) are aware of the local autism pathway and how to access diagnostic services • supporting the smooth transition to adult services for young",NICE CG128,6,nice_cg128
65b846b5-176f-4842-801f-3e4aac26f2e8,"people going through the diagnostic pathway • ensuring data collection and audit of the pathway takes place. [2011] 1.1.3 In each area a multidisciplinary group (the autism team) should be set up. The core membership should include a: • paediatrician and/or child and adolescent psychiatrist • speech and language therapist • psychologist with training and experience in working with autistic children and young people. [2011] Autism spectrum disorder in under 19s: recognition, referral and diagnosis",NICE CG128,6,nice_cg128
1dfb5e2b-d86f-4f38-8390-5291f9e4461c,(CG128) © NICE 2026. All rights reserved. Subject to Notice of rights (https://www.nice.org.uk/terms-and- conditions#notice-of-rights). Page 6 of 43,NICE CG128,6,nice_cg128
a21a3e39-9ecd-497f-a2c7-18a7e082dd8f,1.1.4 The autism team should either include or have regular access to the following professionals if they are not already in the team: • paediatrician or paediatric neurologist • child and adolescent psychiatrist • psychologist with training and experience complementary to the psychologist in the core team • occupational therapist. [2011] 1.1.5 Consider including in the autism team (or arranging access for the team to) other relevant professionals who may be able to contribute to the autism,NICE CG128,7,nice_cg128
d472a624-f7d2-4137-8ff7-00ac47b82c91,"diagnostic assessment. For example, a specialist health visitor or nurse, specialist teacher or social worker. [2011] 1.1.6 The autism team should have the skills and competencies to: • carry out an autism diagnostic assessment • communicate with autistic children and young people and children and young people who may be autistic, and with their parents and carers, and sensitively share the diagnosis with them. [2011] 1.1.7 Autism team members should: • provide advice to professionals about",NICE CG128,7,nice_cg128
922234bf-ae61-4a96-b4ad-8373669196f8,"whether to refer children and young people for autism diagnostic assessments • decide on the assessment needs of those referred or when referral to another service will be needed • carry out the autism diagnostic assessment • share the outcome of the autism diagnostic assessment with parents and carers, and with children and young people if appropriate • with parent or carer consent and, if appropriate, the consent of the child or young person, share information from the autism diagnostic",NICE CG128,7,nice_cg128
68f61989-e586-4884-a366-a099ac0b97fd,"assessment directly with relevant services, for example through a school visit by an Autism spectrum disorder in under 19s: recognition, referral and diagnosis (CG128) © NICE 2026. All rights reserved. Subject to Notice of rights (https://www.nice.org.uk/terms-and- conditions#notice-of-rights). Page 7 of 43",NICE CG128,7,nice_cg128
156e0a20-6319-4efa-9ef7-72de6b3480be,"autism team member • offer information to children, young people and parents and carers about appropriate services and support. [2011] 1.1.8 Provide a single point of referral for access to the autism team. [2011] 1.1.9 The autism team should either have the skills (or have access to professionals that have the skills) needed to carry out an autism diagnostic assessment, for children and young people with special circumstances including: • coexisting conditions such as severe visual and hearing",NICE CG128,8,nice_cg128
326019e6-d6ab-42c5-bd45-3d46277aa510,"impairments, motor disorders including cerebral palsy, severe learning (intellectual) disabilities, complex language disorders or complex mental health disorders • looked-after children and young people. [2011] 1.1.10 If young people present at the time of transition to adult services, the autism team should consider carrying out the autism diagnostic assessment jointly with the adult autism team, regardless of the young person's intellectual ability. [2011] 1.2 Recognising children and young",NICE CG128,8,nice_cg128
a6f39e23-c608-45b1-9550-ea08d5bf0bc3,"people who may be autistic 1.2.1 Consider the possibility of autism if there are concerns about development or behaviour, but be aware that there may be other explanations for individual signs and symptoms. [2011] 1.2.2 Always take parents' or carers' concerns and, if appropriate, the child's or young person's concerns, about behaviour or development seriously, even if these are not shared by others. [2011] 1.2.3 When considering the possibility of autism and whether to refer a child or young",NICE CG128,8,nice_cg128
45ad8d2e-0480-4b1f-9f66-36224951b0d8,"person to the autism team, be critical about your professional competence and seek advice from a colleague if in doubt about the next step. [2011] 1.2.4 To help identify the features suggesting possible autism, use boxes 2 to 4 (see Autism spectrum disorder in under 19s: recognition, referral and diagnosis (CG128) © NICE 2026. All rights reserved. Subject to Notice of rights (https://www.nice.org.uk/terms-and- conditions#notice-of-rights). Page 8 of 43",NICE CG128,8,nice_cg128
d55597dd-a4b2-4ebb-b4aa-50c7332c0ecb,"the appendix). Do not rule out autism if the exact features described in the boxes are not evident; they should be used for guidance, but do not include all possible manifestations of autism. [2011] 1.2.5 When considering the possibility of autism, be aware that: • autism may be under-recognised in girls leading to underdiagnosis • signs and symptoms should be seen in the context of the child's or young person's overall development • signs and symptoms will not always have been recognised by",NICE CG128,9,nice_cg128
ffe36df9-da59-4618-84ff-760f7cfffbb0,"parents, carers, children or young people themselves or by other professionals • when older children or young people present for the first time with possible autism, signs or symptoms may have previously been masked by the child or young person's coping mechanisms and/or a supportive environment • it is necessary to take account of cultural variation, but do not assume that language delay is accounted for because English is not the family's first language or by early hearing difficulties • autism",NICE CG128,9,nice_cg128
aa4f0e21-a580-4c2a-ab8c-003f9c37e757,"may be missed in children or young people with a learning (intellectual) disability • autism may be missed in children or young people who are verbally able • important information about early development may not be readily available for some children and young people, for example looked-after children and those in the criminal justice system • signs and symptoms may not be accounted for by disruptive home experiences or parental or carer mental or physical illness. [2011] 1.2.6 When considering",NICE CG128,9,nice_cg128
6bd3b579-0862-428b-b509-91cb8f731297,"the possibility of autism, ask about the child or young person's use and understanding of their first language. [2011] 1.2.7 Do not rule out autism because of: • good eye contact, smiling and showing affection to family members Autism spectrum disorder in under 19s: recognition, referral and diagnosis (CG128) © NICE 2026. All rights reserved. Subject to Notice of rights (https://www.nice.org.uk/terms-and- conditions#notice-of-rights). Page 9 of 43",NICE CG128,9,nice_cg128
e5753a8a-5b34-4ca8-ab74-ba8599c76a25,"• reported pretend play or normal language milestones • difficulties appearing to resolve after a needs-based intervention (such as a supportive structured learning environment) • a previous assessment that concluded that there was no autism, if new information becomes available. [2011] 1.2.8 Discuss developmental or behavioural concerns about a child or young person with parents or carers, and the child or young person themselves if appropriate. Discuss sensitively the possible causes, which may",NICE CG128,10,nice_cg128
741c279e-af56-4ba6-816b-43e1873d8f01,"include autism, emphasising that there may be many explanations for the child's or young person's behaviour. [2011] 1.2.9 Be aware that if parents or carers or the child or young person themselves have not suspected a developmental or behavioural condition, raising the possibility may cause distress, and that: • it may take time for them to come to terms with the concern • they may not share the concern. [2011] 1.2.10 Take time to listen to parents or carers and, if appropriate, the child or",NICE CG128,10,nice_cg128
24002b01-711d-43af-82bd-8d85006ea917,"young person, to discuss concerns and agree any actions to follow including referral. [2011] 1.3 Referring children and young people to the autism team 1.3.1 Refer children younger than 3 years to the autism team if there is regression in language or social skills. [2011] 1.3.2 Refer first to a paediatrician or paediatric neurologist (who can refer to the autism team if necessary) children and young people: • older than 3 years with regression in language • of any age with regression in motor",NICE CG128,10,nice_cg128
534e9e29-dcee-42ed-a106-792827ae3df6,"skills. [2011] Autism spectrum disorder in under 19s: recognition, referral and diagnosis (CG128) © NICE 2026. All rights reserved. Subject to Notice of rights (https://www.nice.org.uk/terms-and- conditions#notice-of-rights). Page 10 of 43",NICE CG128,10,nice_cg128
a0b2cc8c-11f5-436d-ae2a-364a7b03d3b6,"1.3.3 Consider referring children and young people to the autism team if you are concerned about possible autism on the basis of reported or observed features suggesting possible autism (see boxes 2 to 4 in the appendix). Take account of: • the severity and duration of the features suggesting possible autism • the extent to which the features suggesting possible autism are present across different settings (for example, home and school) • the impact of the features suggesting possible autism on",NICE CG128,11,nice_cg128
f4905fed-e681-4944-a6e2-776296e76c67,"the child or young person and on their family • the level of parental or carer concern and, if appropriate, the concerns of the child or young person • factors associated with an increased prevalence of autism (see box 1) • the likelihood of an alternative diagnosis. [2011] Box 1 Factors associated with an increased prevalence of autism [2017] Autism spectrum disorder in under 19s: recognition, referral and diagnosis (CG128) © NICE 2026. All rights reserved. Subject to Notice of rights",NICE CG128,11,nice_cg128
f10a5440-9032-41db-9b23-b39a6bda2774,(https://www.nice.org.uk/terms-and- conditions#notice-of-rights). Page 11 of 43,NICE CG128,11,nice_cg128
d89f88e2-2c47-4f85-bef6-0245988262cd,"• A sibling with autism. • Birth defects associated with central nervous system malformation and/or dysfunction, including cerebral palsy. • Gestational age less than 35 weeks. • Parental schizophrenia-like psychosis or affective disorder. • Maternal use of valproate or topiramate in pregnancy. • Paternal use of valproate in the 3 months before conception. • A learning (intellectual) disability. • Attention deficit hyperactivity disorder. • Neonatal encephalopathy or epileptic encephalopathy,",NICE CG128,12,nice_cg128
63e95cb9-7ce3-4d0c-bfe6-0d87225de2bf,including infantile spasms. • Chromosomal disorders such as Down's syndrome. • Genetic disorders such as fragile X. • Muscular dystrophy. • Neurofibromatosis. • Tuberous sclerosis. Why the committee updated box 1 The evidence showed that children and young people with attention deficit hyperactivity disorder (ADHD) are more likely to have autism spectrum disorder than those without ADHD. Therefore ADHD was added to the list of factors associated with an increased prevalence of autism. Autism,NICE CG128,12,nice_cg128
68eaebee-e529-4b33-b049-018b151d77f0,"spectrum disorder in under 19s: recognition, referral and diagnosis (CG128) © NICE 2026. All rights reserved. Subject to Notice of rights (https://www.nice.org.uk/terms-and- conditions#notice-of-rights). Page 12 of 43",NICE CG128,12,nice_cg128
a710a808-a9a4-4b1b-ada3-c47c9ebadbc7,How the update might affect practice Including ADHD as a factor associated with an increased prevalence of autism will help to promote early diagnosis of autism spectrum disorder. It also allows for joint assessment for both conditions in children and young people with signs or symptoms that could be caused by either condition. The committee agreed that this supports current practice and is unlikely to lead to a substantial resource impact. 1.3.4 If you have concerns about development or,NICE CG128,13,nice_cg128
43002553-a830-4ed8-b6ec-30043b73a182,"behaviour but are not sure whether the signs and/or symptoms suggest autism, consider: • consulting a member of the autism team who can provide advice to help you decide if a referral to the autism team is necessary • referring to another service. That service can then refer to the autism team if necessary. [2011] 1.3.5 Be aware that tools to identify children and young people with an increased likelihood of autism may be useful in gathering information about features suggesting possible autism",NICE CG128,13,nice_cg128
da505384-c3e9-4101-b749-41fcb350feb3,"in a structured way but are not essential and should not be used to make or rule out a diagnosis of autism. Also be aware that: • a positive score on tools to identify an increased likelihood of autism may support a decision to refer but can also be for reasons other than autism • a negative score does not rule out autism. [2011] 1.3.6 When referring children and young people to the autism team, include in the referral letter the following information: • reported information from parents, carers",NICE CG128,13,nice_cg128
63a56c7f-e7ec-4307-886e-dac57aaa05e7,"and professionals about signs and/ or symptoms of concern • your own observations of the signs and/or symptoms. [2011] 1.3.7 When referring children and young people to the autism team, include in the Autism spectrum disorder in under 19s: recognition, referral and diagnosis (CG128) © NICE 2026. All rights reserved. Subject to Notice of rights (https://www.nice.org.uk/terms-and- conditions#notice-of-rights). Page 13 of 43",NICE CG128,13,nice_cg128
644f7e8c-3001-47ac-b7be-3d435547e938,"referral letter the following information, if available: • antenatal and perinatal history • developmental milestones • factors associated with an increased prevalence of autism (see box 1 in recommendation 1.3.3) • relevant medical history and investigations • information from previous assessments. [2011] 1.3.8 Explain to parents or carers and, if appropriate, the child or young person, what will happen on referral to the autism team or another service. [2011] 1.3.9 If you do not think concerns",NICE CG128,14,nice_cg128
d3070a8d-e0a9-4fdd-a031-3498d620370f,"are sufficient to prompt a referral, consider a period of watchful waiting. If you remain concerned about autism, reconsider your referral decision. [2011] 1.3.10 If the parents or carers or if appropriate, the child or young person, prefer not to be referred to the autism team, consider a period of watchful waiting. If you remain concerned about autism, reconsider referral. [2011] 1.3.11 If a concern has been raised but there are no features suggesting possible autism or other reasons to suspect",NICE CG128,14,nice_cg128
c7f3f376-22e6-47cb-a234-5a7b2440860c,"autism, use professional judgment to decide what to do next. [2011] For a short explanation of why the committee updated box 1 in recommendation 1.3.3 and how this might affect practice, see the rationale and impact section on factors associated with an increased prevalence of autism. Full details of the evidence and the committee's discussion are in evidence review A: factors and neurodevelopmental disorders that increase the likelihood of a diagnosis of autism spectrum disorder. Autism spectrum",NICE CG128,14,nice_cg128
f57ac252-8f14-4ff6-8a7e-9bc580f9823c,"disorder in under 19s: recognition, referral and diagnosis (CG128) © NICE 2026. All rights reserved. Subject to Notice of rights (https://www.nice.org.uk/terms-and- conditions#notice-of-rights). Page 14 of 43",NICE CG128,14,nice_cg128
66f0a549-5fdb-491f-ad2a-a461343155ac,"1.4 After referral to the autism team 1.4.1 When a child or young person is referred to the autism team, at least one member of the autism team should consider whether to carry out: • an autism diagnostic assessment and/or • an alternative assessment. [2011] 1.4.2 Carry out an autism diagnostic assessment if there is regression in language or social skills in a child younger than 3 years. [2011] 1.4.3 Refer first to a paediatrician or paediatric neurologist (if this has not already happened)",NICE CG128,15,nice_cg128
5f990422-8372-4f03-9ae0-2d9931d6f83e,"children or young people: • older than 3 years with regression in language • of any age with regression in motor skills. The paediatrician or paediatric neurologist can refer back to the autism team if necessary. [2011] 1.4.4 When deciding whether to carry out an autism diagnostic assessment, take account of the following (unless the child is under 3 years and has regression in language or social skills – see recommendation 1.4.2): • the severity and duration of the signs and/or symptoms • the",NICE CG128,15,nice_cg128
9446ceb7-83cd-4ac1-9b02-d93127abfe1a,"extent to which the signs and/or symptoms are present across different settings (for example, home and school) • the impact of the signs and/or symptoms on the child or young person and on their family or carer • the level of parental or carer concern, and if appropriate the concerns of the child or young person • factors associated with an increased prevalence of autism (see box 1 in recommendation 1.3.3) Autism spectrum disorder in under 19s: recognition, referral and diagnosis (CG128) © NICE",NICE CG128,15,nice_cg128
ae855cf3-ddee-4db2-accb-2749a0a37f42,2026. All rights reserved. Subject to Notice of rights (https://www.nice.org.uk/terms-and- conditions#notice-of-rights). Page 15 of 43,NICE CG128,15,nice_cg128
8af77649-5389-4d22-bd8c-3b69cd5382af,"• the likelihood of an alternative diagnosis. [2011] 1.4.5 If there is insufficient information to decide whether an autism diagnostic assessment is needed, gather any available information from healthcare professionals. With consent from parents or carers and, if appropriate, the child or young person, seek information from schools or other agencies. [2011] 1.4.6 If there is uncertainty about whether an autism diagnostic assessment is needed after information has been gathered, offer a",NICE CG128,16,nice_cg128
e3a139ce-af4f-4847-84ee-65cf86d358d2,"consultation to gather information directly from the child or young person and their family or carers. [2011] 1.4.7 Once it has been decided to carry out an autism diagnostic assessment, with consent from parents or carers (and the child or young person if appropriate): • seek a report from the pre-school or school if one has not already been made available • gather any additional health or social care information, including results from hearing and vision assessments. [2011] 1.4.8 Avoid repeated",NICE CG128,16,nice_cg128
8fe368e3-2df5-4a91-b364-d32172c807ff,information gathering and assessments by efficient communication between professionals and agencies. [2011] 1.5 Autism diagnostic assessment for children and young people 1.5.1 Start the autism diagnostic assessment within 3 months of the referral to the autism team. [2011] 1.5.2 A case coordinator in the autism team should be identified for every child or young person who is to have an autism diagnostic assessment. [2011] 1.5.3 The autism case coordinator should: • act as a single point of,NICE CG128,16,nice_cg128
e9907ecd-dde6-4fe6-9e5c-e99e9037facb,"contact for the parents or carers and, if appropriate, the child or young person being assessed, through whom they can communicate with the rest of the autism team Autism spectrum disorder in under 19s: recognition, referral and diagnosis (CG128) © NICE 2026. All rights reserved. Subject to Notice of rights (https://www.nice.org.uk/terms-and- conditions#notice-of-rights). Page 16 of 43",NICE CG128,16,nice_cg128
71aec6d5-692f-488d-86e9-5d521557369a,"• keep parents or carers and, if appropriate, the child or young person, up-to- date about the likely time and sequence of assessments • arrange the provision of information and support for parents, carers, children and young people as directed by the autism team • gather information relevant to the autism diagnostic assessment (see recommendation 1.4.7). [2011] 1.5.4 Discuss with the parents or carers and, if appropriate, the child or young person, how information should be shared throughout the",NICE CG128,17,nice_cg128
7973fdf4-f8b2-4ffd-9dc1-6050bf72bbef,"autism diagnostic assessment, including communicating the outcome of the assessment. Take into account, for example, the child or young person's age and ability to understand. [2011] 1.5.5 Include in every autism diagnostic assessment: • detailed questions about parent's or carer's concerns and, if appropriate, the child's or young person's concerns • details of the child's or young person's experiences of home life, education and social care • a developmental history, focusing on developmental",NICE CG128,17,nice_cg128
ebd875f3-b042-418d-9e7c-ec6de5fa0b8e,"and behavioural features consistent with ICD-11 or DSM-5 criteria (consider using an autism-specific tool to gather this information) • assessment (through interaction with and observation of the child or young person) of social and communication skills and behaviours, focusing on features consistent with ICD-11 or DSM-5 criteria (consider using an autism- specific tool to gather this information) • a medical history, including prenatal, perinatal and family history, and past and current health",NICE CG128,17,nice_cg128
7a8aa862-4197-49be-b755-0cb1add4ed27,"conditions • a physical examination • consideration of the differential diagnosis (see recommendation 1.5.7) • systematic assessment for conditions that may coexist with autism (see recommendation 1.5.15) Autism spectrum disorder in under 19s: recognition, referral and diagnosis (CG128) © NICE 2026. All rights reserved. Subject to Notice of rights (https://www.nice.org.uk/terms-and- conditions#notice-of-rights). Page 17 of 43",NICE CG128,17,nice_cg128
0f2ca28f-93cf-4fbc-acd8-0b35d0b9d708,"• development of a profile of the child's or young person's strengths, skills, impairments and needs that can be used to create a needs-based management plan, taking into account family and educational context. • communication of assessment findings to the parent or carer and, if appropriate, the child or young person. [2011, amended 2017] 1.5.6 Perform a general physical examination and look specifically for: • skin stigmata of neurofibromatosis or tuberous sclerosis using a Wood's light • signs",NICE CG128,18,nice_cg128
3910f564-28f1-42e5-9141-1a2d806f64ba,"of injury, for example self-harm or child maltreatment (see the NICE guidelines on self-harm in over 8s and child maltreatment) • congenital anomalies and dysmorphic features including macrocephaly or microcephaly. [2011] 1.5.7 Consider the following differential diagnoses for autism and whether specific assessments are needed to help interpret the autism history and observations: • Neurodevelopmental disorders: － specific language delay or disorder － a learning (intellectual) disability or",NICE CG128,18,nice_cg128
ae67a3b9-ce41-48d8-962c-3e8ee891284a,"global developmental delay － developmental coordination disorder (DCD). • Mental and behavioural disorders: － attention deficit hyperactivity disorder (ADHD) － mood disorder － anxiety disorder － attachment disorders － oppositional defiant disorder (ODD) － conduct disorder － obsessive compulsive disorder (OCD) Autism spectrum disorder in under 19s: recognition, referral and diagnosis (CG128) © NICE 2026. All rights reserved. Subject to Notice of rights (https://www.nice.org.uk/terms-and-",NICE CG128,18,nice_cg128
bbebc3c1-c98c-4d4f-b12a-2f3af774c17e,conditions#notice-of-rights). Page 18 of 43,NICE CG128,18,nice_cg128
495d9a8b-f937-4271-8e1b-b5076efe4e32,"－ psychosis. • Conditions in which there is developmental regression: － Rett syndrome － epileptic encephalopathy. • Other conditions: － severe hearing impairment － severe visual impairment － maltreatment － selective mutism. [2011] 1.5.8 Consider which assessments are needed to construct a profile for each child or young person, for example: • intellectual ability and learning style • academic skills • speech, language and communication • fine and gross motor skills • adaptive behaviour (including",NICE CG128,19,nice_cg128
d7b23517-c2e8-451d-9150-06960ab5a2b6,"self-help skills) • mental and emotional health (including self-esteem) • physical health and nutrition • sensory sensitivities • behaviour likely to affect day-to-day functioning and social participation • socialisation skills. [2011] 1.5.9 If there are discrepancies during the autism diagnostic assessment between reported signs or symptoms and the findings of the autism observation in the clinical setting, consider: Autism spectrum disorder in under 19s: recognition, referral and diagnosis",NICE CG128,19,nice_cg128
a0c6ad17-5927-41f3-abf0-df6dc6b11825,(CG128) © NICE 2026. All rights reserved. Subject to Notice of rights (https://www.nice.org.uk/terms-and- conditions#notice-of-rights). Page 19 of 43,NICE CG128,19,nice_cg128
0be42fb0-7146-4221-959a-29d4399f7127,"• gathering additional information from other sources and/or • carrying out further autism‑specific observations in different settings, such as the school, nursery, other social setting or at home. [2011] 1.5.10 Use information from all sources, together with clinical judgment, to diagnose autism based on ICD-11 or DSM-5 criteria. [2011, amended 2017] 1.5.11 Do not rely on any autism-specific diagnostic tool alone to diagnose autism. [2011] 1.5.12 Be aware that in some children and young people",NICE CG128,20,nice_cg128
13970431-befd-451b-a0cc-56c0330583f9,"there may be uncertainty about the diagnosis of autism, particularly in: • children younger than 24 months • children or young people with a developmental age of less than 18 months • children or young people for whom there is a lack of available information about their early life (for example, some looked-after or adopted children) • older teenagers • children or young people with a complex coexisting mental health disorder (for example ADHD, conduct disorder, a possible attachment disorder),",NICE CG128,20,nice_cg128
0e4e71b8-9f7f-423b-81f4-229a937d5fb2,"sensory impairment (for example severe hearing or visual impairment), or a motor disorder such as cerebral palsy. [2011] 1.5.13 Be aware that some children and young people will have features of behaviour that are seen in the autism spectrum but do not reach the ICD‑11 or DSM-5 diagnostic criteria for definitive diagnosis. Based on their profile, consider referring to appropriate services. [2011, amended 2017] 1.5.14 If the outcome of the autism diagnostic assessment clearly indicates that the",NICE CG128,20,nice_cg128
9aa7c275-70e5-4c75-b013-94b27c0adffa,"child or young person does not have autism, consider referring them to appropriate services based on their profile. [2011] 1.5.15 Consider whether the child or young person may have any of the following as a coexisting condition, and if suspected carry out appropriate assessments and Autism spectrum disorder in under 19s: recognition, referral and diagnosis (CG128) © NICE 2026. All rights reserved. Subject to Notice of rights (https://www.nice.org.uk/terms-and- conditions#notice-of-rights). Page",NICE CG128,20,nice_cg128
10cb1acc-bf41-4006-acd7-d4fef9e8f4dd,20 of 43,NICE CG128,20,nice_cg128
d4f37ccc-024a-4085-9b85-47311f6b0ce8,"referrals: • Mental and behaviour problems and disorders: － ADHD － anxiety disorders and phobias － mood disorders － oppositional defiant behaviour － tics or Tourette syndrome － OCD － self-injurious behaviour. • Neurodevelopmental problems and disorders: － global delay or a learning (intellectual) disability － motor coordination problems or DCD － academic learning problems, for example in literacy or numeracy － speech and language disorder. • Medical or genetic problems and disorders: － epilepsy",NICE CG128,21,nice_cg128
f130ff5d-3ca6-4d14-9f95-1202f3a3a5fd,"and epileptic encephalopathy － chromosome disorders － genetic abnormalities, including fragile X － tuberous sclerosis － muscular dystrophy － neurofibromatosis. • Functional problems and disorders: － feeding problems, including restricted diets Autism spectrum disorder in under 19s: recognition, referral and diagnosis (CG128) © NICE 2026. All rights reserved. Subject to Notice of rights (https://www.nice.org.uk/terms-and- conditions#notice-of-rights). Page 21 of 43",NICE CG128,21,nice_cg128
86f25b94-55ce-4c74-b72a-4b18b570448e,"－ urinary incontinence or enuresis － constipation, altered bowel habit, faecal incontinence or encopresis － sleep disturbances － vision or hearing impairment. [2011] 1.5.16 Be aware that in children and young people with communication difficulties it may be difficult to recognise functional problems or mental health problems. [2011] 1.6 After the autism diagnostic assessment 1.6.1 If there is uncertainty after the autism diagnostic assessment about the diagnosis, consider keeping the child or",NICE CG128,22,nice_cg128
1d22aa26-f3db-48da-9ff1-0c6ed0aecae8,"young person under review, taking into account any new information. [2011] 1.6.2 If any of the following apply after assessment, consider obtaining a second opinion (including referral to a specialised tertiary autism team if necessary): • continued uncertainty about the diagnosis • disagreement about the diagnosis within the autism team • disagreement with parents or carers or, if appropriate, the child or young person, about the diagnosis • a lack of local access to particular skills and",NICE CG128,22,nice_cg128
470a4f7e-dd55-4778-86d0-f302d46bfbc1,"competencies needed to reach a diagnosis in a child or young person who has a complex coexisting condition, such as a severe sensory or motor impairment or mental health problem • a lack of response as expected to any therapeutic interventions provided to the child or young person. [2011] 1.6.3 During the autism diagnostic assessment, consider any potential risk of harm to, and from, the child or young person and take appropriate action. [2011] Autism spectrum disorder in under 19s: recognition,",NICE CG128,22,nice_cg128
cf7eb295-dc91-4bc9-93e0-3c5f90d11d1a,referral and diagnosis (CG128) © NICE 2026. All rights reserved. Subject to Notice of rights (https://www.nice.org.uk/terms-and- conditions#notice-of-rights). Page 22 of 43,NICE CG128,22,nice_cg128
4263b673-81cf-439d-a609-1f4b86130447,"1.7 Medical investigations 1.7.1 Do not routinely perform any medical investigations as part of an autism diagnostic assessment, but consider the following in individual circumstances and based on physical examination, clinical judgment and the child or young person's profile: • genetic tests, as recommended by your regional genetics centre, if there are specific dysmorphic features, congenital anomalies and/or evidence of a learning (intellectual) disability • electroencephalography if there is",NICE CG128,23,nice_cg128
8abfb019-1873-4c62-8170-8dbaf45c9641,"suspicion of epilepsy (see the NICE guideline on epilepsies). [2011] 1.8 Communicating the results from the autism diagnostic assessment 1.8.1 After the autism diagnostic assessment discuss the findings, including the profile, sensitively, in person and without delay with the parents or carers and, if appropriate, the child or young person. Explain the basis of conclusions even if the diagnosis of autism was not reached. [2011] 1.8.2 Use recognised good practice when sharing a diagnosis with",NICE CG128,23,nice_cg128
3734b2b9-dabb-4e27-a647-258d51db53b6,"parents, carers, children and young people. [2011] 1.8.3 For children and young people with a diagnosis of autism, discuss and share information with parents or carers and, if appropriate, the child or young person, to explain: • what autism is • how autism is likely to affect the child or young person's development and function. [2011] 1.8.4 Provide parents or carers and, if appropriate, the child or young person, with a written report of the autism diagnostic assessment. This should explain the",NICE CG128,23,nice_cg128
49755652-9855-493c-a56e-bd0e15182e80,"findings of the assessment and the reasons for the conclusions drawn. [2011] Autism spectrum disorder in under 19s: recognition, referral and diagnosis (CG128) © NICE 2026. All rights reserved. Subject to Notice of rights (https://www.nice.org.uk/terms-and- conditions#notice-of-rights). Page 23 of 43",NICE CG128,23,nice_cg128
89eb53ad-78fb-46ff-8d09-4f2e7e73be88,"1.8.5 Share information, including the written report of the diagnostic assessment, with the GP. [2011] 1.8.6 With parental or carer consent and, if appropriate, the consent of the child or young person, share information with key professionals involved in the child's or young person's care, including those in education and social care. [2011] 1.8.7 With parental or carer consent and, if appropriate, the consent of the child or young person, make the profile available to professionals in",NICE CG128,24,nice_cg128
46ea4054-7729-4d8d-b199-b4426daccc69,"education (for example, through a school visit by a member of the autism team) and, if appropriate, social care. This is so it can contribute to the child or young person's individual education plan and needs-based management plan. [2011] 1.8.8 For children and young people with a diagnosis of autism, offer a follow-up appointment with an appropriate member of the autism team within 6 weeks of the end of the autism assessment for further discussion (for example about the conclusions of the",NICE CG128,24,nice_cg128
54e3746e-9cbe-4ac2-866a-1bdf22ca0416,"assessment and the implications for the child or young person). [2011] 1.8.9 For children and young people with a diagnosis of autism, discuss with parents or carers the risk of autism occurring in siblings and future children. [2011] 1.9 Information and support for families and carers 1.9.1 Provide individual information on support available locally for parents, carers, and autistic children and young people, according to the family's needs. This may include: • contact details for: － local and",NICE CG128,24,nice_cg128
dd04ffcb-46a3-44f1-8edc-666fab34a554,"national support organisations (who may provide, for example, an opportunity to meet other families with experience of autism, or information about specific courses for parents and carers and/or young people) － organisations that can provide advice on welfare benefits Autism spectrum disorder in under 19s: recognition, referral and diagnosis (CG128) © NICE 2026. All rights reserved. Subject to Notice of rights (https://www.nice.org.uk/terms-and- conditions#notice-of-rights). Page 24 of 43",NICE CG128,24,nice_cg128
3ac8625b-72cc-4d8f-a78f-b6de7c3c78a7,"－ organisations that can provide information on educational support and 
social care 
• information to help prepare for the future, for example transition to adult 
services. [2011] 
Autism spectrum disorder in under 19s: recognition, referral and diagnosis (CG128)
© NICE 2026. All rights reserved. Subject to Notice of rights (https://www.nice.org.uk/terms-and-
conditions#notice-of-rights).
Page 25 of
43",NICE CG128,25,nice_cg128
0fb5c321-ff60-4196-b5b5-4f6aa233b0c6,Recommendations for research The guideline committee has made the following recommendations for research 1 Training professionals Does training professionals to recognise features suggesting possible autism lead to earlier assessment of needs and earlier diagnosis (and by implication reduce morbidity/ improve health outcomes) among children and young people compared with no training? [2011] Why the committee made the recommendation for research Successful training of healthcare professionals in,NICE CG128,26,nice_cg128
d6b3f226-e778-43d6-aca3-7cdc7a1e2b2c,"the Netherlands has been shown to improve their ability, confidence and skills in identifying children or young people who need an autism diagnostic assessment. A fully trained workforce can identify the number of autistic children or young people and provide accurate information both for planning individual care and at a strategic level for planning appropriate service provision. If training improves earlier recognition and referral, this could be of particular benefit to at-risk groups for",NICE CG128,26,nice_cg128
6b6dab5b-23d1-419f-82be-b16e66d586b1,"which there is evidence that autism is currently under-diagnosed, such as girls, and children and young people: • with parents of lower educational attainment • with English as an additional language • with sensory impairments • with a learning (intellectual) disability. Before extending training to a wider population, it is important to better understand its effectiveness in terms of age, number of children and young people at referral, and time between parents' concerns and autism diagnosis.",NICE CG128,26,nice_cg128
4016d9bb-283c-4fbe-aeb7-06f01a357ada,"Autism spectrum disorder in under 19s: recognition, referral and diagnosis (CG128) © NICE 2026. All rights reserved. Subject to Notice of rights (https://www.nice.org.uk/terms-and- conditions#notice-of-rights). Page 26 of 43",NICE CG128,26,nice_cg128
54ed46bb-1ebe-4498-ab69-9c7f8938f548,"2 Gathering information in schools or nurseries Does routine additional information from educational settings (such as nursery or school) improve accuracy in diagnosing autism among children or young people up to the age of 19 compared with signs and symptoms alone? [2011] Why the committee made the recommendation for research Autism is primarily characterised by difficulties in social reciprocity, social communication and social understanding, along with rigid and repetitive ways of thinking and",NICE CG128,27,nice_cg128
cd57dd2b-72e6-4112-8898-183de4caa268,"behaving. Diagnostic accuracy may be improved by interpreting information about how the child or young person presents in social settings away from the home and immediate family. Nurseries or schools are the most obvious settings from which such information may be collected. However, the degree to which information from teachers and schools helps in accurate diagnosis has not been well tested. 3 Additional assessments Do additional assessments (for IQ, language ability and motor ability) improve",NICE CG128,27,nice_cg128
1cf052bb-29c5-4bf0-850d-67eece68008f,"accuracy in diagnosing autism among preschool children (younger than 5 years) compared with signs and symptoms alone? [2011] Autism spectrum disorder in under 19s: recognition, referral and diagnosis (CG128) © NICE 2026. All rights reserved. Subject to Notice of rights (https://www.nice.org.uk/terms-and- conditions#notice-of-rights). Page 27 of 43",NICE CG128,27,nice_cg128
d6907e28-4894-4122-b6b1-202ba4aa74db,"Why the committee made the recommendation for research Current NHS practice varies widely with regard to the proportion of children having an autism diagnostic assessment who also routinely undergo assessments of IQ, language and motor abilities. As a consequence we do not know whether such assessments aid more accurate diagnosis of autism. This is particularly important if a differential or coexisting diagnostic decision is called for and/or if there may be specific management implications.",NICE CG128,28,nice_cg128
b3eaaa53-ca40-4f66-bc7d-c0eeb9001a22,"Studies may prove valuable to parents in terms of explaining some of the child's behaviours, leading to more targeted and informed support for the child, parents and the wider family. 4 Comparative genomic hybridisation array What is the effectiveness and acceptability of comparative genomic hybridisation (CGH) array compared with current genetic testing in autistic children and young people? [2011] Autism spectrum disorder in under 19s: recognition, referral and diagnosis (CG128) © NICE 2026.",NICE CG128,28,nice_cg128
9a00f364-8b4d-4b85-9f3e-70be73e2c2c7,All rights reserved. Subject to Notice of rights (https://www.nice.org.uk/terms-and- conditions#notice-of-rights). Page 28 of 43,NICE CG128,28,nice_cg128
1a53d79f-5a30-472a-8f6a-ec44693affba,"Why the committee made the recommendation for research Recent scientific advances have led to the detection of genetic abnormalities that may partly or wholly explain why a child or young person has autism. As the tests become increasingly sophisticated (for example, using methods such as CGH array that detect more subtle variations), more genetic abnormalities are being identified, although their causal role in autism is not always clear. Improved detection of genetic causes of autism could",NICE CG128,29,nice_cg128
7b624aa6-184c-4df7-9767-8bc902e62bda,"increase the precision of genetic counselling for parents of an autistic child or young person and also for the wider family. At present, the yield of abnormal genetic results using CGH array is known to be higher in those with dysmorphic features and/or a learning (intellectual) disability, but this may extend to the wider autism population with increasing test sophistication. Before extending CGH array testing to a wider population, it is important to have a better understanding of its",NICE CG128,29,nice_cg128
65beb2c2-0607-48dc-a8cc-fb3aff0b8d36,"diagnostic yield. It is also essential to identify any negative consequences that may result from routine testing. Autism spectrum disorder in under 19s: recognition, referral and diagnosis (CG128) © NICE 2026. All rights reserved. Subject to Notice of rights (https://www.nice.org.uk/terms-and- conditions#notice-of-rights). Page 29 of 43",NICE CG128,29,nice_cg128
810090eb-3887-41b4-ab04-94b77a80d4df,"Context This guideline was updated in 2017 to include attention deficit hyperactivity disorder (ADHD) in the list of factors that should be taken into account when considering a referral for possible autism spectrum disorder and when considering whether to carry out an autism spectrum disorder diagnostic assessment. This is because there is evidence showing an increased prevalence of autism spectrum disorders in children and young people with ADHD. In addition, it is important that clinicians do",NICE CG128,30,nice_cg128
4ee44f51-681b-42a5-b0cc-2d2d98ad9928,"not exclude or delay referral for possible autism spectrum disorder because of an earlier diagnosis of ADHD. The term autism describes qualitative differences and impairments in reciprocal social interaction and social communication, combined with restricted interests and rigid and repetitive behaviours. Autism spectrum disorders are diagnosed in children, young people and adults if these behaviours meet the criteria defined in the International Statistical Classification of Diseases and Related",NICE CG128,30,nice_cg128
d8388243-f9ef-4b29-90d1-6c0c8b183b46,"Health Problems (ICD-11) and the Diagnostic and Statistical Manual of Mental Disorders Fifth Edition (DSM-5) and have a significant impact on function. The overarching category term used in ICD-11 is pervasive developmental disorder (PDD), a term now used synonymously with autism spectrum disorder (excluding Rett's syndrome); it is a behaviourally defined group of disorders, which is heterogeneous in both cause and manifestation. DSM-5 refers to autism spectrum disorder as a single condition with",NICE CG128,30,nice_cg128
02cb71cb-1685-492b-a5fb-4a88ce881600,"different levels of symptom severity in 2 core domains: 1) deficits in social communication and social interaction and 2) restricted repetitive behaviours (RRBs), interests, and activities and sensory anomalies. Because both components are required for diagnosis of autism spectrum disorder, social (pragmatic) communication disorder is diagnosed if no RRBs are present. Note that childhood disintegrative disorder is excluded from ASD in DSM-5. The guideline development group recognised that",NICE CG128,30,nice_cg128
bc52698e-4e2d-45da-b5bf-887d6c58c64e,"individuals and groups prefer a variety of terms, including autism spectrum disorder, autistic spectrum condition, autistic spectrum difference and neuro-diversity. For clarity and consistency, in this guideline the term 'autism' is used throughout, in keeping with the use of 'autism' in the government's 2010 strategy for adults with autism. However in this guideline 'autism' refers to 'autism spectrum disorders'. Autism is a lifelong disorder that has a great impact on the child or young person",NICE CG128,30,nice_cg128
8617e7f1-ff20-4ea6-9cc6-fe7a080c5467,"and their family or carers. When autism is diagnosed, families and carers and the child or young Autism spectrum disorder in under 19s: recognition, referral and diagnosis (CG128) © NICE 2026. All rights reserved. Subject to Notice of rights (https://www.nice.org.uk/terms-and- conditions#notice-of-rights). Page 30 of 43",NICE CG128,30,nice_cg128
c1dc905a-4638-48bb-aae5-16a74c56e5ef,"person themselves can experience a variety of emotions, shock and concern about the implications for the future. They may also have a profound sense of relief that others agree with their observations and concerns. Diagnosis and the assessment of needs can offer an understanding of why a child or young person is different from their peers and can open doors to support and services in education, health services and social care, and a route into voluntary organisations and contact with other",NICE CG128,31,nice_cg128
b6350aca-d2e9-42b4-b24f-82365d3da870,"children and families with similar experiences. All of these can improve the lives of the child or young person and their family. The core autism behaviours are typically present in early childhood, but features are not always apparent until the circumstances of the child or young person change, for example when the child goes to nursery or primary school or moves to secondary school. Autism is strongly associated with a number of coexisting conditions. Recent studies have shown that",NICE CG128,31,nice_cg128
17a8c6c9-8839-4918-93b0-37ce5cce3837,"approximately 70% of autistic people also meet diagnostic criteria for at least one other (often unrecognised) psychiatric disorder that is further impairing their psychosocial functioning. A learning (intellectual) disability (intelligence quotient [IQ] below 70) occurs in approximately 50% of young autistic people. Autism was once thought to be an uncommon developmental disorder, but recent studies have reported increased prevalence and the condition is now thought to occur in at least 1% of",NICE CG128,31,nice_cg128
6e15bae3-ac6d-4667-81d5-3421d63d4695,"children. This rising prevalence has increased demand for diagnostic services for children and young people of all ages in the health service. Health services have a key role in recognising and diagnosing autism. Levels of understanding of autism among healthcare and other relevant professionals and availability of services differ greatly from one area to another. In addition, children and young people with certain coexisting conditions such as a learning (intellectual) disability are less likely",NICE CG128,31,nice_cg128
c417cab4-bed5-4c1c-93c5-8497f6b616e3,"to be diagnosed with autism, leading to inequalities in healthcare and service provision. Coordination between health agencies and other key services such as education, social care and the voluntary sector is important. Multi-agency staff should also work in partnership with the autistic child or young person and their family or carers. This guideline aims to improve recognition, referral and diagnosis, and the experience of children, young people and those who care for them. NICE has also",NICE CG128,31,nice_cg128
b0ba96db-b2c0-4a18-8283-12aa630ca80e,"produced a guideline on autism spectrum disorder in under 19s: support and management. Autism spectrum disorder in under 19s: recognition, referral and diagnosis (CG128) © NICE 2026. All rights reserved. Subject to Notice of rights (https://www.nice.org.uk/terms-and- conditions#notice-of-rights). Page 31 of 43",NICE CG128,31,nice_cg128
9dfe2166-39ac-4707-8835-d0ccb2de163f,"Finding more information and committee details To find out what NICE has said on topics related to this guideline, see the NICE topic page on autism. For full details of the evidence and the guideline committee's discussions, see the full guideline and evidence review. You can also find information about how the guideline was developed, including details of the committee. NICE has produced tools and resources to help you put this guideline into practice. For general help and advice on putting our",NICE CG128,32,nice_cg128
50780dd5-6a1e-447f-a70b-2488b79c34af,"guidelines into practice, see resources to help you put NICE guidance into practice. Autism spectrum disorder in under 19s: recognition, referral and diagnosis (CG128) © NICE 2026. All rights reserved. Subject to Notice of rights (https://www.nice.org.uk/terms-and- conditions#notice-of-rights). Page 32 of 43",NICE CG128,32,nice_cg128
1ae0e3f0-26b4-4695-a7ba-37ad962da19c,"Update information December 2017: We reviewed the evidence on factors associated with an increased risk of autism and updated box 1 in recommendation 1.3.3. This is marked as [2017]. We also made a change without an evidence review to reflect the most recent version of DSM (DSM-5). This is marked as [2011, amended 2017]. Recommendations are marked as [2011] when the evidence was last reviewed in 2011. Minor changes after publication April 2025: We amended the notes on valproate and added a note",NICE CG128,33,nice_cg128
1f691499-526a-44a3-b0fc-84bb109aed08,"on topiramate in box 1 following publication of Medicines and Healthcare products Regulatory Agency (MHRA) advice on valproate use in men and use of topiramate. March 2022: We have changed the description of psychologists in recommendations 1.1.3 and 1.1.4, in line with current practice and the British Psychological Society's best practice in psychology recruitment. We have updated mentions of ICD-10 to ICD11, which the NHS adopted in March 2022. June 2021: We changed 'children and young people",NICE CG128,33,nice_cg128
7f0d7ea1-31a5-44e4-bddc-aa3685afd667,"with autism' to 'autistic children and young people', and 'symptoms' to 'features' to align with current terminology. Autism spectrum disorder in under 19s: recognition, referral and diagnosis (CG128) © NICE 2026. All rights reserved. Subject to Notice of rights (https://www.nice.org.uk/terms-and- conditions#notice-of-rights). Page 33 of 43",NICE CG128,33,nice_cg128
6d9eff4b-6d38-45c5-bae6-4e5baea25b34,"Appendix: Features suggesting possible autism Using boxes 2 to 4 The features suggesting possible autism in boxes 2 to 4 are a combination of delay in expected features of development and the presence of unusual features, and are intended to alert professionals to the possibility of autism in a child or young person about whom concerns have been raised. They are not intended to be used alone, but to help professionals recognise a pattern of impairments in reciprocal social and communication",NICE CG128,34,nice_cg128
069c9bda-18d1-42db-bab4-1dfd0e57a41b,"skills, together with unusual restricted and repetitive behaviours. Box 2 Features suggesting possible autism in preschool children (or equivalent mental age) Autism spectrum disorder in under 19s: recognition, referral and diagnosis (CG128) © NICE 2026. All rights reserved. Subject to Notice of rights (https://www.nice.org.uk/terms-and- conditions#notice-of-rights). Page 34 of 43",NICE CG128,34,nice_cg128
db169e2a-8d61-45c3-ab56-3828dbed4e74,"Social interaction and reciprocal communication behaviours Spoken language • Language delay (in babble or words, for example less than ten words by the age of 2 years). • Regression in or loss of use of speech. • Spoken language (if present) may include unusual: － non-speech like vocalisations － odd or flat intonation － frequent repetition of set words and phrases ('echolalia') － reference to self by name or 'you' or 'she/he' beyond 3 years. • Reduced and/or infrequent use of language for",NICE CG128,35,nice_cg128
2dabb35c-f5c1-46f8-b5b9-375274c69804,"communication, for example use of single words although able to speak in sentences. Responding to others • Absent or delayed response to name being called, despite normal hearing. • Reduced or absent responsive social smiling. • Reduced or absent responsiveness to other people's facial expressions or feelings. • Unusually negative response to the requests of others (demand avoidant behaviour). • Rejection of cuddles initiated by parent or carer, although may initiate cuddles themselves.",NICE CG128,35,nice_cg128
ca6aa0bf-9d58-4330-97b2-7f80b82d4063,"Interacting with others • Reduced or absent awareness of personal space, or unusually intolerant of Autism spectrum disorder in under 19s: recognition, referral and diagnosis (CG128) © NICE 2026. All rights reserved. Subject to Notice of rights (https://www.nice.org.uk/terms-and- conditions#notice-of-rights). Page 35 of 43",NICE CG128,35,nice_cg128
dd65b634-01d3-4459-b855-0199cecd4ea4,"people entering their personal space. • Reduced or absent social interest in others, including children of his/her own age – may reject others; if interested in others, may approach others inappropriately, seeming to be aggressive or disruptive. • Reduced or absent imitation of others' actions. • Reduced or absent initiation of social play with others, plays alone. • Reduced or absent enjoyment of situations that most children like, for example, birthday parties. • Reduced or absent sharing of",NICE CG128,36,nice_cg128
2fe52fe3-9f9b-4cb1-b391-97d88683ee42,"enjoyment. Eye contact, pointing and other gestures • Reduced or absent use of gestures and facial expressions to communicate (although may place adult's hand on objects). • Reduced and poorly integrated gestures, facial expressions, body orientation, eye contact (looking at people's eyes when speaking) and speech used in social communication. • Reduced or absent social use of eye contact, assuming adequate vision. • Reduced or absent joint attention shown by lack of: － gaze switching － following",NICE CG128,36,nice_cg128
9cc739b4-aedc-4a5e-b5fd-faf8dd81ce63,"a point (looking where the other person points to – may look at hand) － using pointing at or showing objects to share interest. Ideas and imagination • Reduced or absent imagination and variety of pretend play. Unusual or restricted interests and/or rigid and repetitive behaviours Autism spectrum disorder in under 19s: recognition, referral and diagnosis (CG128) © NICE 2026. All rights reserved. Subject to Notice of rights (https://www.nice.org.uk/terms-and- conditions#notice-of-rights). Page 36",NICE CG128,36,nice_cg128
46bd0264-241a-482c-971f-c2e04f79df37,of 43,NICE CG128,36,nice_cg128
44400210-120e-4ef9-bae5-1e0544a4a053,"• Repetitive 'stereotypical' movements such as hand flapping, body rocking while standing, spinning, finger flicking. • Repetitive or stereotyped play, for example opening and closing doors. • Over-focused or unusual interests. • Excessive insistence on following own agenda. • Extremes of emotional reactivity to change or new situations, insistence on things being 'the same'. • Over or under reaction to sensory stimuli, for example textures, sounds, smells. • Excessive reaction to taste, smell,",NICE CG128,37,nice_cg128
ce7c5a23-47a1-41d1-801d-ed4e406dada9,"texture or appearance of food or extreme food fads. Box 3 Features suggesting possible autism in primary school children (aged 5 to 11 years or equivalent mental age) Autism spectrum disorder in under 19s: recognition, referral and diagnosis (CG128) © NICE 2026. All rights reserved. Subject to Notice of rights (https://www.nice.org.uk/terms-and- conditions#notice-of-rights). Page 37 of 43",NICE CG128,37,nice_cg128
4ce69780-8a84-433d-89a9-864400fed522,"Social interaction and reciprocal communication behaviours Spoken language • Spoken language may be unusual in several ways: － very limited use － monotonous tone － repetitive speech, frequent use of stereotyped (learnt) phrases, content dominated by excessive information on topics of own interest － talking 'at' others rather than sharing a two-way conversation － responses to others can seem rude or inappropriate. Responding to others • Reduced or absent response to other people's facial",NICE CG128,38,nice_cg128
f0876199-5015-4b70-9524-db91e246bb05,"expression or feelings. • Reduced or delayed response to name being called, despite normal hearing. • Subtle difficulties in understanding other's intentions; may take things literally and misunderstand sarcasm or metaphor. • Unusually negative response to the requests of others (demand avoidant behaviour). Interacting with others • Reduced or absent awareness of personal space, or unusually intolerant of people entering their personal space. • Reduced or absent social interest in people,",NICE CG128,38,nice_cg128
76438cc4-c360-4d06-98bd-6c1a50b36915,"including children of his/her own age – may reject others; if interested in others, may approach others inappropriately, seeming to be aggressive or disruptive. • Reduced or absent greeting and farewell behaviours. Autism spectrum disorder in under 19s: recognition, referral and diagnosis (CG128) © NICE 2026. All rights reserved. Subject to Notice of rights (https://www.nice.org.uk/terms-and- conditions#notice-of-rights). Page 38 of 43",NICE CG128,38,nice_cg128
cbde6d22-3ea2-4cf7-84c0-9f8522850e46,"• Reduced or absent awareness of socially expected behaviour. • Reduced or absent ability to share in the social play or ideas of others, plays alone. • Unable to adapt style of communication to social situations, for example may be overly formal or inappropriately familiar. • Reduced or absent enjoyment of situations that most children like. Eye contact, pointing and other gestures • Reduced and poorly integrated gestures, facial expressions and body orientation, eye contact (looking at people's",NICE CG128,39,nice_cg128
c2410a98-019b-4118-9ffe-9926d77a86bb,"eyes when speaking) and speech used in social communication. • Reduced or absent social use of eye contact, assuming adequate vision. • Reduced or absent joint attention shown by lack of: － gaze switching － following a point (looking where the other person points to – may look at hand) － using pointing at or showing objects to share interest. Ideas and imagination • Reduced or absent flexible imaginative play or creativity, although scenes seen on visual media (for example, television) may be",NICE CG128,39,nice_cg128
2aefea4f-a8cd-45e8-aeae-352b52d27b37,"re-enacted. • Makes comments without awareness of social niceties or hierarchies. Unusual or restricted interests and/or rigid and repetitive behaviours • Repetitive 'stereotypical' movements such as hand flapping, body rocking while standing, spinning, finger flicking. • Play repetitive and oriented towards objects rather than people. Autism spectrum disorder in under 19s: recognition, referral and diagnosis (CG128) © NICE 2026. All rights reserved. Subject to Notice of rights",NICE CG128,39,nice_cg128
ff448357-c1b1-415c-99e4-1f6973169312,(https://www.nice.org.uk/terms-and- conditions#notice-of-rights). Page 39 of 43,NICE CG128,39,nice_cg128
2855478c-49b2-47c4-a5be-c457c7017cab,"• Over-focused or unusual interests. • Rigid expectation that other children should adhere to rules of play. • Excessive insistence on following own agenda. • Extremes of emotional reactivity that are excessive for the circumstances. • Strong preferences for familiar routines and things being 'just right'. • Dislike of change, which often leads to anxiety or other forms of distress (including aggression). • Over or under reaction to sensory stimuli, for example textures, sounds, smells. •",NICE CG128,40,nice_cg128
b2670074-e098-43ee-b798-d62e371f1bb6,"Excessive reaction to taste, smell, texture or appearance of food or extreme food fads. Other factors that may support a concern about autism • Unusual profile of skills or deficits (for example, social or motor coordination skills poorly developed, while particular areas of knowledge, reading or vocabulary skills are advanced for chronological or mental age). • Social and emotional development more immature than other areas of development, excessive trusting (naivety), lack of common sense, less",NICE CG128,40,nice_cg128
95cb4d3e-334a-47b8-8264-bb8612975396,"independent than peers. Box 4 Features suggesting possible autism in secondary school children (older than 11 years or equivalent mental age) Autism spectrum disorder in under 19s: recognition, referral and diagnosis (CG128) © NICE 2026. All rights reserved. Subject to Notice of rights (https://www.nice.org.uk/terms-and- conditions#notice-of-rights). Page 40 of 43",NICE CG128,40,nice_cg128
d71a0180-c865-43ec-a135-711c36cc7258,"Social interaction and reciprocal communication behaviours Spoken language • Spoken language may be unusual in several ways: － very limited use － monotonous tone － repetitive speech, frequent use of stereotyped (learnt) phrases, content dominated by excessive information on topics of own interest － talking 'at' others rather than sharing a two-way conversation － responses to others can seem rude or inappropriate. Interacting with others • Reduced or absent awareness of personal space, or",NICE CG128,41,nice_cg128
19d234d6-c059-438b-83dc-f0826156c9db,unusually intolerant of people entering their personal space. • Long-standing difficulties in reciprocal social communication and interaction: few close friends or reciprocal relationships. • Reduced or absent understanding of friendship; often an unsuccessful desire to have friends (although may find it easier with adults or younger children). • Social isolation and apparent preference for aloneness. • Reduced or absent greeting and farewell behaviours. • Lack of awareness and understanding of,NICE CG128,41,nice_cg128
43d6809d-8d79-45c4-9807-843486ca3df2,"socially expected behaviour. • Problems losing at games, turn-taking and understanding 'changing the rules'. • May appear unaware or uninterested in what other young people his or her age are interested in. • Unable to adapt style of communication to social situations, for example, may be overly formal or inappropriately familiar. Autism spectrum disorder in under 19s: recognition, referral and diagnosis (CG128) © NICE 2026. All rights reserved. Subject to Notice of rights",NICE CG128,41,nice_cg128
3526957b-9e98-42d3-9cd2-a9ff4432b09a,(https://www.nice.org.uk/terms-and- conditions#notice-of-rights). Page 41 of 43,NICE CG128,41,nice_cg128
151e1ed2-1262-4443-9293-599b553b5d0d,"• Subtle difficulties in understanding other's intentions; may take things literally and misunderstand sarcasm or metaphor. • Makes comments without awareness of social niceties or hierarchies. • Unusually negative response to the requests of others (demand avoidant behaviour). Eye contact, pointing and other gestures • Poorly integrated gestures, facial expressions, body orientation, eye contact (looking at people's eyes when speaking) assuming adequate vision, and spoken language used in social",NICE CG128,42,nice_cg128
9a7e25a0-de70-4c0b-aa29-5de000facdbf,"communication. Ideas and imagination • History of a lack of flexible social imaginative play and creativity, although scenes seen on visual media (for example, television) may be re-enacted. Unusual or restricted interests and/or rigid and repetitive behaviours • Repetitive 'stereotypical' movements such as hand flapping, body rocking while standing, spinning, finger flicking. • Preference for highly specific interests or hobbies. • A strong adherence to rules or fairness that leads to argument.",NICE CG128,42,nice_cg128
eda657fd-6510-4353-9c0e-82721ec96c36,"• Highly repetitive behaviours or rituals that negatively affect the young person's daily activities. • Excessive emotional distress at what seems trivial to others, for example change in routine. • Dislike of change, which often leads to anxiety or other forms of distress including aggression. • Over or under reaction to sensory stimuli, for example textures, sounds, smells. • Excessive reaction to taste, smell, texture or appearance of food and/or extreme Autism spectrum disorder in under 19s:",NICE CG128,42,nice_cg128
02c4d484-0a0c-45ae-bb25-5a42c2a8f7e2,"recognition, referral and diagnosis (CG128) © NICE 2026. All rights reserved. Subject to Notice of rights (https://www.nice.org.uk/terms-and- conditions#notice-of-rights). Page 42 of 43",NICE CG128,42,nice_cg128
fbc3419f-4a52-4f72-bc0f-9b3551ff44c9,"food fads. Other factors that may support a concern about autism • Unusual profile of skills and deficits (for example, social or motor coordination skills poorly developed, while particular areas of knowledge, reading or vocabulary skills are advanced for chronological or mental age). • Social and emotional development more immature than other areas of development, excessive trusting (naivety), lack of common sense, less independent than peers. ISBN: 978-1-4731-1788-4 Autism spectrum disorder in",NICE CG128,43,nice_cg128
94d38917-9b5a-4c18-aaa2-f76c1517456b,"under 19s: recognition, referral and diagnosis (CG128) © NICE 2026. All rights reserved. Subject to Notice of rights (https://www.nice.org.uk/terms-and- conditions#notice-of-rights). Page 43 of 43",NICE CG128,43,nice_cg128
2e9d8ba0-5982-4133-ad10-5c8898df4b0c,"100
Day Kit
For Families of School Age Children Newly Diagnosed with Autism",100 Day Tool Kit School Aged Children,1,100_day_kit
7fbb694c-0dc6-4c30-87e8-41b2f0e3ad4e,Table of Contents Section 1: Introduction 1 • Why was my child diagnosed with autism? 2 • How does an autism diagnosis benefit my child? 2 • How is autism diagnosed? 3 Section 2: What is autism? 5 • Definition 6 • Diagnostic criteria 6 • Prevalence 7 • Causes 8 Section 3: Core signs and symptoms of autism 9 • Social symptoms 10 • Communication difficulties 11 • Repetitive behaviors 13 • Common strengths 15 • Executive functioning and theory of mind 16 • Physical and mental issues that may,100 Day Tool Kit School Aged Children,2,100_day_kit
679bee72-7eda-4b36-86df-23b824a7b204,accompany autism 17 Section 4: How do I respond to this diagnosis? 20 • Reacting to the diagnosis 21 • Caring for the caregiver 24 • Disclosure 25 • Supporting your other children 29 • Fifteen tips for families 29 Section 5: How is autism treated? 33 • Treatment options 35 • Applied Behavior Analysis 35 • Treatment for associated conditions 37 • Choosing the right treatment 41 • Autism and insurance 41 Section 6: Autism and the classroom 43 • Special education eligibility 44 • Individualized,100 Day Tool Kit School Aged Children,2,100_day_kit
a0999954-e1e7-4d35-a396-dfb22f14769c,education program 44 • Transition services 46 • Setting up school services 47 Section 7: Living with autism 48 • Creating your team 49 • Managing your team 49 • Technology 50 • Strategies to support your child 51 • Recreation 52 • Talking to your child about bullying 53 • Autism and wandering 54 • Conclusion 55 A Week-by-Week Plan for the Next 100 Days 56 Helpful Forms 62 Glossary 78 Autism Speaks Tool Kits 95,100 Day Tool Kit School Aged Children,2,100_day_kit
6a972b4d-08ff-4f74-b20c-336cc20ef23e,"Acknowledgments We would like to thank the following for their review and feedback, which was critical to the development of the Autism Speaks 100 Day Kit. Daniel L. Coury, MD Professor of Clinical Pediatrics and Psychiatry The Ohio State University College of Medicine Thomas Frazier, Ph.D. Chief Science Officer Autism Speaks Professor, Department of Psychology John Carroll University Parent of child with autism Amy Kurowski-Burt Ed.D., MOT, OTR/L Associate Professor, Division of Occupational",100 Day Tool Kit School Aged Children,3,100_day_kit
6be13c4b-a485-4788-bcf6-6f805a05d876,"Therapy West Virginia University School of Medicine Leslie A. Markowitz, Psy.D., LP, BCBA Pediatric Psychologist HealthPartners/Regions Hospital Donna Murray, Ph.D., CCC-SLP Vice President, Clinical Programs Autism Speaks Valerie Paradiz, Ph.D. Vice President, Services and Supports Autism Speaks Self-advocate Parent of young adult with autism We would also like to thank the following professionals for their contributions to the Autism Speaks 100 Day Kit: Lauren Elder, Ph.D., ABPP Owner, Licensed",100 Day Tool Kit School Aged Children,3,100_day_kit
3a25588a-f47d-431b-8abe-6714aaa096c3,"Psychologist Ascent Psychological Services Kathryn Smerling, Ph.D., LCSW Family Therapist Stephen Shore, Ed.D. Professor, Special Education Adelphi University Autism Speaks board member Self-advocate We have also included contributions from the following books and websites: Autism Wandering Awareness Alerts Response and Education (AWAARE) Collaboration awaare.nationalautismassociation.org Does My Child Have Autism? A Parent’s Guide to Early Detection and Intervention in Autism Spectrum Disorders",100 Day Tool Kit School Aged Children,3,100_day_kit
6fd6a5da-613d-45a7-8611-53fd9e004917,"Wendy L. Stone, Ph.D. with Theresa Foy DiGeronimo, M.Ed. Overcoming Autism: Finding the Answers, Strategy and Hope That Can Transform a Child’s Life Lynn Kern Koegel, Ph.D. and Claire LaZebnik U.S. Centers for Disease Control and Prevention Learn the Signs. Act Early. Campaign cdc.gov/ncbddd/actearly Adrienne P. Robertiello Special Health Care Educator Children’s Specialized HospitalParent of child with autism Amy Rodda, Ph.D., CCC-SLP University of Washington Department of Speech and Hearing",100 Day Tool Kit School Aged Children,3,100_day_kit
b7efec9f-63c1-4c52-8fed-9e0ce9978add,Sciences,100 Day Tool Kit School Aged Children,3,100_day_kit
49ffe645-518f-4cbd-a3b0-379070b39f6d,"1
•   Why was my child diagnosed with autism?
•   How does an autism diagnosis benefit my child?
•   How is autism diagnosed?
Section 1
Introduction",100 Day Tool Kit School Aged Children,4,100_day_kit
a070292f-cb3c-405e-84ac-a37e5212a5d8,"SCHOOL AGE CHILDREN 2 Your child has been diagnosed with autism spectrum disorder (ASD) and you have asked for help. This is an important turning point in a new chapter of your family’s life. For some families, it may be the moment when, after a long search for answers, you now have a name for something you didn’t know what to call but you knew existed. Perhaps you suspected autism but felt that an evaluation would prove otherwise. Maybe it was a teacher, doctor or friend of yours who suggested",100 Day Tool Kit School Aged Children,5,100_day_kit
fd827683-91b5-4893-93b8-06e72d00e5dc,"you get your child evaluated and you are surprised that their concerns and suspicions were accurate. Many families report mixed feelings when their child is diagnosed. You may feel relieved to know that the concerns you have for your child are valid. You also may feel upset or overwhelmed. Whatever it is you feel, know that thousands of families share this journey. You are not alone. There is help. Now that you have the diagnosis, the question is where do you go from here? The Autism Speaks 100",100 Day Tool Kit School Aged Children,5,100_day_kit
3dd0a7d5-4d86-4728-8fc9-3f873a532d02,"Day Kit was created to help you make the best possible use of the next 100 days in the life of your child. It contains information and advice collected from trusted and respected experts on autism and from parents like you. As you begin your journey or continue on a path you have already started, remember your child is still the same person they were before the diagnosis. How does an autism diagnosis benefit my child? Parents are usually the first to notice the signs of autism. You may have",100 Day Tool Kit School Aged Children,5,100_day_kit
cb290bd4-a597-4b66-a366-9f047e243856,"noticed that your child was developing differently from their peers. The differences may have existed from birth or may have become more noticeable later. Sometimes the differences are severe and obvious to everyone. In other cases, they are subtle and first recognized by a teacher or medical professional. Great strides have been made in autism research in recent years, and new findings are being discovered every day. Some of the most brilliant minds of our time have turned their attention toward",100 Day Tool Kit School Aged Children,5,100_day_kit
2330c0cb-cbd1-47f8-a2d4-03440f2bb90f,"understanding autism. Your child is the same unique, lovable, wonderful person they were before the diagnosis. Why was my child diagnosed with autism? What does it mean?",100 Day Tool Kit School Aged Children,5,100_day_kit
baa9f2ac-1687-4347-8567-25b64e412d30,SCHOOL AGE CHILDREN 3 There are several reasons why having a diagnosis is useful to you and your child. A thorough and detailed diagnosis can: • Provide important information about your child’s behavior and development • Give you a better understanding of the challenges you have faced with parenting • Motivate you to learn new ways to help your child grow and develop • Help create a roadmap for treatment by identifying your child’s specific strengths and challenges • Provide useful information,100 Day Tool Kit School Aged Children,6,100_day_kit
89c70262-0c99-4646-9459-dd7dc17d27c8,"about needs and skills to target for effective intervention • Help connect you with local and long-distance resources as your child grows In addition, a diagnosis is often required to access autism-specific services through your local school district. How is autism diagnosed? We don’t have a blood test or medical test that can diagnose autism. Instead, autism is diagnosed based on careful observation of your child’s behavior, their history of development and by gathering information from you and",100 Day Tool Kit School Aged Children,6,100_day_kit
f7572b19-64be-4d1c-8e79-975310f2c4e2,"other people with whom your child regularly interacts. As the symptoms of autism vary, so do the routes to getting a diagnosis. You may have raised questions with your pediatrician. A teacher may have spoken to you first about concerns that you may not have recognized yet. Some children are identified as having developmental delays before getting a diagnosis of autism and may already receive some early intervention or special education services. Unfortunately, parents’ concerns are sometimes not",100 Day Tool Kit School Aged Children,6,100_day_kit
98493c3f-e62b-4e29-b267-63642b2da841,"taken seriously by their child’s doctor resulting in a delayed diagnosis. Autism Speaks and other organizations are working hard to educate parents and physicians so that autism in children is identified as early as possible. An evaluation by healthcare professionals with varying specialities can be helpful for diagnosing autism and other challenges that often come with autism, such as delays in motor skills. Your child may have been diagnosed by a: • Developmental pediatrician: a pediatrician",100 Day Tool Kit School Aged Children,6,100_day_kit
8bce8129-add9-4c43-973e-fa972423e6ab,"with additional training and expertise in treating children with developmental, learning or behavioral differences • Neurologist: a doctor who diagnoses and treats disorders that affect the brain • Psychiatrist: a doctor who diagnoses and treats mental, emotional and behavioral disorders • Psychologist: a doctor trained to help people learn to cope more effectively with life issues and mental health problems and evaluate developmental concerns",100 Day Tool Kit School Aged Children,6,100_day_kit
fc8ad97c-2bed-442f-908f-3e2ab48be73e,"SCHOOL AGE CHILDREN 4 In some states, other professionals with advanced training in the clinical criteria of autism may provide a diagnosis, such as advanced practice nurses and speech-language pathologists. In some cases, a team of specialists may have evaluated your child and provided recommendations for treatment. The team may have included a(n): • Audiologist to rule out hearing loss • Speech-language pathologist to determine language skills and needs • Occupational therapist to evaluate",100 Day Tool Kit School Aged Children,7,100_day_kit
0332291c-1f92-4482-b3f8-137847e43622,"physical and motor skills, as well as sensory challenges If your child has not been evaluated by a multi- disciplinary team, ask for one to help learn as much as possible about your child’s individual strengths and needs. For more information, visit the Autism Speaks Autism Treatment Network at autismspeaks.org/atn. Once your child has a formal diagnosis, ask for a comprehensive report that includes the diagnosis in writing as well as recommendations for treatment. The doctor may not be able to",100 Day Tool Kit School Aged Children,7,100_day_kit
b43eb019-5e45-4da4-bde8-95bec7a2cb62,provide this for you at the first appointment as it may take some time to compile. But follow up and pick up the report as soon as it’s ready. Don’t be afraid to ask the doctor to explain the diagnosis and recommendations for next steps. You may have to revisit these recommendations as your child grows older and may need additional supports.,100 Day Tool Kit School Aged Children,7,100_day_kit
b46f45e8-da59-47c4-aa92-3ad2388d9d20,"SCHOOL AGE CHILDREN
5
•   Definition
•   Diagnostic criteria
•   Prevalence
•   Causes
Section 2
What is autism?",100 Day Tool Kit School Aged Children,8,100_day_kit
99dc6009-a1fa-4fc9-bf9c-12a6806ec411,"SCHOOL AGE CHILDREN 6 ASD and autism are general terms for a group of complex disorders of brain development. These disorders are characterized, in varying degrees, by difficulties in social interaction, verbal and nonverbal communication and inflexible, repetitive behaviors. With the May 2013 publication of the fifth edition of the American Psychiatric Association’s Diagnostic and Statistical Manual of Mental Disorders (DSM-5), all autism disorders were merged into one umbrella diagnosis of ASD.",100 Day Tool Kit School Aged Children,9,100_day_kit
6c923462-6565-4154-902b-22d358fd76ca,"Before the DSM-5, they were recognized as distinct subtypes, including: • Autistic disorder • Childhood disintegrative disorder • Pervasive developmental disorder-not otherwise specified (PDD-NOS) • Asperger syndrome You may also hear the terms “classic autism” or “Kanner’s autism” (named after the first psychiatrist to describe autism) used to describe the most severe form of autism. The DSM is the main diagnostic reference used by mental health professionals and insurance providers in the",100 Day Tool Kit School Aged Children,9,100_day_kit
002a382d-5696-434b-9dff-5a4bfc403d8f,"United States. Under the current DSM-5, the diagnosis of autism requires that: • At least six developmental and behavioral characteristics are observed. • Problems are present before the age of 3. • There is no evidence of certain other conditions that are similar. The first two diagnostic criteria for ASD are: 1. Persistent deficits in social communication and interaction across multiple settings, including difficulty (either in the past or in the present) in these three areas: •",100 Day Tool Kit School Aged Children,9,100_day_kit
206ce6ed-b9c8-47df-b78b-fac40891ef12,"Social-emotional reciprocity • Nonverbal communicative behaviors used for social interaction • Developing, maintaining and understanding relationships 2. Restricted and repetitive patterns of behavior, interests or activities. A person must show at least two types, including: • Stereotyped or repetitive motor movements • Insistence on sameness or inflexible adherence to routines • Highly restricted, fixated interests • Over- or under-reactivity to sensory input or unusual interest in sensory",100 Day Tool Kit School Aged Children,9,100_day_kit
3e8805d3-9871-4d7b-b3b9-5d087e96c156,"aspects of the environment Symptoms can be currently present or reported in past history but should have been present early in life. In addition to the diagnosis, each person evaluated is described in terms of: • Any known genetic cause (for example, Fragile X syndrome, Rett syndrome) • Level of language and intellectual disability • Presence of medical conditions such as seizures, anxiety, depression and/or gastrointestinal (GI) problems If your child is diagnosed with autism, experts recommend",100 Day Tool Kit School Aged Children,9,100_day_kit
d24bb293-ad3a-4da4-a5a2-ccc0b274cb37,they have genetic testing. Some genes linked with autism also carry risks for other health conditions. Knowing these genetic links can help your child’s healthcare team screen for health problems and treat them quickly.,100 Day Tool Kit School Aged Children,9,100_day_kit
27cc18b5-068c-4637-82da-5771b20060dc,"SCHOOL AGE CHILDREN 7 The DSM-5 has an additional category called social communication disorder (SCD). This allows for a diagnosis of difficulties in social communication without the presence of repetitive behavior. SCD is a new diagnosis, and much more research and information are needed about this condition. There are currently few guidelines for the treatment of SCD. Until guidelines become available, treatments that target social communication, including many autism-specific interventions,",100 Day Tool Kit School Aged Children,10,100_day_kit
8804d317-9f30-49ee-97bb-f716d148781a,"should be provided to people with SCD. Severity levels of autism Autism affects everyone differently, and the extent to which it may create challenges in daily life is also different for each person. The DSM-5 also includes new guidelines that break down the diagnosis into three levels based on the amount of support the person might need. A health care provider will look at many factors to choose a severity level. The level is based on communication skills and types of restrictive, repetitive",100 Day Tool Kit School Aged Children,10,100_day_kit
c579ae39-fedc-4d62-8927-496aa5b46ee2,"behaviors. Level 1: Requiring support For example, a person who uses full sentences but has trouble with a back-and-forth conversation. Level 2: Requiring substantial support For example, a person who uses short sentences, talks only about a narrow set of their interests, and whose body language or nonverbal communication is not typical. Level 3: Requiring very substantial support For example, a person with few or no words who rarely starts a conversation, only engages to meet a need, and/or who",100 Day Tool Kit School Aged Children,10,100_day_kit
971888e7-5190-484a-b004-30f1d4a42af4,"uses very unusual approaches to interact with other people. To read the whole DSM-5 criteria, visit autismspeaks. org/autism-diagnosis-criteria-dsm-5. How common is autism? Additionally, the latest CDC data shows the rate ofautism per 1000 is higher in Black Non-Hispanic (29.2), Hispanic (31.6), and Asian/Pacific Islander (33.4) children compared to White Non-Hispanic children (24.3). This indicates an improvement in outreach, screenings and de-stigmatization of autism diagnosis among minority",100 Day Tool Kit School Aged Children,10,100_day_kit
7944bffd-4505-4593-878a-027cec73f26c,"communities. Autism statistics from the U.S. Centers for Disease Control and Prevention (CDC) released in March 2023 identify around 1 in 36 American children or over 2.7% of 8-year-old children in the U.S., was diagnosed with ASD in 2020, increasing from 2018 when the estimate was 1 in 44. Studies also show that autism is over four times more common among boys than girls.",100 Day Tool Kit School Aged Children,10,100_day_kit
b2d12b0a-f208-4a61-b567-583404685ead,"SCHOOL AGE CHILDREN 8 What causes autism? Not long ago, the answer to this question would have been, “We have no idea.” Research is now delivering the answers. First and foremost, we now know that there is no one cause of autism, just as there is no one type of autism. Over the last five years, scientists have identified more than 100 autism-risk genes. In about 15 to 30 percent of cases, a specific genetic cause of a person’s autism can now be identified. However, most cases involve a complex",100 Day Tool Kit School Aged Children,11,100_day_kit
ad11fcb6-7b8f-4532-892c-fdb1fe6a2810,"and variable combination of genetic risk and environmental factors that influence early brain development. In other words, in the presence of a genetic predisposition to autism, non-genetic or environmental influences may further increase a child’s risk. The clearest evidence of these environmental risk factors involves events before and during birth. They include: • Advanced parental age at time of conception (both mom and dad) • Maternal illness during pregnancy • Extreme prematurity • Very low",100 Day Tool Kit School Aged Children,11,100_day_kit
32586a42-86aa-47cf-92b4-7eb4cae0cdd1,"birth weight and certain difficulties during birth, especially those involving lack of oxygen to the baby • Mother’s exposure to high levels of pesticides and air pollution These factors by themselves do not cause autism. Rather, in combination with genetic risk factors, they appear to modestly increase risk. Increasingly, researchers are looking at the role of the immune system, metabolic factors, the microbiome (all the bacteria and other organisms that live on our skin and inside our digestive",100 Day Tool Kit School Aged Children,11,100_day_kit
f7e52913-23c9-4193-b4fd-8a10be167b21,"tract), and other biological processes. Autism Speaks is working to increase awareness and investigation of these and other issues, where further research has the potential to improve the lives of those on the autism spectrum and their families. Language in the autism community Children and adults with autism and their families all have very different experiences from one another. As a result of these unique experiences, there are different perspectives across the community on a variety of",100 Day Tool Kit School Aged Children,11,100_day_kit
108b41e2-4c2e-4ba6-8ba7-d2393adc0ace,"subjects, including language and terminology. Many people who meet the criteria for ASD have adopted the term “autistic” to describe their differences. Many self-described autistics prefer that their behavior not be depicted as pathological, but rather as a natural variation in human behavior. While we intentionally use medical language to describe ASD throughout this kit, we also recognize that for some, autism can be thought of simply as a difference in social behavior. There are also",100 Day Tool Kit School Aged Children,11,100_day_kit
4209adb9-424f-4aa9-b713-ed1d2051daa6,"conversations in the community about the preference of identity-first language (such as “autistic adult”) compared to person-first language (such as “adult with autism spectrum disorder”). Many advocates feel autism is a part of who they are as a person and not only a diagnosis. This highlights the need for sensitivity, understanding and acceptance of autistic people of all ages and their preferences for how they describe themselves. Similarly, health care providers will use medical terminology",100 Day Tool Kit School Aged Children,11,100_day_kit
5717f6e0-79b6-4c7e-93a4-08876a3866d0,when discussing your child’s diagnosis and treatment plans. Some of this language will be important when advocating for your child. You may choose to use different language when talking about autism outside of medical or other settings. Your family’s experience is unique and you can talk about autism however you’d like!,100 Day Tool Kit School Aged Children,11,100_day_kit
460c6716-5198-4d65-9010-f58fc177722f,"SCHOOL AGE CHILDREN
9
•   Social symptoms
•   Communication difficulties
•   Repetitive behaviors
•   Common strengths
•   Physical and mental issues
     that might accompany autism
Section 3
Core signs and
symptoms of autism",100 Day Tool Kit School Aged Children,12,100_day_kit
ffa6c367-db30-4629-bf69-346d8a7fe69b,"SCHOOL AGE CHILDREN 10 Autism affects the way your child perceives the world and may make communication and social interaction difficult. ASD is characterized by social- interaction difficulties, communication challenges and a tendency to engage in repetitive behaviors. However, symptoms and their severity vary widely across these three core areas. Taken together, they may result in relatively mild challenges for some people on the autism spectrum. For others, symptoms may be more severe, as when",100 Day Tool Kit School Aged Children,13,100_day_kit
f7e5a433-0734-490c-aea4-e4e1e71ecd8d,"repetitive behaviors or lack of spoken language interfere with everyday life. “If you’ve met one person with autism, you’ve met one person with autism.” - Dr. Stephen Shore Social symptoms Typically developing infants are social by nature. They gaze at faces, turn toward voices, grasp a finger and even smile by 2 to 3 months of age. By contrast, most children who are on the autism spectrum have difficulty engaging in the give-and-take of everyday human interactions. By 8 to 10 months of age, many",100 Day Tool Kit School Aged Children,13,100_day_kit
e3373671-bc60-4e6c-a257-2302002fe85c,"infants who are eventually diagnosed with autism are showing some symptoms such as failure to respond to their names, reduced interest in people and delayed babbling. By toddlerhood, many children with autism have difficulty playing social games, don’t imitate the actions of others and prefer to play alone. To parents, it may seem as if their child is disconnected. They may not seek comfort or respond to family members’ displays of anger or affection in typical ways. Research suggests that",100 Day Tool Kit School Aged Children,13,100_day_kit
eaf302e9-a502-4eaa-a975-c028b56b6dc9,"children with autism are attached to their parents. However, the way they express this attachment may look different compared to non-autistic children.",100 Day Tool Kit School Aged Children,13,100_day_kit
31095fbd-0105-4fd2-84a7-78b0d2638a3b,"SCHOOL AGE CHILDREN 11 Some social symptoms of autism might include: Difficulty interpreting what others are thinking and feeling Subtle social cues, such as a smile, a wave or a frown, may not convey meaning to an autistic person in the way that those without autism interpret them. For example, a child with autism may not know or indicate they understand your full meaning when you say “Come here!” with your arms extended out for a hug, or when you say it with a frown on your face. Without the",100 Day Tool Kit School Aged Children,14,100_day_kit
6674e739-7b07-40a1-b55b-f50ac06e2fc9,"ability to interpret gestures and facial expressions, the social world can seem bewildering. Difficulty seeing things from another person’s perspective Most 5-year-old children understand that other people have thoughts, feelings and goals that may be different from their own. A person with autism may not show such understanding. This, in turn, can interfere with the ability to predict or understand another person’s actions. Difficulty regulating emotions Some autistic children experience",100 Day Tool Kit School Aged Children,14,100_day_kit
c17b87e3-60f8-4237-9116-ed7e77252a34,"challenging behaviors, such as outbursts or crying in contexts when they don’t seem warranted or make sense to others. It’s helpful to know that challenges in regulating emotions may be attempts to communicate when situations are overwhelming, unexpected or new. Some behaviors can become disruptive or physically aggressive in such overwhelming or frustrating situations. Self- injurious behavior, such as head banging, hair pulling or self-biting, may also occur. Fortunately, autistic children can",100 Day Tool Kit School Aged Children,14,100_day_kit
c76748a7-71c6-4a1b-ace2-e23b06fb4558,"be taught how to socially interact, use gestures and recognize facial expressions. Also, there are many strategies that can help a child with autism respond to frustrations and learn to communicate their needs, so they don’t have to express those feelings and needs through challenging or potentially unsafe behaviors. Communication difficulties Young children with autism tend to be delayed in babbling, speaking and learning to use gestures. Some infants who later develop autism coo and babble",100 Day Tool Kit School Aged Children,14,100_day_kit
3d5f6805-1571-4b84-876a-4daa37b26ea3,"during the first few months of life before losing these communicative behaviors. Others experience significant language delays and don’t begin to speak until much later. With therapy, however, most autistic people do learn to use spoken language, and all can learn to communicate in their own way. Many nonverbal or nearly nonverbal children and adults learn to use communication systems, such as pictures, sign language, electronic word processors or even speech-generating devices. Unusual speech",100 Day Tool Kit School Aged Children,14,100_day_kit
38cb3031-05e0-4921-85fd-19b43f7b2c08,"When language begins to develop, an autistic person may use speech in unusual ways. Some have difficulty combining words into meaningful sentences. They may speak only single words or repeat the same phrase over and over. Some repeat what they hear verbatim. This is called echolalia.",100 Day Tool Kit School Aged Children,14,100_day_kit
2fe6cd1d-4ab0-499b-beb5-6ad8f41a3c81,"SCHOOL AGE CHILDREN 12 Expressive and receptive language Many parents assume that a child who is unable to express language is also unable to understand the language of others. But this is not always the case. It is important to distinguish between expressive language and receptive language. • Expressive language is how a person communicates their feelings, thoughts and needs. Children with difficulties in expressive language are often unable to express what they are thinking through language. •",100 Day Tool Kit School Aged Children,15,100_day_kit
b778f4d6-f7e6-4f3c-a885-9542f16bf097,"Receptive language is how a person understands information. Children with difficulties in receptive language are often unable to understand what others are saying. The fact that your child may seem unable to express themselves through language does not necessarily mean they are unable to comprehend the language of others. Be sure to talk to your doctor or look for signs that your child can interpret language, as this important distinction will affect the way you communicate with them. Pragmatics",100 Day Tool Kit School Aged Children,15,100_day_kit
ce9fcd9b-58a3-4046-a1b7-eb17b6db6eba,"Pragmatics are social rules for using language in a meaningful context or conversation. Examples include taking turns in conversation, changing the way a person talks to different listeners, and using eye contact and gestures when speaking or listening. Challenges in pragmatics are a common feature of spoken language difficulties in children with autism, including in children with no language delays and highly fluent speech. These challenges may become more apparent as your child gets older.",100 Day Tool Kit School Aged Children,15,100_day_kit
8245e8dc-8a44-4c0f-a0e4-f3d50c7c9bd9,"Ordinary conversations Some autistic children exhibit only slight delays in language. They might even develop advanced language with large vocabularies, yet they also may have difficulty sustaining a conversation. Some children and adults with autism may talk for a significant amount of time about a favorite subject, yet may not have the ability or tools they need to manage the “to and fro” of conversation. In other words, the ordinary “give and take” of conversation proves difficult. Some",100 Day Tool Kit School Aged Children,15,100_day_kit
8a6795c4-0531-427a-a1d4-082e89cbd836,autistic children with superior language skills may sound like “little professors” or may not pick up on the “kid-speak” that’s common among their peers.,100 Day Tool Kit School Aged Children,15,100_day_kit
2a07aa3d-a86e-4eab-8ff7-5295221caa8b,"SCHOOL AGE CHILDREN 13 Indirect communication Another common difficulty is interpreting nonverbal communication, such as body language, tone of voice and facial expressions. For example, a person with autism might interpret a sarcastic, “Oh, that’s just great!” as meaning it really is great. Conversely, some autistic individuals may not use typical body language. Facial expressions, movements and gestures may not match what they are saying. Their tone of voice may not reflect their feelings. Some",100 Day Tool Kit School Aged Children,16,100_day_kit
d28069f1-dbd7-47ae-b78e-fe4333442671,"use a high-pitched sing-song or a flat, robot-like voice. This can make it difficult for others to know what they think, feel or need. When attempts to communicate don’t work, it can lead to frustration for the person with autism and could escalate to a behavioral outburst, such as screaming or grabbing. Fortunately, there are proven methods for helping autistic children and adults learn more productive ways to express their needs. Learning and understanding what your child is trying to",100 Day Tool Kit School Aged Children,16,100_day_kit
2efd8146-859d-4408-a3e0-7c669b470077,"communicate in certain circumstances will also help with these behaviors. As an autistic person learns to communicate what they want, feel and think, and you learn to better understand their efforts to communicate, challenging behaviors often subside. Autistic children often have difficulty letting others know what they would like to express until they are taught how to communicate through speech, gestures or other means. Repetitive behaviors Unusual repetitive behaviors and a tendency to engage",100 Day Tool Kit School Aged Children,16,100_day_kit
c700c8e3-8178-44ee-bc61-4df806028e5e,"in a restricted range of activities are other core symptoms of autism. Common repetitive behaviors include: • Arranging and re-arranging objects • Hand-flapping • Jumping and twirling • Repeating sounds, words or phrases • Rocking • Self-stimulating behavior, such as wiggling fingers in front of the eyes Need for sensory stimulation Sometimes the repetitive behavior, such as staring at lights, fans or running water, is related to a need or desire for certain types of sensory stimulation. Under-",100 Day Tool Kit School Aged Children,16,100_day_kit
563f87bb-1d06-4029-afe0-5cdd0c5a65fc,"responsiveness and over-responsiveness to sensory stimulation are another form of repetitive behavior. For example, many children with autism are very sensitive to loud noises or even to noises that don’t seem too loud (over-responsiveness). Or they may not respond as expected to pain when they fall or hurt themselves (under-responsiveness). Restricted range of activities Many autistic children play with toys in a restricted way. For example, some spend hours lining up toys in a specific way",100 Day Tool Kit School Aged Children,16,100_day_kit
085908ad-a5a3-4118-b67b-543e39fbd830,"instead of using them for pretend play. Similarly, some adults can become preoccupied with having household or other objects in a fixed order or place. It may be upsetting to them when something disrupts the order. Many autistic children and adults need and demand consistency in their environment and daily routine. Slight changes can be extremely stressful and lead to anxiety or outbursts.",100 Day Tool Kit School Aged Children,16,100_day_kit
a781cda9-2255-4cb9-a203-3cf15fa6a405,"SCHOOL AGE CHILDREN 14 Extreme interests Repetitive behaviors can also take the form of intense preoccupations or obsessions. These extreme interests might strike others as unusual, such as a fascination with fans, vacuum cleaners or toilets. Some autistic people have a strong depth of knowledge in specific topics. For example, a child or adult may know and share astonishingly detailed information about a favorite cartoon or the subject of astronomy. Older people with autism may develop interest",100 Day Tool Kit School Aged Children,17,100_day_kit
5ea85ad6-f9e1-4bf7-8aef-d4ee7e977d3f,"in numbers, symbols, dates or science topics. For some, these interests can be viewed as a strength and used in different ways as the child ages, including in potential employment opportunities.",100 Day Tool Kit School Aged Children,17,100_day_kit
a4dd5487-034c-4a1c-abce-c61c9daa4239,"SCHOOL AGE CHILDREN 15 Theory of Mind People with autism can encounter difficulty recognizing and processing the feelings of others, which is sometimes referred to as “mind-blindness.” It can be difficult for them to understand that others may have different feelings from their own. In the book Asperger Syndrome and Difficult Moments by Brenda Smith Myles and Jack Southwick, the authors illustrate social deficits caused by theory of mind: • Difficulty explaining one’s behaviors • Difficulty",100 Day Tool Kit School Aged Children,18,100_day_kit
f2f4238e-ca7d-40dd-aa0f-5eddadffa007,"understanding emotions • Difficulty predicting the behavior or emotional state of others • Problems understanding the perspective of others • Problems inferring the intentions of others • Lack of understanding that behavior impacts how others think and/or feel • Problems with joint attention and other social conventions • Problems differentiating fiction from fact As a result of these challenges, autistic people may not realize if another person’s behaviors are intentional or unintentional. This",100 Day Tool Kit School Aged Children,18,100_day_kit
35456264-c8aa-4df3-ae64-fdbb7e619b8c,"often leads others to believe that the person with autism does not have empathy or understand them, which can create great difficulty in social situations. Helping a person with autism learn to better under- stand feelings, as well as reasons for certain behaviors can improve these challenges. Executive Functioning and Theory of Mind People with autism may have difficulty processing large amounts of information and relating to others. Two core terms relating to these challenges are executive",100 Day Tool Kit School Aged Children,18,100_day_kit
4768474e-a01a-4b2b-9997-5c10169c087f,"functioning and theory of mind. Both of these issues can impact their behavior. Executive functioning refers to a person’s ability to process information. Theory of mind refers to a person’s ability to under- stand and identify the thoughts, feelings and intentions of others. Executive Functioning Difficulties in the area of executive functioning can manifest themselves in many different ways, such as: • Challenges with complex thinking that requires holding more than one train of thought at the",100 Day Tool Kit School Aged Children,18,100_day_kit
3db9138d-7a85-4f3f-9ee8-e3d52296b80b,same time • Difficulty seeing how minor details fit into a bigger picture • Difficulty maintaining attention or organizing thoughts and actions • Poor impulse control • Inability to use skills related to self-regulation • Difficulty inhibiting inappropriate responses Temple Grandin once said: “I cannot hold one piece of information in my mind while I manipulate the next step in the sequence.”,100 Day Tool Kit School Aged Children,18,100_day_kit
5c255759-019e-4f8c-b6dc-fde704d72795,"SCHOOL AGE CHILDREN 16 Strengths and Challenges Created by Stephen Shore, Ed.D. Adelphi University Professor, Autism Speaks Board Member, Self-Advocate It is important to note that this is a general list. For every strength and challenge, you will often find examples in people that prove the opposite. For example, clumsiness is a common challenge. However, some with autism have significant strengths in movement and balance, perhaps as a dancer. Strengths: • Attention to detail • Often highly",100 Day Tool Kit School Aged Children,19,100_day_kit
645d1fc0-0bb9-4a46-8492-308f2c68575b,"skilled in a particular area • Deep study resulting in encyclopedic knowledge on areas of interest • Tendency to be logical (helpful in decision-making where emotions may interfere) • Less concern for what others may think of them (can be a strength and a challenge), also known as independent thinking. Often results in novel “big picture” insights due to different ways of looking at things, ideas, and concepts. • Visual processing (thinking in pictures or video) • Average to above average",100 Day Tool Kit School Aged Children,19,100_day_kit
23a703fd-e130-4671-9731-2c0c6fde41f4,"intelligence • Often very verbal (propensity of giving detailed descriptions may be useful in providing directions to lost persons) • Direct communication • Loyalty • Honesty • Nonjudgmental listening Challenges • Grasping the “big” picture • Uneven set of skills • Difficulty developing motivation to study areas not of interest • Difficulty perceiving emotional states of others • Difficulty perceiving unwritten rules of social interaction, but can learn these rules through direct instruction and",100 Day Tool Kit School Aged Children,19,100_day_kit
61f17c21-0c9d-4198-bee7-9e03d6dd7fb0,"social narratives • Difficulty processing in non-favorite modalities such as aural, kinesthetic, etc. • Difficulty parsing out and summarizing important information for a conversation • Sensory integration problems where input may register unevenly, distorted and difficulty in screening out background noise • Generalization of skills and concepts • Difficulty expressing empathy in ways that others expect or understand • Executive functioning resulting in difficulties planning long-term tasks",100 Day Tool Kit School Aged Children,19,100_day_kit
0466c436-0d54-4fca-8ef9-1962656cc2d0,"SCHOOL AGE CHILDREN 17 Others include petit mal (or absence) seizures, which may look like a vacant stare, typically for up to 15 seconds. Subclinical seizures are so subtle that they may only show up in an electroencephalogram (EEG). It is not clear whether subclinical seizures have effects on language, understanding and behavior. Seizures associated with autism usually start early in childhood, or during adolescence, but they may occur at any time. If you are concerned that your child may be",100 Day Tool Kit School Aged Children,20,100_day_kit
00a5978e-e3af-42b0-bf09-9afddc86f42b,"having seizures, tell your child’s health care provider. They may order tests that may include an EEG, a Magnetic Resonance Imaging (MRI) scan, Computed Axial Tomography (CAT) scan and a Complete Blood Count (CBC). Children and adults with epilepsy are often treated with anticonvulsants or seizure medicines to reduce or eliminate seizures. If your child has epilepsy, work closely with a neurologist to find the medicine or combination of medicines that works best for your child with the fewest",100 Day Tool Kit School Aged Children,20,100_day_kit
bd36f502-303e-4c8a-b34f-4358be1d23af,"side effects. You can also learn the best ways to ensure your child’s safety during a seizure. Genetic disorders Some children with autism have an identifiable genetic condition that affects brain development. These genetic disorders include: • Fragile X syndrome • Angelman syndrome • Tuberous sclerosis • Chromosome 15 duplication syndrome • Other single-gene and chromosomal disorders While further study is needed, single-gene disorders appear to affect 15 to 20 percent of those with ASD. Some of",100 Day Tool Kit School Aged Children,20,100_day_kit
e3eda9e8-be98-4683-a9ee-9617d7aef5b7,"these syndromes have characteristic features or family histories. Experts recommend that all people with an autism diagnosis get genetic testing to find these genetic changes. It may prompt your doctor to refer your child to a geneticist or neurologist for further testing. The results can help guide treatment, awareness of associated medical issues and life planning. Physical and medical issues that may accompany autism A range of physical and mental health conditions frequently accompany autism.",100 Day Tool Kit School Aged Children,20,100_day_kit
33a37cfd-c151-4a64-b70c-dc7c52834bd3,"It is helpful to learn more about these issues so that you can learn to read the signs. Oftentimes, caregivers and professionals might automatically attribute certain challenges to the autism diagnosis, when the child or adult may actually have another treatable condition that is causing the difficulties. It is also important to remember that though these issues are more common among autistic people, not all children and adults diagnosed with ASD will have another diagnosis. These issues, often",100 Day Tool Kit School Aged Children,20,100_day_kit
68b71084-86ef-43ab-8836-b798aca321fb,"called comorbid conditions, include, but are not limited to: Seizure disorder Seizure disorder, also called epilepsy, occurs in as many as a third of individuals with autism. Epilepsy is a brain disorder marked by recurring seizures or convulsions. Experts propose that some of the brain abnormalities that are associated with autism may contribute to seizures. These abnormalities can cause changes in brain activity by disrupting neurons in the brain. Neurons are cells in the brain that process and",100 Day Tool Kit School Aged Children,20,100_day_kit
d74f8191-260b-45bb-a255-2b0394d3203c,"transmit information and send signals to the rest of the body. Overloads or disturbances in the activity of these neurons can result in imbalances that cause seizures. Epilepsy is more common in children who have cognitive deficits. Some researchers have suggested that seizure disorder is more common when the child has shown a regression or loss of skills. There are different types and subtypes of seizures, and a child with autism may have more than one type. The easiest to recognize are large",100 Day Tool Kit School Aged Children,20,100_day_kit
c0cb5642-51f4-44d3-a5b7-73d505f4b18f,grand mal (or tonic- clonic) seizures. People with these seizures have stiffening and spasming of muscles and typically lose consciousness.,100 Day Tool Kit School Aged Children,20,100_day_kit
0bc06ddb-3cf6-4443-8525-8a91c4b4ac02,"SCHOOL AGE CHILDREN 18 Gastrointestinal disorders Many parents report gastrointestinal (GI) problems in their children with autism. Surveys have suggested that between 46 and 85 percent of children with autism have problems such as chronic constipation or diarrhea. One study found 70 percent of children with autism had a history of gastrointestinal symptoms, such as: • Abnormal pattern of bowel movements • Frequent constipation • Frequent vomiting • Frequent abdominal pain The exact prevalence of",100 Day Tool Kit School Aged Children,21,100_day_kit
e22d03d9-a512-499d-958b-a23f2bb234cd,"GI problems, such as gastritis, chronic constipation, colitis and esophagitis, in people with autism is unknown. If your child has GI symptoms, talk with their health care provider. They may want to consult a gastroenterologist, ideally one who works with people with autism. Pain caused by GI issues is sometimes recognized because of a change in a child’s behavior, such as an increase in self-soothing behaviors like rocking or outbursts of aggression or self-injury. Bear in mind that your child",100 Day Tool Kit School Aged Children,21,100_day_kit
8ccee8bd-b583-495e-8206-425d79f7b5bb,"may not have the language skills to communicate the pain caused by GI issues. Treating GI problems and relieving that discomfort may reduce the frequency or intensity of behavioral challenges. Some evidence suggests that children may be helped by dietary intervention for GI issues, including the elimination of dairy- and gluten-containing foods. Ask your child’s health care provider to develop a comprehensive treatment plan for your child. In January 2010, Autism Speaks initiated a campaign to",100 Day Tool Kit School Aged Children,21,100_day_kit
2963ed5d-96fd-47cf-afba-bc9fc1277a3a,"inform pediatricians about the diagnosis and treatment of GI problems associated with autism. Sleep problems Sleep problems are common in children and adolescents with autism. Sleep problems can affect the whole family’s health and well-being. They can also have an impact on the benefits of therapy for your child. Sleep problems may be caused by medical issues, such as obstructive sleep apnea or gastroesophageal reflux. Addressing the medical issues may solve the problem. When there’s no medical",100 Day Tool Kit School Aged Children,21,100_day_kit
42ee4f5a-fc9b-4e85-9be1-702e21cc3887,"cause, sleep issues may be managed with behavioral interventions. These include sleep-hygiene measures, such as limiting sleep during the day and establishing regular bedtime routines. If sleep habits don’t improve, cognitive behavioral therapy is a type of therapy that can help problem- solve sleep issues. If additional help is needed, a pharmaceutical-grade melatonin supplement has also been shown to be effective and safe in children in the short-term, for up to three months. Don’t give your",100 Day Tool Kit School Aged Children,21,100_day_kit
c1dfafe1-e244-4aeb-b2d9-503b847606a4,"child melatonin or other sleep aids without talking to your child’s health care provider. For additional information on sleep issues, visit autismspeaks.org/sleep. Sensory processing disorder Many autistic children have unusual responses to sensory stimuli and process sensory input differently than non-autistic people. This means that while information is sensed normally, it may be perceived much differently. Sensory systems that can be affected include: • Vision • Hearing • Touch • Smell • Taste",100 Day Tool Kit School Aged Children,21,100_day_kit
b8a5879f-fa0a-47ce-934f-32f4291e4bfa,• Sense of movement (vestibular system) • Sense of position (proprioception and interoception),100 Day Tool Kit School Aged Children,21,100_day_kit
61df0606-b7c1-4226-9f61-ce84b69cd7f9,"SCHOOL AGE CHILDREN 19 Mental and behavioral health disorders Some children diagnosed with ASD will receive an additional mental health-related diagnosis, such as attention deficit hyperactivity disorder (ADHD) or anxiety disorder. Studies suggest that 20 percent of autistic children also have ADHD, and 30 percent struggle with an anxiety disorder, including: • Social phobia (also called social anxiety disorder): characterized by an intense, persistent fear of being watched and judged by others •",100 Day Tool Kit School Aged Children,22,100_day_kit
aaf285d1-40d0-4e0f-bc0f-4af0b6413ded,"Separation anxiety: characterized by an extreme fear of being separated from a specific person, such as a parent or teacher • Panic disorder: characterized by spontaneous seemingly out-of-the-blue panic attacks, which create a preoccupation with the fear of a recurring attack • Specific phobias: characterized by excessive and unreasonable fears in the presence of or in anticipation of a specific object, place or situation Symptoms of ADHD include ongoing problems with: • Inattention • Impulsivity",100 Day Tool Kit School Aged Children,22,100_day_kit
49991fda-d7fa-4a39-bb9a-b56f20b74237,"• Hyperactivity However, these symptoms also can result from autism. For this reason, evaluation for ADHD and anxiety should be done by someone with expertise in both disorders. One study found that just 1 in 10 children with autism and ADHD were receiving medicine to relieve the ADHD symptoms. Children with autism express anxiety or nervousness in many of the same ways as typically developing children. But they may have trouble communicating how they feel. Outward signs may be the best clues. In",100 Day Tool Kit School Aged Children,22,100_day_kit
d53159a8-1f4f-4313-bb8d-a15d3a9d41d0,"fact, some experts suspect that signs of anxiety, such as sweating and acting out, may be especially prominent among those with ASD. Symptoms can include a racing heart, muscular tension and stomach aches. It is important for your child to be evaluated by a professional who has expertise in both autism and anxiety to provide the best treatment options for your child. Sensory Processing Disorder (SPD), formerly referred to as Sensory Integration Dysfunction (SID), is when sensations that feel",100 Day Tool Kit School Aged Children,22,100_day_kit
9e7466be-e261-4e85-a960-48ba88e6c5d1,"normal to others are experienced as painful, unpleasant or confusing. Although SPD is not currently recognized as a distinct medical diagnosis, it is a term commonly used to describe a set of symptoms that can involve hypersensitivity (a tendency, outside the norm, to react negatively or with alarm to sensory input which is generally considered harmless or non- irritating to others. Also called sensory defensiveness.) or hyposensitivity (lack of a behavioral response, or insufficient intensity of",100 Day Tool Kit School Aged Children,22,100_day_kit
d1f061b0-bb00-4913-a190-f190cadd91ea,"response, to sensory stimuli considered harmful and irritating to others). An example of hypersensitivity is an inability to tolerate wearing clothing, being touched or being in a room with normal lighting. Hyposensitivity may be apparent in a child’s increased tolerance for pain or a constant need for sensory stimulation. Treatment for SPD is usually addressed with occupational therapy and/or sensory integration therapy. Sensory integration therapy helps people with SPD by exposing them to",100 Day Tool Kit School Aged Children,22,100_day_kit
37cc7f5b-b989-4861-b16d-d780d635dea7,"sensory stimulation in structured, repetitive ways so they can learn to respond in new ways. SI therapy is most often play-based and is provided by an occupational therapist. Pica Pica is an eating disorder involving eating things that are not food. Children between 18 and 24 months of age often eat non-food items, and this is typically a normal part of development. Some children with autism and other developmental disabilities beyond this age continue to eat non-food items, such as dirt, clay,",100 Day Tool Kit School Aged Children,22,100_day_kit
fd2cda39-0c3d-475e-bd20-a87b13be14a7,"chalk and paint chips. Children with signs of persistent mouthing of fingers or objects, including toys, should be tested for elevated blood levels of lead, especially if there is a known potential for environmental exposure to lead. If you’re worried about pica, contact your child’s health care provider. They can help you assess if your child needs a behavioral intervention or if it is something you can manage at home. Download the Pica Guide for Parents at",100 Day Tool Kit School Aged Children,22,100_day_kit
d7f88263-9293-45ed-be56-fa7acf25d38b,autismspeaks.org/tool-kit/atnair-p-pica-guide-parents.,100 Day Tool Kit School Aged Children,22,100_day_kit
4b94684e-9317-4464-9b15-181fef83bd57,"SCHOOL AGE CHILDREN
20
•   Reacting to the diagnosis
•   Caring for the caregiver
•   Supporting your other children
•   Fifteen tips for families 
Section 4
How do I respond to 
this diagnosis?",100 Day Tool Kit School Aged Children,23,100_day_kit
8bd7327c-cbe4-4f57-bead-41c11d04059a,"SCHOOL AGE CHILDREN 21 Even before an evaluation, some parents have a feeling that their child has autism. Other parents have no idea, and the diagnosis can be very unexpected. Either way when your child is diagnosed you may feel a range of emotions. For example you may feel: • Overwhelmed • Relieved • Anxious • Sad • Unsure All of your feelings are valid. Give yourself time to process your feelings. Getting therapy and finding a support network can help you work through your emotions. At the",100 Day Tool Kit School Aged Children,24,100_day_kit
ae32e445-5d6f-435b-93d0-12d66af6f1f8,"same time, remember that you have the same unique child you did before the diagnosis. You just have more information about the way your child thinks, processes and experiences the world. Just because your child can or cannot do certain things right now does not mean they never will. Autistic people follow their own path and reach milestones at their own pace. The best thing you can do is continue loving and supporting your child, meeting them where they are, and finding the therapies and supports",100 Day Tool Kit School Aged Children,24,100_day_kit
3936cd9d-8e01-4fff-8f2e-4f2aa5d5da62,"that will enable them to learn and grow. Reacting to the diagnosis No matter how you may feel about the diagnosis, concerns that many parents share are similar: • Worrying about your child’s future • Not knowing what to expect • Feeling like you don’t know how to help Your child needs you. You are the best person to provide them with the help, support and love they need. You don’t have to know everything about autism to be the person who knows your child best. Even if you don’t feel qualified, or",100 Day Tool Kit School Aged Children,24,100_day_kit
a15b7f3a-addf-4b7c-a42c-e798f27f3345,"you know nothing about autism, you can do this. It won’t always be easy, but there is a whole community of parents and people with autism who have walked this path. If you find that sadness is interfering with your daily life or you have other symptoms of depression, consult your healthcare provider who can recommend treatment. These symptoms might include: • Weight loss or gain • Social withdrawal • Sleep difficulties • Low self-esteem • Loss of interest in daily activities While emotions vary",100 Day Tool Kit School Aged Children,24,100_day_kit
a3993c2d-0bea-42b0-8d3f-0c290a61b250,"across parents and family members, some might experience sadness at first. The time after an autism diagnosis can be challenging for all families. Autism is a complex disorder. It may not only change the way that you look at your child, it may change the way you look at the world. Accepting the diagnosis simply means that you are ready to advocate for your child. Parents, siblings and other family members may each react to the diagnosis in different ways and at different rates. Give yourself time",100 Day Tool Kit School Aged Children,24,100_day_kit
bb7bbd35-bc9d-4e60-9857-1f11d22b4fe9,to adjust. Be patient. It will take some time to understand your child’s autism and how you can best support them.,100 Day Tool Kit School Aged Children,24,100_day_kit
3f50b69d-0ab1-41ac-bb7b-a63c517afc40,"SCHOOL AGE CHILDREN 22 Strategies for support As you move forward with your child and your family as a whole, the staff at the Mayo Clinic has come up with the following advice to help you on your journey: Learn about the disorder. Just 15 years ago, many pediatricians hadn’t heard of autism. Now, there are numerous books and websites dedicated to the disorder. Do some research so that you better understand your child’s challenges and the range of services in your school district and state that",100 Day Tool Kit School Aged Children,25,100_day_kit
4d1e741c-3312-40cc-8e11-9418952c4c7f,"may help. Learn about your child. The signs and symptoms of autism vary for each child, and young children have a hard time explaining their behaviors and challenges. But, with time and patience, you’ll learn which situations and environments may cause problems for your child and which coping strategies work. Keeping a diary and looking for patterns may help. Find a team of trusted professionals. You’ll need to make important decisions about your child’s education and treatment. Find a team of",100 Day Tool Kit School Aged Children,25,100_day_kit
1155cf76-77d5-4c9a-a3a9-876bd3edda3a,"teachers and therapists who can help evaluate the options in your area and explain the federal regulations regarding children with disabilities. Help others help your child. Most children with autism have no visible sign of disability, so you may need to alert coaches, relatives and other adults to your child’s special needs. Otherwise, a well- meaning coach may spend time lecturing your child on “looking at him while he’s talking” – something that can be very difficult for a child with autism.",100 Day Tool Kit School Aged Children,25,100_day_kit
371b9460-e3b2-4757-b334-a092454c2ebf,"Help your child turn his or her obsession into a passion. The tendency to fixate on a particular narrow topic is one of the hallmarks of autism and it can be annoying to those who must listen to incessant talk about the topic every day. But a consuming interest can also connect a child with autism to schoolwork and social activities. In some cases, kids with autism can even turn their childhood fascination into a career or profession.",100 Day Tool Kit School Aged Children,25,100_day_kit
b7db9165-bc7e-4f01-9e4e-3c09ff447414,"SCHOOL AGE CHILDREN 23 Stages of autism Dr. Stephen Shore, a professor of special education and Autism Speaks board member on the autism spectrum, talks about four stages of autism that lead toward meaningful and rewarding lives for individuals with autism. Every stage involves multiple steps, and everyone advances at their own pace. Stage 1. Awareness You’re already in this stage as you’re reading this tool kit and becoming aware of your child’s diagnosis. For many years, advocacy groups have",100 Day Tool Kit School Aged Children,26,100_day_kit
904dd9d8-4f77-4025-af64-2f929756d9a5,"made big pushes for autism awareness. More than a decade later, many groups have felt they successfully achieved this stage by promoting awareness in many ways. By increasing awareness of autism spectrum disorder and the many different manifestations of this condition, there have been more conversations on the subject. This awareness has resulted in many autism diagnoses for those who were under diagnosed or even misdiagnosed over the years. Stage 2. Acceptance Many organizations also strive to",100 Day Tool Kit School Aged Children,26,100_day_kit
2c20c07a-a022-4e94-8690-7dc3f70d232b,"promote autism acceptance. This involves caring for autistic individuals in all their strengths and challenges and not trying to make a person into someone they are not. Acceptance also involves a respect for the differences that autism brings into the lives of everyone involved, as well as the full spectrum of autism. An important aspect of this stage is working with the characteristics of the autistic person rather than against. Stage 3. Appreciation When working on appreciation, we can look at",100 Day Tool Kit School Aged Children,26,100_day_kit
65937957-5627-4d05-b710-cf117a318447,"the gifts of those on the spectrum and moments others may never understand the significance of. How many people really take the time to cherish every day, appreciate our support networks, and look at our own resilience and the value of how far we have come? Our children with autism one day may go on to college, live by themselves or find their dream job after years of hard work and support. These are moments we appreciate more than others may ever understand. Autistic people are valued for who we",100 Day Tool Kit School Aged Children,26,100_day_kit
06b0d731-1d91-4744-a79b-e0dc876137b1,"are and the contributions we make to society. Stage 4. Action This stage glues together the work done in the previous three, where we actively work with a person’s strengths and interests to help them live a life they want to have. Everyone has different goals in life, and a child’s goals may change as they grow up. Let’s put those skills and supports to use as we take action to help promote self-determination, self- advocacy, as well as making fulfilling and productive lives for autistic",100 Day Tool Kit School Aged Children,26,100_day_kit
57f26a9e-3f86-48c8-9bc5-4699c211c142,individuals the rule rather than the exception.,100 Day Tool Kit School Aged Children,26,100_day_kit
f89cfde9-f5a4-4b2f-8800-2f8287cc11bb,"SCHOOL AGE CHILDREN 24 Caring for the caregiver Providing care and support for an autistic child can require a lot of time and effort, but it can also be incredibly rewarding. To make it happen, though, you need to take care of yourself. Take a moment to ask yourself: • Where does my support and strength come from? • How am I really doing? • Do I need to cry? Complain? Scream? • Would I like some help but don’t know who to ask? If you want to take the best possible care of your child, first take",100 Day Tool Kit School Aged Children,27,100_day_kit
cfbb9f2d-6ca5-4dac-aba1-651a49888248,"care of yourself. Parents often fail to evaluate their own sources of strength and emotions. You may be so busy meeting the needs of your child that you don’t allow yourself time to relax, cry or simply think. You may wait until you are so exhausted or stressed out that you can barely carry on before you consider your own needs. Reaching this point is not helping you or your family. You may feel that your child needs you right now, more than ever. Your to-do list may seem endless. You may feel",100 Day Tool Kit School Aged Children,27,100_day_kit
88238af9-0717-4864-a7c8-75f1787b022c,"completely overwhelmed and not know where to start. There may never be a convenient time to care for yourself, but it is essential to build self-care into your everyday life – even if it is just five or 10 minutes at a time. Each family is unique and deals with stressful situations differently. It is important to find the people, activities and routines that work best for you. Getting your child started in treatment can help you feel better. Acknowledging the emotional impact of autism and taking",100 Day Tool Kit School Aged Children,27,100_day_kit
f637fbed-ebf8-44dc-9685-7168afea713d,"care of yourself during this time can help prepare you for the road ahead. Maintaining open and honest communication with your partner and family, as well as discussing your concerns, can help you to deal with the many changes in your life. As some parents may tell you, you may be a better person for it. The love and hope that you have for your child is probably stronger than you realize. Here are some tips from parents who have experienced these first days of understanding the diagnosis. Get",100 Day Tool Kit School Aged Children,27,100_day_kit
4b79a553-d90b-4f83-897d-8e99f6d9e9d4,"going. Get your child started in therapies and activities. There are many details for you to manage in an intensive treatment program, especially if it is based in your home. If you know your child is engaged in meaningful activities, you can better focus on moving forward. It may also free up time to educate yourself, advocate for your child and take care of yourself. Getting started with therapies and interventions can help to build a team of people who care for your child and want to see them",100 Day Tool Kit School Aged Children,27,100_day_kit
c922f06f-8988-4da6-9830-8bfee9510ffb,"succeed. Ask for help. Asking for help can be hard, especially at first. Don’t hesitate to use whatever support is available to you. People around you may want to help but may not know how. Is there someone who can: • Take your other kids somewhere for an afternoon? • Cook dinner for your family one night so that you can spend the time learning? • Pick a few things up for you at the store or do a load of laundry? • Let other people know you are going through a transitional time and could use a",100 Day Tool Kit School Aged Children,27,100_day_kit
c149cb88-f68d-4591-92f3-cd9ed6126747,"hand? Talk to someone. Everyone needs someone to talk to. Tell someone what you are going through and how you feel. Someone who just listens can be a great source of strength. If you can’t get out of the house, call someone. Many parents find online groups and communities helpful. You may also want to consider seeking professional help. Consider joining a support group. It may be helpful to listen or talk to people who have been or are going through a similar experience. Support groups can be",100 Day Tool Kit School Aged Children,27,100_day_kit
dc4f43f0-a273-4226-b64a-84481ba50cba,"great sources of information about services and providers available in your area. You may have to try more than one to find a group that feels right to you. For many parents like you, support groups offer hope, comfort and encouragement. You may also want to consider getting your child involved in local recreational programs for children with autism. This may be a good way to meet other parents like you.",100 Day Tool Kit School Aged Children,27,100_day_kit
32211299-9982-4062-9a61-ca7227b9e2d3,"SCHOOL AGE CHILDREN 25 Disclosure Explaining the diagnosis to your child According to experts, it is essential for parents to explain the diagnosis to their children. Oftentimes, this can help put children on a path to self-acceptance and can allow them the time to understand and ask questions. With no knowledge of their diagnosis, children with autism can often compare themselves to others and come to unfounded conclusions about themselves and their own well-being. Children younger than 8 years",100 Day Tool Kit School Aged Children,28,100_day_kit
261394f6-d2b2-4a6b-83e7-fa727de71d2c,"old often do not think they are different from their peers, so the bigger picture of a developmental disorder may be too complex for them to understand. When talking to your child, remember to use age-appropriate words and to think about it from their perspective, in order to improve the communication between the two of you. It can help to talk to your child about being an individual and explain that differences exist between all people. Using play, and sometimes books, can also help children",100 Day Tool Kit School Aged Children,28,100_day_kit
8538d88e-a798-40ad-a05d-17fca7d2f6db,"with autism to better understand themselves and their diagnosis. Be sure to emphasize your child’s strengths as well as their areas of challenge. It is helpful to point out that everyone has areas of strength and weakness. One way to find support groups is through the local Special Education Parent Teacher Association (SEPTA) in your school district or online through the Autism Speaks Facebook page at facebook.com/autismspeaks. Take a break. If you can, take some time away, even if it is only a",100 Day Tool Kit School Aged Children,28,100_day_kit
e6bf5096-ac7b-4055-ba98-29da76b2d737,"few minutes to take a walk. Getting out to a movie, going shopping or visiting a friend can make a world of difference. If you feel guilty about taking a break, try to remind yourself that this break can help you feel renewed for things you need to do when you get back. Also, try to get some rest. If you are getting regular sleep, you are better prepared to make good decisions, be more patient with your child and manage stress. Keep a journal. Some parents find a journal to be a helpful tool for",100 Day Tool Kit School Aged Children,28,100_day_kit
58f2fb29-3aa0-4a05-aed3-96d7e85a0610,"keeping track of their child’s progress, including what is working and what isn’t. It can help to keep a journal of how you are feeling as well. Trust your gut as a parent. There are many paths to take, treatment options and opinions. You know your child best. Work with the people in your child’s life to find what works best for your child and your family. Learn more. The internet can be an important tool for learning about autism and how to help your child. Unfortunately, there is more",100 Day Tool Kit School Aged Children,28,100_day_kit
3454d23d-39f1-4a08-9c8d-0a579ed5326b,"information on the web than you may have time to read. And there may be a lot of misinformation. As you’re looking for resources, ask yourself these questions: • Is what I’m reading right now relevant to my child? • Is it new information? • Is it helpful? • Is it from a reliable source? • Is it evidence-based? Share this kit with family members and close friends. Download the kit at autismspeaks.org/tool-kit/100-day- kit-school-age-children. We also offer tool kits for specific people in your",100 Day Tool Kit School Aged Children,28,100_day_kit
bc5a21d9-31a7-4eab-bdc0-41be6b3c275c,"life. Visit: autismspeaks.org/tool-kit for resources for parents, siblings, grandparents and friends.",100 Day Tool Kit School Aged Children,28,100_day_kit
53634472-54fa-456d-9624-b6541748ceda,"SCHOOL AGE CHILDREN 26 Telling Your Child In the piece below, clinical psychologist Lauren Elder, Ph.D., shares suggestions for how to tell your child about their diagnosis. Sharing your child’s diagnosis with him is a difficult situation shared by many parents. Children need to understand what’s going on, but the discussion needs to be appropriate for their age and level of development. Your openness will help your child feel comfortable coming to you with questions. I recommend a series of",100 Day Tool Kit School Aged Children,29,100_day_kit
a16d8bff-53cd-4bfe-8faf-cda8fe6f730d,"ongoing conversations rather than a one-time discussion. Here are some tips for starting the conversation and preparing some answers for questions that your son may ask: Explain autism in terms of your child’s strengths and weaknesses. You may want to focus on what he’s good at, and then discuss what’s difficult for him. You can explain that his diagnostic evaluation provided important information on how to use his strengths to meet his challenges. Focus on how everyone has strengths as well as",100 Day Tool Kit School Aged Children,29,100_day_kit
da2db722-0edf-400e-a856-14af57720b17,"weaknesses. Give some examples for yourself, his siblings and other people he knows. Provide basic information about autism. Depending on your child’s maturity and under- standing, you may want to continue by talking about what autism means. You want to give your child a positive but realistic picture. It may help your child to hear that autism is common and that there are many children like them. This can open a discussion about the strengths and challenges that many children with autism share.",100 Day Tool Kit School Aged Children,29,100_day_kit
0cab61b3-8ee3-4e70-bb0c-943e159b71ad,"You might likewise discuss how individuals with autism tend to differ from other children. For instance, you might explain that many children with autism are very good at remembering things. Some excel at building things or at math. Also explain that many children with autism have difficulty making friends and communicating with other people. Don’t make everything about autism. It’s important to emphasize that your son’s autism- related strengths and challenges are just part of who he is and why",100 Day Tool Kit School Aged Children,29,100_day_kit
23be6b57-bee6-45af-af69-120ee580d4c8,"you love him. Be sure to point out some of those special qualities that have nothing to do with his autism. This will help your child under- stand that autism is something that he has, not the sum total of who he is. Assure your child of support. Explain to your son why he’s receiving the services he’s getting. For instance, you could tell him that he sees a speech therapist to help him communicate more clearly, or that he’s seeing a behavioral therapist to improve how he makes friends. Help him",100 Day Tool Kit School Aged Children,29,100_day_kit
f403f446-4e3e-416e-a4cb-3c649cb28e6a,"under- stand how you, his therapists and his teachers all want to help him. You can point out that we all need some help to become the best we can be. Some children need extra help learning to read. Some get very sad and need help in that department, etc. Expect to repeat these conversations! All children – and especially those with autism – need to hear some information multiple times. This doesn’t mean he doesn’t understand. what you’ve told him. Rather, revisiting these topics can be an",100 Day Tool Kit School Aged Children,29,100_day_kit
d17bc991-c183-462a-9dbe-f9f2867cfe60,"important part of his processing the information. Find role models and peers. It’s important for children with autism to spend time with typically developing peers. However, for children your son’s age and older, it can be a wonderful experience to spend time with other children on the autism spectrum. Consider enrolling your son in a play group or social skills group specifically for children with autism. Your child should be the one to decide if they want their diagnosis disclosed and how. If",100 Day Tool Kit School Aged Children,29,100_day_kit
c2368088-ee1f-4151-bc2b-95989c76eeb3,"as a family you do choose to share with others, be sure your child is part of the process.",100 Day Tool Kit School Aged Children,29,100_day_kit
5a3f0fba-a9ac-43da-beec-093971fe064f,SCHOOL AGE CHILDREN 27 Telling peers Talking with peers and other students is crucial to helping an autistic child become more comfortable in school or social settings. It is important to involve your child in these discussions to the greatest extent possible. Making peers aware of your child’s autism and helping them understand the reasons behind their sometimes different behavior will increase acceptance and limit bullying. It is important to explain autism to children in a way that will help,100 Day Tool Kit School Aged Children,30,100_day_kit
94818643-88de-4d70-a693-9ee41d473d57,"them understand their friend or classmate to the best extent possible. For example, talk about the fact that many of us have challenges. While one classmate might be unable to see and might need glasses as a result, this other child has trouble in social situations and needs support as a result. It may help to identify one or two peers who can serve as “buddies” to help your child feel more comfortable in school. Stephen Shore developed a four-step process for disclosing autism, which he has",100 Day Tool Kit School Aged Children,30,100_day_kit
a33dfa33-f8d8-4a95-973f-724cadede007,"found effective in a number of settings. In essence, it’s a tool for placing a child’s autism in context and helping others to under- stand that autism is not a “handicap,” but rather a collection of strengths and challenges. Through accommodations and support, people with autism can not only succeed but can thrive. Four Step Process for Disclosing Autism by Stephen Shore, Ed.D. Start by delineating your child’s strengths and challenges. Use the word “challenges” instead of “weaknesses” because",100 Day Tool Kit School Aged Children,30,100_day_kit
2fd2b4d8-4cc4-4577-b5cd-07dc5a36fe18,"you can address challenges. If Joe’s been in class for a little while, a parent might say “Joey is very good at following the rules. When there’s a change in the schedule, though, you’ll see Joey get a little anxious.” Try to find a strength that your child uses to accommodate for a challenge. For example, during lecture parts of class, your child might use a computer to take notes. A parent might say “Joey finds that writing by hand is very tough, so this is how he takes notes.” Talk about other",100 Day Tool Kit School Aged Children,30,100_day_kit
a6d32b47-0e2c-4d40-99ea-0aedd5b1e2bc,"people’s characteristics to place your child in a broader context. A parent might say, “Joey has these strengths; other people have other strengths. We all try to build on our strengths to lead to productive lives.” Lastly, bring out the label. Explain that autism is a set of traits, strengths and challenges, and that doctors and scientists have identified these characteristics as autism.",100 Day Tool Kit School Aged Children,30,100_day_kit
84ad3b5b-846e-4f4c-b8ac-bad0a2daefc5,"SCHOOL AGE CHILDREN 28 You should, you know. Tell people. You don’t have to walk up to strangers on the street or anything, but confide in the people who love you. That was one thing we did right: we told our families and our friends right away. First, we called them, and then we copied a good comprehensive article someone wrote about autism and annotated it with specifics about Andrew, and we mailed it out to everyone we knew. (You could do the same things with sections from this book, by the",100 Day Tool Kit School Aged Children,31,100_day_kit
692ee78a-8ed6-4767-a17c-4e04dc9bf9c9,"way.) None of our good friends pulled away from us because our kid had autism. Just the opposite – our friends and families rallied around us in amazing ways and have continued to cheer Andrew’s progress on year after year. In all honesty, telling people what we were going through only made our lives easier. Telling Others From Overcoming Autism by Lynn Kern Koegel, Ph.D. and Claire LaZebnik, 2014. Before then, we worried that Andrew’s occasionally aberrant behavior was off-putting. But once he",100 Day Tool Kit School Aged Children,31,100_day_kit
4570e9d8-0c72-41fd-8ce1-f168b3ad4020,"had a formal diagnosis, everyone cut us a lot of slack, and instead of wondering what the hell was wrong with us as parents, most people we knew admitted to a newfound respect for us for dealing with so much. Real friends don’t love you more for being successful or less for having problems. If anything, it works the opposite way – we’re all so busy that sometimes we forget to stay in touch with friends when everything’s fine for them, but we rush forward when they need us. Now is the time to take",100 Day Tool Kit School Aged Children,31,100_day_kit
f79a47c1-b86f-487f-afdd-18aff07d1595,"advantage of that. Talk your friends’ ears off, complain and moan to them. You’re dealing with a huge challenge; take advantage of every plus it has to offer.",100 Day Tool Kit School Aged Children,31,100_day_kit
41ae66fe-7152-4bca-a20e-576c77f02a3f,"SCHOOL AGE CHILDREN 29 Supporting your other children As the parent of a child with autism, it may seem like there is never enough time to do everything that needs to be done. So much focus and attention is placed on the child with autism, that it is common for parents to have less time and energy left to focus on their other children. Brothers and sisters of children with autism frequently face their own challenges. Much more may be expected from these siblings. They often need help",100 Day Tool Kit School Aged Children,32,100_day_kit
c73e9f1c-4e1c-4f6d-8884-a72aab8e17dc,"understanding the emotional reactions they are experiencing as a result of the many changes occurring in their lives. This support is essential to their future well-being. Strategies for supporting your other children: Help your other children understand autism and what is going on with their sibling. Talk with them early and often in age-appropriate ways. Many books and other resources are available to help them to understand this diagnosis, including Autism Speaks Siblings Guide to Autism. Help",100 Day Tool Kit School Aged Children,32,100_day_kit
d51636f9-d561-4ca6-b1c8-011aab44c939,"your children learn how to play and form relationships with their sibling with autism. There are a few simple things that you can do that will help with this, including teaching your other children how to get their sibling’s attention and give simple instructions. It’s also important to praise all your children when they play well together. Find a sibling support group. Support groups can help them build friendships and relate to other peers who have a sibling with autism. Don’t hesitate to",100 Day Tool Kit School Aged Children,32,100_day_kit
1acb5cad-1370-4bde-8565-47ae59302709,"consult a professional if you feel your child is internalizing most of their feelings or beginning to act out. The earlier you address this, the better. Find more about supporting your other children and other parenting challenges in Autism Speaks Parents Guide to Autism. 15 tips for families by Kathryn Smerling, Ph.D., LCSW Five tips for parents 1. Create a team for your child. Be your child’s best advocate. Stay informed. Take advantage of services that are available to you both locally and",100 Day Tool Kit School Aged Children,32,100_day_kit
00279da2-84e3-44fd-a2ee-5247b59d87c3,"statewide. There are many professionals who can help and educate you and your family. Remember, it takes a village! 2. Practice self-care. You are going to need resilience and resources for yourself. Don’t push your feelings away. Have compassion for yourself. It’s okay to seek professional help to process any conflicting emotions you may have. 3. Find joy. Find joy in spending quality time with your children and your spouse. Try not to let autism consume every waking hour of your life. Look for",100 Day Tool Kit School Aged Children,32,100_day_kit
75d0cc48-8fc8-4236-992f-911be18b4968,"joy in everyday experiences. 4. Celebrate small victories. Love your child and take great pride in each accomplishment. Focus on what they can do instead of making comparisons with a typically developing child. Love them for who they are rather than what you think they should be. 5. Build a community. Get involved with the autism community. Don’t underestimate the power of this community. In the past years, the autism community has gained much knowledge and practical information which they would",100 Day Tool Kit School Aged Children,32,100_day_kit
a68fee3e-5afc-48ba-a893-46a11ad46342,"love to share with you. You may be the captain of your team, but you can’t do everything yourself. Make friends with other parents who have children with autism and support each other. Connecting with other parents will enable you to give and receive support from families who understand your day-to-day challenges. It is empowering and productive to get involved with autism advocacy. “Learning more about my child’s unique needs and abilities along with reaching out for support has enabled my",100 Day Tool Kit School Aged Children,32,100_day_kit
e89fdf0e-a73f-40c3-9c34-0f1b335ad9d9,husband and me to be better parents to our son and better partners for each other on this journey.”,100 Day Tool Kit School Aged Children,32,100_day_kit
aadbe3dd-f7ec-43f3-b55d-b51ae34999dc,"SCHOOL AGE CHILDREN 30 Five tips for siblings 1. You’re not alone Remember that you are not alone! Every family is confronted with life’s challenges… and yes, autism is challenging…but, if you look closely, nearly everyone has to face difficult family situations. 2. Be open. Be proud of your brother or sister. Learn to talk about autism to your friends. If you are comfortable with the topic, they will be comfortable too. If you are embarrassed by your brother or sister’s differences, your friends",100 Day Tool Kit School Aged Children,33,100_day_kit
2429a212-6e90-4c1c-9210-bdac2cba7294,"will sense this and it will make it awkward for them. Like everyone else, sometimes you will love your brother or sister and sometimes you may not like him or her. It’s okay to feel your feelings. And often it’s easier when you have a professional counselor to help you understand them – someone who is here just for you! 3. Manage your feelings. While it is okay to be sad sometimes that you have a brother or sister affected by autism, it doesn’t help to be upset and angry for extended periods of",100 Day Tool Kit School Aged Children,33,100_day_kit
e3eb7a35-5584-411d-8cdd-54afcacc30e2,"time. Remember your mom and dad may have these feelings too. It may be helpful to find a professional person to talk to your family about how autism affects all of you. 4. Spend quality time with your parents. Spend time with your parents alone. It’s okay for you to want alone time. Having a family member with autism can often be very time-consuming and attention-grabbing. You need to feel important too. Remember, even if your brother or sister didn’t have autism, you would still need alone time",100 Day Tool Kit School Aged Children,33,100_day_kit
105ec33a-c8de-4001-8251-b499795966ee,"with your mom and dad. 5. Share with your sibling. Find an activity you can do with your brother or sister. You will find it rewarding to connect with your brother or sister, even if it is just putting a simple puzzle together. These shared activities will be something you both can look forward to! “At first I felt lost and confused about my brother but now that my parents have helped to explain things to me, I can be a better big sister and help my brother when he needs it.”",100 Day Tool Kit School Aged Children,33,100_day_kit
53a467c3-0625-4135-9070-46447cb95d43,"SCHOOL AGE CHILDREN 31 Five tips for extended family members 1. Connect. Ask how you can be helpful. Your efforts will be appreciated, whether it means taking care of the child so that the parents can go out to dinner, or raising money for the special school they attend. You can organize a lunch, a theatre benefit, a carnival, a card game, or a bake sale. Your efforts will be appreciated more than you can imagine. 2. Find support. Seek out your own professional support if you find yourself having",100 Day Tool Kit School Aged Children,34,100_day_kit
2831eedb-70e9-4f33-b5b5-e500754402ea,"a difficult time accepting the fact that your loved one has autism. Be open and honest about the diagnosis. The more you talk about the matter, the better you will feel. Your friends and family can become your support system, but only if you share your thoughts with them. 3. Be judgment-free. Put judgment aside. Consider your family’s feelings and be supportive. Respect the decisions they make for their child with autism. 4. Educate yourself. Learn more about autism. There is promising research,",100 Day Tool Kit School Aged Children,34,100_day_kit
a9900cfa-f73e-4077-ba60-c55f852ae173,"with many possibilities for the future. Share that sense of hope with your family, while educating yourself about the best ways to help support your family. 5. Make time. Carve out special time for each child. Children with autism thrive on routines, so find one thing that you can do together that is structured, even if it is simply going to a park for 15 minutes. If you go to the same park every week, chances are over time that activity will become easier and easier. It just takes time and",100 Day Tool Kit School Aged Children,34,100_day_kit
9d562213-44c0-4162-9099-0f3f862faef8,"patience. If you are having a difficult time trying to determine what you can do, ask your family. They will sincerely appreciate the effort that you are making. “Talking to other grandparents helped me to feel part of a bigger community and to learn more about my granddaughter. I am now able to help my family the best I can and spend quality time with each of my grandchildren.”",100 Day Tool Kit School Aged Children,34,100_day_kit
8c19768e-850e-4653-a291-2a2e0a93aa66,"SCHOOL AGE CHILDREN 32 1. Don’t let the autism diagnosis intimidate you. Do give yourself some time. Do some reading. Ask some questions. Do not jump to conclusions. Do not let all the doctors, therapists, educators, or the price tag that comes with autism intimidate you. 2. Don’t let the autism diagnosis cause you to feel sorry for yourself. Do count your blessings. In reality there are things so much worse than an autism diagnosis. Now, roll up your sleeves. Your role as your child’s advocate",100 Day Tool Kit School Aged Children,35,100_day_kit
18193b7a-bf8d-47a6-958e-a246ef76dfe3,is going to keep you busy. Things are going to be okay. 3. Don’t let the autism diagnosis cause you to forget. Do remember that sweet baby you fell in love with! He/she is still that child! Don’t become so caught up in the present or so fearful of the future that you forget what’s important. Don’t forget that you are your child’s parent first and his teacher/therapist second. 4. Don’t let the autism diagnosis leave you feeling self-conscious or paranoid. Do understand there is no guilt to be had,100 Day Tool Kit School Aged Children,35,100_day_kit
62a52ebb-1892-4cc4-882d-051981ae6501,"or blame to be placed. There is nothing you could have done differently to prevent your child’s autism. Don’t let people who are uneducated about autism cause you to feel humiliated. Know this: It does get easier with time. 5. Don’t let the autism diagnosis isolate you. Do reach out for help. If you find yourself in need of understanding, find a parent who has already walked a few miles in your shoes. There is a lot of camaraderie in the autism community. Reach out. We help each other. 10 Dos and",100 Day Tool Kit School Aged Children,35,100_day_kit
9e89ca62-3b73-4bf9-8996-36cc668c4037,"Don’ts After an Autism Diagnosis This post is by Lisa Smith, mother of seven children, two with special needs. Her son Tate has autism. Lisa blogs about her experiences and can be found on Facebook at Quirks and Chaos or at quirks-and-chaos.blogspot.com. Over 10 years ago, my son Tate was diagnosed with autism and my life was forever changed. I am regularly asked for advice from parents of children newly diagnosed with autism. The diagnosis can be intimidating and parents are some- times unsure",100 Day Tool Kit School Aged Children,35,100_day_kit
2348a26a-b766-4a84-b194-34915338814f,"of where to turn or what to do. I don’t have all the answers. But I do remember the panic, fears, denial, and the distress I felt when my own son was diagnosed. I know now so many things I did not know then. I can honestly say that the life we are living is not scary at all. And so I tried to put into words some of the things that I thought might help a parent of a child newly diagnosed with autism. 6. Don’t let autism keep you from your other children. Do explain autism to your children and what",100 Day Tool Kit School Aged Children,35,100_day_kit
6edd15de-91a7-4caa-9562-1b704e54c0b2,it means to your family. Reassure your other children often and show them how important they are to you. When possible try to include all your children in the therapies and activities your child with autism needs. 7. Don’t let the autism diagnosis steal your joy. Do maintain a sense of humor. You have a choice. You can dwell on all the what-ifs and the should-have- beens or you can accept what is and look for the joyous moments around you. Don’t let autism silence the laughter in your home. 8.,100 Day Tool Kit School Aged Children,35,100_day_kit
d89d1170-f36e-4389-80fa-6191e8038b78,"Don’t let the autism diagnosis squash your hope. Do be willing to dream a little differently. If, as your child ages, it becomes clear some of the things you envisioned for his life will not be happening, then modify your expectations. But stay motivated to help your child become the best that he can be. 9. Don’t let the autism diagnosis cause you to doubt your faith. Do take advantage of the things autism can teach you. Many parents of children with autism report they have become much more",100 Day Tool Kit School Aged Children,35,100_day_kit
0f35c6a7-85e0-4b3f-85d0-ea880314113c,"patient and understanding people since their child’s autism diagnosis. 10. Don’t let the autism diagnosis pull you into frivolous debates. Do use your time and energy wisely. You have got important things to be doing. Focus your attention, time and energy on your children and their needs. Don’t get caught up in the autism community debates that lead to nowhere. These kinds of disputes are not helpful and only cause division in the autism community. Don’t get involved. Your time is much too",100 Day Tool Kit School Aged Children,35,100_day_kit
54f897ec-92a2-44e0-a8c6-a7bede1f970e,valuable.,100 Day Tool Kit School Aged Children,35,100_day_kit
e7799123-2d65-4397-8fc6-3b2f2c9af287,"SCHOOL AGE CHILDREN
33
•   Treatment options
•   Applied Behavior Analysis
•   Treatment for associated condition
•   Choosing the right treatment
•   Autism and insurance
Section 5
How is autism treated?",100 Day Tool Kit School Aged Children,36,100_day_kit
8690a404-cbf1-44de-90b6-ffc3c2461754,"SCHOOL AGE CHILDREN 34 Each child and adult with autism is unique, so each autism intervention plan should be tailored to address specific needs. Treatment for autism is usually a very intensive, comprehensive undertaking that involves the child’s entire family and a team of professionals. Some programs may take place in your home. They also may include training for you to serve as a therapist for your child under the supervision of a professional. Some programs are delivered in a specialized",100 Day Tool Kit School Aged Children,37,100_day_kit
81e415c0-85f5-40b9-8eaf-f63891ab3e9a,"center or classroom. It is not unusual for a family to choose to combine more than one treatment method. The words treatment, therapy and intervention all mean the same thing. Your child’s pediatrician, developmental pediatrician, psychologist or social worker can make suggestions or help you prioritize therapies based on your child’s strengths and challenges identified in their evaluation. Once you have narrowed down therapy options, learn more about each to help you decide about treatments. For",100 Day Tool Kit School Aged Children,37,100_day_kit
f46bbebb-9226-47d4-8a9d-3c355bbd3eef,"many children, autism is complicated by medical conditions and symptoms that are not exclusive to autism. If your child has biological or medical conditions, these will need to be treated, too. Examples include: • Allergies • Food intolerances • Gastrointestinal issues • Sleep disturbances Treatment programs may combine therapies for both core symptoms of autism and these associated symptoms. For example, if sleep disturbances are not caused by a medical issue, a behavioral intervention might",100 Day Tool Kit School Aged Children,37,100_day_kit
6cd3ba47-359f-422a-b676-942e4f08d5be,"also be used to address them. Many children benefit from receiving multiple therapies provided in the same learning format. Intervention can include: • Time spent in a developmental program • Speech-language therapy • Occupational therapy • Physical therapy • One-on-one or small group sessions • Parent-delivered interventions Therapies include tools, services and teaching methods that can help your child reach their full potential. Talk to your child’s pediatrician for more information about",100 Day Tool Kit School Aged Children,37,100_day_kit
a23dc2ca-fb89-4396-a154-99cca560fbeb,"therapies. Learn more about recommended therapies before your child begins treatment. Talk to experienced parents, look into the research supporting it and make sure you have a good understanding of what is involved before beginning any therapy for your child. Research and experience have revealed a great deal of information about autism. But it remains a complex disorder that impacts each person differently. Many autistic children make remarkable progress with the right combination of services",100 Day Tool Kit School Aged Children,37,100_day_kit
8959a148-28f0-46ac-9378-09c5db5b01f7,"and supports. Just as your child’s challenges can’t be summed up in one word, they may not be remedied with one therapy. Each challenge must be addressed with an appropriate therapy. No single approach works for every child. For more information on different treatment options, visit autismspeaks.org/treatments.",100 Day Tool Kit School Aged Children,37,100_day_kit
cb3ab645-a631-436b-b599-cda23ce1ac7e,"SCHOOL AGE CHILDREN 35 Treatment options Many families choose one type of intervention that best meets the needs of their child and their parenting style. All of the services your child receives then are based on that specific intervention type. These interventions were developed just to treat autism. They require many hours per week and address behavioral, developmental and/or educational goals. During treatment, you may need to re-evaluate which method is best for your child. Therapies are not",100 Day Tool Kit School Aged Children,38,100_day_kit
3aed7023-d1f8-4dbf-8dbe-051d44f80a10,always delivered in a pure format. Some providers who work with one format may use techniques from another format. Applied Behavior Analysis Behavior analysis was originally described by psychologist B.F. Skinner in the 1930s. The principles and methods of behavior analysis have been applied effectively in many circumstances to develop a wide range of skills in learners with and without disabilities. Behavior analysis is a scientifically validated approach to understanding behavior and how it is,100 Day Tool Kit School Aged Children,38,100_day_kit
b780788f-4b37-43c9-b4e1-ff9b1fb66ba7,"affected by the environment. In behavior analysis, “behavior” refers to actions and skills. “Environment” includes any influence that may change or be changed by one’s behavior. This includes aspects of the physical setting, such as sights, sounds, smells, as well as the social setting, such as who is present and how they might be communicating. Behavior analysis has helped many kinds of learners acquire many different skills – from healthier lifestyles to learning a new language. Behavior",100 Day Tool Kit School Aged Children,38,100_day_kit
ff72a2a9-d2d9-4f7a-9d64-1889489772c7,"analysis focuses on the principles that explain how learning takes place. Positive reinforcement is one of these principles. When a behavior is followed by some sort of reward, the behavior is more likely to be repeated and strengthened. Through decades of research, experts have developed many techniques for increasing useful behaviors and reducing those that may cause harm or interfere with learning. Applied Behavior Analysis (ABA) is the use of these techniques and principles to bring about",100 Day Tool Kit School Aged Children,38,100_day_kit
ce5ea911-54d1-4577-bd55-680655f46f07,"meaningful and positive change in behavior. Since the early 1960s, thousands of therapists have used ABA to teach new skills and reduce problem behaviors in learners with autism. These skills include: • Communication • Play • Social • Academic • Self-care • Work • Community living",100 Day Tool Kit School Aged Children,38,100_day_kit
8b4def88-8895-4028-a49b-f3c5986ec89c,"SCHOOL AGE CHILDREN 36 Research has demonstrated that ABA is effective for improving children’s outcomes, especially their functional skills (daily living skills), and can also improve cognitive ability and language in young children. Cognitive abilities include anything related to thinking and learning. Over the past several decades, different models using ABA have emerged, all of which use strategies that are based on Skinner’s work. ABA may be hard to understand until you see it in action. It",100 Day Tool Kit School Aged Children,39,100_day_kit
84023b05-0543-4186-a972-9d2cdd27d5fa,"may be helpful to start by describing what all the different methods of ABA have in common. All ABA methods use a three-step process to teach: 1. An antecedent. This is a verbal or physical stimulus, such as a command or request. This may come from the child, the environment or another person. 2. A resulting behavior. This is the child’s response or lack of response to the antecedent. 3. A consequence. This depends on the behavior. The consequence can include positive reinforcement of the desired",100 Day Tool Kit School Aged Children,39,100_day_kit
a3747753-e171-4586-aa18-6cb0041c20be,behavior or no reaction for incorrect responses. ABA targets the learning of skills and the reduction of challenging behaviors. Most ABA programs are highly structured. Targeted skills and behaviors are based on an established curriculum. ABA therapists break down each skill into small steps and teach them using prompts that are gradually eliminated as the steps are mastered. They give the child repeated opportunities to learn and practice each step in a variety of settings. Each time the child,100 Day Tool Kit School Aged Children,39,100_day_kit
c211a409-7b08-4e97-a2e1-20c84c9af6d4,"achieves the desired result, they get positive reinforcement, such as verbal praise or something else that is motivating. The therapist then builds on these skills so that the child learns how to learn in a natural environment. In young children, ABA programs often include support for the child in a school setting with a one-on-one aide. Therapists measure success by direct observation and data collection and analysis – all critical components of ABA. Effective ABA for autism is not a “one size",100 Day Tool Kit School Aged Children,39,100_day_kit
4c9429fd-575f-4035-b657-8af3ce1035ef,"fits all” approach and is not a “canned” set of programs or drills. Instead, a skilled therapist customizes the intervention to each child’s skills, needs, interests, preferences and family situation. So an ABA program for one learner looks different than a program for another learner. ABA changes as the needs of the learner change. Families can use ABA principles in their daily lives. There are a number of specific ABA techniques and approaches used by providers to treat children with autism.",100 Day Tool Kit School Aged Children,39,100_day_kit
8de0b72e-5e9c-47d0-b77d-77d48b485b69,"The most traditional technique used in early childhood is Discrete Trial Training (DTT), which involves teaching individual skills one at a time using several repeated teaching trials and reinforcements that may or may not be related to the skill that is being taught. Pivotal Response Treatment (PRT) and Early Start Denver Model (ESDM) are two other approaches that use natural reinforcement opportunities – for example, if a child makes a meaningful attempt to request a stuffed animal, the reward",100 Day Tool Kit School Aged Children,39,100_day_kit
683a85bf-514d-419f-88d0-93b2966d0bdd,"is the stuffed animal, not a candy or other unrelated reward. While these ABA approaches are used most frequently in early childhood, the approaches continue to be integrated into ABA-based treatment of school age children.",100 Day Tool Kit School Aged Children,39,100_day_kit
03dc7986-6162-459c-a14e-2d32b032a079,"SCHOOL AGE CHILDREN 37 Cognitive behavioral therapy Cognitive behavioral therapy (CBT) has been shown to be helpful for reducing anxious and depressed feelings and behavior sometimes exhibited in individuals with autism by making changes in thoughts and perceptions of situations. The key ingredient of CBT, which distin- guishes it from regular behavior therapy, is working on a change in cognition or how thinking is processed. Therapists seek to reduce challenging behaviors, such as interruptions,",100 Day Tool Kit School Aged Children,40,100_day_kit
5f706952-5295-4cd7-8d1a-11cd63f03ce0,"obsessions, melt-downs or angry outbursts, while also teaching individuals how to become familiar with and manage certain feelings that may arise. Cognitive behavioral therapy can be individualized for each patient, and as a result, is very effective at improving very specific behaviors and challenges in each child or young adult. Stabilizing emotions and improving behavior allows those with autism to prepare for and respond more appropriately in specific situations. CBT elements are often",100 Day Tool Kit School Aged Children,40,100_day_kit
fe9a9912-d5f7-4ca5-bb5a-bdd083e89817,"included in school age social skills training to help children to think more accurately about the social world and to help social skills generalize across situations. Medication for autism There is no medication specifically to treat autism. Rather, medications can be used to treat some symptoms of autism. These medicines are most effective when used with behavioral therapies, such as ABA. Ideally, medicines are a complement to other treatment strategies. Medicines for treating the two core",100 Day Tool Kit School Aged Children,40,100_day_kit
08c443c0-6ca5-4923-b79c-8ac53b29633e,"symptoms of autism – social communication/interaction and restricted and repetitive behaviors – have long been a huge area of unmet need. Unfortunately, there are no drugs on the market today that effectively relieve these symptoms. Today, most medicines prescribed to ease the symptoms of autism are used “off label,” meaning that their FDA approval is for other sometimes-related conditions such as attention deficit hyperactivity disorder (ADHD), sleep disturbances or depression. Speak to your",100 Day Tool Kit School Aged Children,40,100_day_kit
a0750936-5736-4d88-84ba-ad19a0e23848,child’s health care provider about medications that might help your child. Autism Speaks ATN has developed two tool kits that can help you learn more: Autism and Medication: Safe and Careful Use and a Parents Guide to Medication and Autism. Both can be found at autismspeaks.org/tool-kit.,100 Day Tool Kit School Aged Children,40,100_day_kit
7b5bd938-291b-4fb7-9c51-c7080a592988,"SCHOOL AGE CHILDREN 38 Speech-language therapy Most children with ASD participate in speech-language therapy. SLT addresses a range of challenges often faced by people with autism. For example, some autistic people do not speak or have limited speech. Others may talk to communicate, yet have trouble having a conversation or using or understanding the nuances of language and nonverbal cues when talking with others. SLT coordinates the mechanics of speech with the meaning and social use of",100 Day Tool Kit School Aged Children,41,100_day_kit
cda6149d-49e2-4caa-8e5d-d519889459d9,"language. It begins with an evaluation by a speech-language pathologist (SLP) to assess the individual’s verbal skills (expressive language), as well as their ability to understand verbal and nonverbal communication from others (receptive language). From this evaluation, the SLP sets goals that may include mastering spoken language and/or learning nonverbal communication skills, such as signs or gestures. For those who have trouble communicating with speech, speech-language pathologists determine",100 Day Tool Kit School Aged Children,41,100_day_kit
050f4fe0-17ba-4f51-ad17-920997f1f225,"the best device and method for training on use of an assisted communication device. For people with more speech, therapy may focus on effectively using communication. In each case, the goal is to help the person communicate in more useful and functional ways. Speech-language pathologists can provide therapy one-on-one, in a small group or in a classroom setting. SLPs can help a child learn to communicate through augmentative and alternative communication (AAC) devices or strategies. AAC refers to",100 Day Tool Kit School Aged Children,41,100_day_kit
cce292b3-097d-4874-890c-84c6371a4e27,"all forms of communication outside of verbal speech and may include: • Speech-generating devices • Picture cards • Computers • Tablets • Apps on mobile phones Occupational therapy Occupational therapy (OT) addresses a combination of cognitive, physical and motor skills. Its goals include helping a person increase independence and participate more fully in life. For a young child with autism, occupational therapy often focuses on skills related to: • Appropriate play • Learning • Self-care Therapy",100 Day Tool Kit School Aged Children,41,100_day_kit
1cb98820-0796-4356-af33-02f1264a36ea,"begins with a certified occupational therapist evaluating the person, including their: • Developmental level • Related learning styles • Social abilities • Environmental needs • Family needs Treatment for associated conditions Your child may need services to treat certain conditions that are related to autism but not part of the core symptoms of autism. These often are called “related services.” Examples include:",100 Day Tool Kit School Aged Children,41,100_day_kit
ee22adf1-847a-4b02-8d61-e172212fa397,"SCHOOL AGE CHILDREN 39 Based on this evaluation, the therapist determines goals and selects strategies and tactics for enhancing key skills. For example, goals may include: • Independent dressing • Feeding • Grooming • Use of the toilet • Improved social skills • Improved fine motor skills • Improved visual perceptual skills OT sessions often are 30 minutes to one hour long. The number of sessions per week is based on the person’s needs. Strategies and skills learned are then practiced at home",100 Day Tool Kit School Aged Children,42,100_day_kit
041e2efa-bd8d-44b7-ac6f-97775f3182fe,"and in other settings, including school. Sensory integration therapy Many children and adults with autism have difficulties processing sensory information, such as movement, touch, smell, sight and sound. Sensory integration (SI) therapy uses a variety of techniques that improve how the brain interprets and integrates this information. Occupational therapy often includes sensory integration. Certified occupational and physical therapists provide SI therapy. They begin with an evaluation to",100 Day Tool Kit School Aged Children,42,100_day_kit
1db89419-1a25-4a9d-ac96-5ab784442f7a,"determine a person’s sensitivities. From this information, the therapist plans an individualized program that matches sensory stimulation with physical movement. This can help improve how the brain processes and organizes incoming information. The therapy often includes equipment such as swings, trampolines and slides. SI therapy can help those with sensory issues better manage learning and social interactions. Family members and teachers often find that its techniques can help calm an affected",100 Day Tool Kit School Aged Children,42,100_day_kit
78be4c92-3739-4ad9-9d45-57fd80f9ce8a,"child or adult, reinforce positive behavior and help with transitions between activities. Physical therapy Many autistic people have challenges with motor skills, such as sitting, walking, running and jumping. Physical therapy (PT) focuses on problems with movement that cause real-life limitations. PT can improve poor muscle tone, balance and coordination. Certified physical therapists deliver physical therapy beginning with an evaluation of a person’s physical abilities and developmental level.",100 Day Tool Kit School Aged Children,42,100_day_kit
b75cea14-b6b8-475c-9c64-5846839de2d3,"They then design programs of activities that target areas of challenge. PT sessions often run 30 minutes to one hour long. They include assisted movement, various forms of exercise and the use of orthopedic equipment. The number of sessions per week is based on the individual’s needs.",100 Day Tool Kit School Aged Children,42,100_day_kit
fa24ed51-3615-4e05-b9f5-dd13068b647f,"SCHOOL AGE CHILDREN 40 Feeding therapy Feeding issues are common in children with autism and can lead to nutrition problems. Feeding can be stressful for the child and the family. Among others, feeding issues include: • Difficulty chewing • Difficulty swallowing • Challenges trying new foods or textures • Distress at mealtimes Feeding therapy can help people develop more effective eating routines and behaviors. Evaluations can determine the causes of feeding problems, including: • Medical",100 Day Tool Kit School Aged Children,43,100_day_kit
0e67d7d5-bfae-4e75-a5d7-410faa8ec069,"problems • Behavioral challenges • Sensory issues Talk to your child’s health care provider about the benefits of feeding therapy. Overcoming feeding issues can improve overall health and decrease challenging behaviors. More information about feeding therapy, including things you can do at home to help your child with the feeding process, can be found in Parent’s Guide to Feeding Behavior in Autism from the Autism Speaks Autism Treatment Network at autismspeaks.org/tool-kit. Researchers are",100 Day Tool Kit School Aged Children,43,100_day_kit
ffa56ec1-7c3b-4d9e-bbc0-b0186864aa2b,"looking at the effects of a gluten-free, casein-free (GFCF) diet for people with autism. Many families have found their children’s comfort level and behaviors improved with this eating plan. But it does not work for everyone. While the GFCF diet has been used in the autism community for a few decades, it has not been shown to improve autism symptoms or behaviors in controlled group studies. Talk to a dietician or your child’s health care provider about the GFCF diet. Social skills training",100 Day Tool Kit School Aged Children,43,100_day_kit
41c3d87c-1516-4eaa-9d6d-ca161df2da5b,"Individuals with autism often have a trouble with social interactions. Social skills training in one-on-one and peer group settings is a common treatment. Social skills training focuses on both simple skills, like making eye contact, and more difficult skills, like inviting a friend to play. Social skills training is not an official or certified form of therapy. But social workers, speech-language pathologists and psychologists often include it when treating children and adults with autism.",100 Day Tool Kit School Aged Children,43,100_day_kit
ed8be495-6105-4c5c-a2b5-f8dd2bc269e8,"Parents, family members and other caregivers can learn how to include social skills training in and outside the home. There is a growing literature supporting the effectiveness of social skills therapy in improving social behavior in cognitively- able individuals with autism and additional research is underway.",100 Day Tool Kit School Aged Children,43,100_day_kit
22685877-54be-4462-bb3a-a4feeb6b6a93,"SCHOOL AGE CHILDREN 41 How do I choose the right treatment? You want to do everything possible to help your child. Many parents in your position are eager to try new treatments, even if they’ve not been proven to be effective. Your hopes for your child may make you willing to try untested treatments. Just as each child with autism is different, so is each child’s response to treatments. It may be helpful to collect information about a therapy that you are interested in trying. Speak with your",100 Day Tool Kit School Aged Children,44,100_day_kit
5531096d-93c1-48cc-9c7e-cea0ae6a77a1,"child’s health care provider, as well as your intervention team members, in order to discuss the potential risks/benefits and establish measurable outcomes and baseline data. Parents of older children with autism can provide you with a history of therapies and biomedical interventions they have tried. This may include some that have been promised to be “cures” for autism over the years. Some of them may have been helpful to a small number of children. Upon rigorous scientific study, it has become",100 Day Tool Kit School Aged Children,44,100_day_kit
add7f5a2-5548-4156-aa70-08d73d243fb2,"clear that none of these “cure” claims are valid. In fact, some unproven methods have been found to be harmful for many, so it is very important to discuss all these ideas with your child’s health care provider before trying them. Look for scientifically valid evidence, meaning published research studies, behind treatments you are interested in. If you conduct your own research, make sure your sources are established and reliable, such as websites that end in .gov, .edu or .org. If you want to",100 Day Tool Kit School Aged Children,44,100_day_kit
1e60b427-573e-40b3-b82f-00713718fd6d,"consider a specific intervention or treatment, find out if there is scientific evidence to back it up. Choosing a treatment for your child may feel over- whelming. Work closely with your child’s health care provider and other professionals involved in their treatment to explore all the options. Your child’s path likely will look different from the path of other autistic children you may know. Focus on finding the services and supports that are right for your child and your family. Autism and",100 Day Tool Kit School Aged Children,44,100_day_kit
05e8cc39-cb27-4f4f-8aac-5968db46ab1b,"insurance While effective therapies for autism exist, these services are not consistently covered by health insurance. The time and energy often needed to ensure that prescribed services and supports are covered can complicate what may already be a stressful time for your family. Since 2007, Autism Speaks has focused on improving health insurance coverage for medically necessary treat- ments such as applied behavior analysis (ABA). As of August 2019, all 50 states require meaningful coverage for",100 Day Tool Kit School Aged Children,44,100_day_kit
505045e2-1a78-4b3a-bd92-4733d08ca827,"autism therapies, including ABA, under state-regulated health insurance plans. Unfortunately, not all plans have to comply with state mandates. And many mandates exclude certain plan types or impose caps that may affect your coverage. Your type of health insurance plan impacts how you advocate for a change in benefits, as well as how you appeal denials of coverage and to whom you file complaints if you are not satisfied with implementation of benefits For example, if you are covered by a",100 Day Tool Kit School Aged Children,44,100_day_kit
1986c2e5-c344-4558-b1c3-e6b1663d1328,"self-funded or employer-based plan, you would advocate at the level of your employer, while under a fully insured plan, such as Medicaid, it is usually necessary to advocate for change through state law or regulation. Find out about what your health insurance covers and how best to advocate for autism benefits. If you don’t already know what type of health insurance you have, visit our Health Benefits Guide. Click on the link to your plan type to find online resources that can help you find out",100 Day Tool Kit School Aged Children,44,100_day_kit
ecd80103-7f8a-46af-8276-8d6c3ba121b9,"what your plan covers for autism treatments and therapies.This can be found at autismspeaks.org/health-insurance-coverage- autism. Families who are covered under a Medicaid plan should know about the Early and Periodic Screening, Diagnostic, and Treatment (EPSDT) benefit. This benefit essentially means that if your child is under the age of 21, they are entitled to receive any health care services that are medically necessary. This includes medically necessary services for autism. If a child is",100 Day Tool Kit School Aged Children,44,100_day_kit
da15b606-5ca5-46c8-9d2a-c09fd2dc5c59,"suspected to have autism or another developmental disability, their Medicaid plan should cover any necessary assessment and treatment services. For additional information, email advocacy@autismspeaks.org.",100 Day Tool Kit School Aged Children,44,100_day_kit
25824ce8-7b51-485f-bd24-0d0d9ff1da97,"SCHOOL AGE CHILDREN
42",100 Day Tool Kit School Aged Children,45,100_day_kit
9ecb7437-66eb-402b-abb7-7aed3490b593,"SCHOOL AGE CHILDREN
43
•   Special education eligibility 
•   Individualized Education Programs (IEPs)
•   Transition services
•   Setting up school services
Section 6
Autism and the  
Classroom",100 Day Tool Kit School Aged Children,46,100_day_kit
1c98fab8-b7d6-48db-8f46-1d04f45a5ae6,"SCHOOL AGE CHILDREN 44 Education plays a critical role in a child’s life and future. Your child’s autism diagnosis does not change that. Federal law ensures that children with autism and other special needs receive an education that works for them. The Individuals with Disabilities Education Act (IDEA) mandates a public education for all eligible children and makes the schools responsible for providing the supports and services to allow this to happen. Under IDEA, your child is entitled to a",100 Day Tool Kit School Aged Children,47,100_day_kit
0afc5432-6ac6-4fd4-a9b4-10b6aefbd846,"“free appropriate public education” in the “least restrictive environment.” A “free appropriate public education” may include: • placement in a mainstream and/or special education classroom at a public school with appropriate modifications or accommodations to meet a child’s specific needs; • placement at a private school (at public expense, if your school district cannot provide an appropriate placement in a public school); and/or • the provision of related services (such as speech, occupational",100 Day Tool Kit School Aged Children,47,100_day_kit
7c6d5fac-456c-46a3-87c4-375e686b805b,"therapy, physical therapy, counseling services, mobility services and/or transportation). The “least restrictive environment” requirement is to ensure that a child is not unnecessarily put in isolation or removed from his peers. Under IDEA, he must be integrated into mainstream classroom environments (with appropriate supports and accommodations) as much as possible. Special education eligibility It is important to note that an autism diagnosis does not mean your child will automatically qualify",100 Day Tool Kit School Aged Children,47,100_day_kit
f2ba250b-6ed9-4c58-991b-3bb3603f1245,"for special education services. Eligibility for services in school is based on an educational evaluation and diagnosis, not simply a medical diagnosis under the DSM-5 from your child’s healthcare provider. To get an educational diagnosis and access to services, an educational determination of disability must be made by a multidisciplinary team of school professionals. You will need to request a school evaluation for your child after your child’s medical diagnosis so they can access special",100 Day Tool Kit School Aged Children,47,100_day_kit
ed7b9719-d00e-4d74-a686-04f9ec3aac64,"education services as soon as possible. This evaluation is based on the impact the medical diagnosis of autism has on the student’s ability to learn in school. The information from a medical assessment is included in the review, but specific attention in the evaluation is paid to the student’s performance in school and how the diagnosis affects their educational performance. The evaluation includes an assessment of academic achievement, observation of behaviors in school settings, family",100 Day Tool Kit School Aged Children,47,100_day_kit
52891661-0732-4c7b-bfe8-01368aa690f0,"interviews, reports of problem behaviors by family members and school professionals and more. The results determine the student’s rights to the special education services that will provide them with an effective free and appropriate public education. If it is determined that your child is eligible for special education services, a meeting will take place to develop an initial Individualized Education Program (IEP) that lays out what those services will be. Individualized Education Programs An IEP",100 Day Tool Kit School Aged Children,47,100_day_kit
ed902723-80e0-4c29-b121-a8b8fee5677a,"is a plan that determines the special education services, supports and accommodations that a student with special needs will receive to ensure the best possible education at school. Once it is determined that your child is eligible for an IEP, you will work with your school to develop a plan that best addresses your child’s unique strengths and challenges. IDEA establishes an important team approach to education. You, as a parent, are an equal partner with the school district in defining an",100 Day Tool Kit School Aged Children,47,100_day_kit
c39aac64-e937-403c-b862-6e32dfcba6de,education plan to meet your child’s individual needs. This enables you to be a powerful advocate for your child. It also,100 Day Tool Kit School Aged Children,47,100_day_kit
9f1e3071-09c2-4c8c-9843-8569191042f6,"SCHOOL AGE CHILDREN 45 means that you must be an informed, active participant in planning and monitoring your child’s progress and legal rights. The IEP spells out your child’s education needs and how these needs will be met. An IEP will describe your child’s strengths and challenges based on evaluations and set goals and objectives. It will also detail, how these can be met through services such as SLT and OT, as well as specific special education supports, counseling and social skills training.",100 Day Tool Kit School Aged Children,48,100_day_kit
598d19a3-8c42-4a57-a08e-4724c6c7ee9b,"Meaningful and measurable goals make for an effective IEP and a successful IEP process. The goals will be both academic and functional. Under IDEA, a re-evaluation must take place at least every three years and can take place more often if you or your child’s teacher makes a written request based on feelings that their needs have changed. These re-evaluations help when modifying your child’s IEP so that they have continued access to the special education services that will help achieve the best",100 Day Tool Kit School Aged Children,48,100_day_kit
1e2c0aff-ff1f-411f-9fb1-9d456b7e4b62,"possible outcomes. A 504 plan is another resource that will help your child access services and supports at school. This plan outlines the accommodations your child receive so they can learn to the best of their ability in a supportive environment. Even if your child does not require specialized instruction as outlined in an IEP, the 504 plan will lay out specific services that will be provided to help support them both in and out of the classroom. Questions to consider in developing an effective",100 Day Tool Kit School Aged Children,48,100_day_kit
8817d167-5b20-49d8-8447-0ccef668b32e,"IEP The following is an excerpt from Autism Speaks Guide to Individualized Education Programs, which can be found at autismspeaks.org/tool-kit/guide- individualized-education-programs-iep. Placement: Where is the best place for my child to learn? • Should my child be in a mainstream or special education class? Both? • Should they be partially or fully mainstreamed? • What transition plan should be in place for mainstreaming? • What type of special education class would be ideal? • If special",100 Day Tool Kit School Aged Children,48,100_day_kit
308229b8-2dd6-42ee-93cc-646394c500b8,"education is appropriate, what are the educational classifications and cognitive and maturity levels of fellow classmates? • How many other students should be in the classroom? • How old should the other students be? What range of skill level should they have? • What extra-curricular activities should be available? • What type of classroom or behavioral or teaching support(s) and accommodations does my child need to be supported in the least restrictive environment? Class content: What is and",100 Day Tool Kit School Aged Children,48,100_day_kit
bd0175d8-13b8-4fba-b1d4-3c88352a9df4,"isn’t appropriate for my child to learn? • What specific topics do I want in the curriculum? • What don’t I want? • Are there specific known programs that would work for my child? • Will my child take any statewide assessment exams? • What accommodations will be necessary? Related services: What specific supports does my child need? • Assistive (augmentative) technology and consultative support • Speech and language, physical or occupational therapy • Psychological or mental health support • Art,",100 Day Tool Kit School Aged Children,48,100_day_kit
5b1a7a8d-96a6-4dc9-9e69-a899c4cce905,music or dance therapy • After school or weekend services • School social work services • Recreational support • Safety training • Transportation,100 Day Tool Kit School Aged Children,48,100_day_kit
5f00fe82-324d-4c86-91c7-6bfb9d871d80,SCHOOL AGE CHILDREN 46 Important things to consider when transition planning 1. Develop self-advocacy skills at school. Self-advocacy is an important skill for people with autism. It means asking for what they need to help them learn and be successful. The classroom is a place to learn these skills. Ask to include self-advocacy goals in your child’s IEP so that teachers will help them learn how to advocate for themselves to the best of their abilities. 2. Practice life skills at home and in the,100 Day Tool Kit School Aged Children,49,100_day_kit
ee475691-6c08-4b53-8380-28735e975a06,"community. Learning to do chores at home, like cooking and laundry, can help your child prepare for adulthood. At the same time, developing skills like shopping and managing money, can help them be active in the community. If your child has an IEP, you can ask for a community skills assessment as part of their IEP transition plan. 3. Encourage your child to participate in education and IEP meetings to the best of their ability. It is important that students have a voice in their education,",100 Day Tool Kit School Aged Children,49,100_day_kit
7a6713df-1628-4dbe-a86b-f95c710799c7,"including at IEP or 504 plan meetings. At these meetings, make sure the IEP team works with your child to make decisions about their education. Your child can share their goals, ideas, opinions or requests for support. 4. Develop strategies for independent living. Keys to a successful transition to independent living include being able to plan, organize and manage time. Creating and following routines can make it easier to remember and complete tasks. Try different supports to find out what works",100 Day Tool Kit School Aged Children,49,100_day_kit
b4b3bbd7-7f4a-4a73-8b99-465598fbf734,"best for your child, like visual prompts, color-coded schedule or organizer, or scheduling or calendar apps. 5. Be active in the community. Being active in the community will help your child build skills they will need when they start to work. Participating in community programs can help your child meet people and make friends and other social connections. Exploring their likes, dislikes and interests through community activities can help them think about what kind of job they may want in the",100 Day Tool Kit School Aged Children,49,100_day_kit
27c85dad-0dc5-474b-ac3c-9395ed1a1b5b,"future. Transition services: What services/supports does my child need now to be ready to (consider if appropriate): • Live on his own? • Go on to higher education? • Work? • Participate in the community? Transition services As your child enters their teenage years, you will begin to think about how you will approach the future. Some individuals with autism move on to college, some go right into the workforce and others have alternative plans. Regardless of the path chosen, making a plan to move",100 Day Tool Kit School Aged Children,49,100_day_kit
d16f62bf-ed46-4211-afa6-3e68849ccaf0,forward after high school is the first step on the journey to adulthood. Putting in place a transition plan for your child will allow you and your family to work with the school to plan for life beyond graduation. Investigating possibilities for the future will familiarize you and your child with different based on their unique skills and interests. You will work together with your child’s educational team to identify long- and short-term goals. These goals will enable your child and your family,100 Day Tool Kit School Aged Children,49,100_day_kit
141a40ec-5d59-4de0-bd4d-059deae3e8a4,to compartmentalize the steps to ensure future success. Playing on the strengths of your child will help you plan for the future successfully. A successful transition will lead your child with autism on the path to a fulfilling life that enables them to learn and grow. This type of planning should take place around 12 years of age. The transition plan will begin with individuals assessing their own skills and interests with their families. This will allow them the time and space to reflect on the,100 Day Tool Kit School Aged Children,49,100_day_kit
2717b8df-f39d-4a3c-b171-37ae64d839d8,best way to hone their skills on things that interest and excite them.,100 Day Tool Kit School Aged Children,49,100_day_kit
6b6a3805-2072-4316-89c9-e3cad5308335,"SCHOOL AGE CHILDREN 47 Once your child is diagnosed, it is crucial to make sure they have the proper supports in school. As you work with your school system, it is important to remember that your child’s program should be designed individually, as each child has unique needs, even if the diagnosis is the same as that of another child. Acquiring these services will help your child and will also ensure that their teacher can provide the best and most effective education possible. When telling your",100 Day Tool Kit School Aged Children,50,100_day_kit
38d7ae5e-5ab7-4814-a8f1-6ca6646beea5,"child’s teachers and other school professionals about their diagnosis, be sure to provide them with helpful information. It is also important to cover both your child’s strengths and weaknesses when discussing the best ways to support them in the school environment. You may need to communicate frequently with school professionals to make sure your child’s needs are being met in a successful and supportive way. The Autism Speaks School Community Tool Kit is a very helpful resource for you to share",100 Day Tool Kit School Aged Children,50,100_day_kit
8245653a-f64f-4123-8dc0-7dd2fffea52b,"with your school to assist all members of the school community in understanding and supporting students with autism like your child. The kit provides helpful information about students with autism, as well as tools and strategies to achieve positive interactions and increase learning for your child, his or her peers, teachers, school administrators and more. It contains information for everyone from peers to paraprofessionals to bus drivers, security officers, nurses and more. The kit can be",100 Day Tool Kit School Aged Children,50,100_day_kit
1dc0764b-673e-4b0c-8273-246668fa5a09,"found at autismspeaks.org/tool-kit/school-community-tool-kit. Three great transition resources from Autism Speaks are: Transition Tool Kit: a guide for families of children between the ages of 13 and 22 to help with the road to adulthood. Community-based Skills Assessment: a tool designed to help parents and professionals assess your child’s strengths, skills and challenges in order to develop a personalized and comprehensive transition plan so your child can achieve the greatest possible",100 Day Tool Kit School Aged Children,50,100_day_kit
51649d9d-3ceb-4dc5-be5f-b8a764cf98db,"outcomes. Transition Roadmaps: personalized, interactive tools that provide a series of goals and resources up to age 22 to help get ready for employment, housing and postsecondary education All of these transition resources and more can be found at autismspeaks.org. Setting up school services Throughout your child’s educational process, it is important to remember that each child has a unique set of abilities and challenges. Educating both yourself and your child’s educational team at school",100 Day Tool Kit School Aged Children,50,100_day_kit
3eba6055-bcf8-43e9-bc7b-eb32c838ca15,"will be fundamental to your child’s success in the classroom. Since children with autism can be diagnosed at all different stages of the education process, it is imperative to make sure that the proper accommodations are given to them no matter when they are diagnosed. Individuals with autism may show evidence of distinct issues; they may struggle more with social interactions and communication than with their studies and schoolwork. Since each child is different, the parents and educators need",100 Day Tool Kit School Aged Children,50,100_day_kit
dbb0d3e9-4b7a-4823-9a0f-c1b57bc94ca3,to work collaboratively in order to play on the child’s strengths and enable them to have a positive and successful educational experience.,100 Day Tool Kit School Aged Children,50,100_day_kit
6956e460-6ac6-4a6d-88e0-2db0c3144d0e,"SCHOOL AGE CHILDREN
48
•   Creating your team
•   Managing your team
•   Technology 
•   Talking to your child about bullying 
•   Recreation 
•   Strategies to support your child 
•   Autism and wandering
•   Conclusion
Section 7
Living with autism",100 Day Tool Kit School Aged Children,51,100_day_kit
c41fda64-71b8-4ea7-adee-29ba40d08923,"SCHOOL AGE CHILDREN 49 Raising a child with autism requires support from family members, friends and professionals. It can help to build a “team” of people who work together to be sure your child’s needs are being met and that they are making progress toward their goals. The team should be focused on helping your child overcome their challenges and build upon their strengths and abilities. Creating your team Your child’s team will have lots of members. Team members focus on different areas of",100 Day Tool Kit School Aged Children,52,100_day_kit
a9c0bfa4-7ca5-4672-a2c8-b54b1e3e46ad,"your child’s life. And they can help you make decisions about your child’s treatment, education and health. Medical team Your child’s primary care provider likely is a pediatrician who understands autism and developmental issues. Depending on your child’s needs, other medical team members may include: • Neurologist • Geneticist • Developmental pediatrician • Gastroenterologist • Psychiatrist • Nutritionist Behavioral intervention team Behavioral therapists who provide ABA and other interventions",100 Day Tool Kit School Aged Children,52,100_day_kit
2a254acf-0860-4828-a034-fd1b4a12c0d1,"play a critical role in your child’s treatment and development. Depending on the intensity of the primary intervention, there may be an intervention leader who will also structure treatment sessions that are provided by other therapists. Intensive intervention programs often start with a one- or two-day training course where individual therapists are trained by the primary intervention leader. Related services team Therapists and other professionals providing related services to your child should",100 Day Tool Kit School Aged Children,52,100_day_kit
5a51e25f-2b5a-4eff-b4f7-f3d3f2528acb,be included on your team as well. Related services your child might receive include: • Speech-language therapy • Occupational therapy • Physical therapy • Sensory integration therapy • Social skills instruction All therapists working with your child should be communicating frequently and using a consistent method of teaching. Managing the team Your participation on your child’s support team is critical. Understanding your child’s treatment can help you use the interventions at home. Understanding,100 Day Tool Kit School Aged Children,52,100_day_kit
909ef427-880a-4a2f-ba32-258b5225c0d2,treatment goals can help you monitor your child’s progress and evaluate team members. Team communication Open communication between your child’s team and your family is important. It ensures that everyone is on the same page about your child’s goals and progress. Ways to maintain consistent communication include: Shared notebook/online document. Many families use a shared notebook to foster team communication. Each therapist records information after their session with your child. Other,100 Day Tool Kit School Aged Children,52,100_day_kit
16fadad7-ae35-4a6c-99f7-ef4711e5b13c,"therapists can then read the notes before their own sessions. Parents can add information, too, so that all team members are informed. Team meetings. Another way of maintaining communication is through regular team meetings. These can happen at your home, especially if your child’s services are home-based. These meetings should include as many team members as possible. This can help ensure that your child’s therapists are up to date on every aspect of treatment and that they are all working with",100 Day Tool Kit School Aged Children,52,100_day_kit
622c6c6c-74e5-4e44-ac35-d41cb40e0e5e,"your child in consistent ways. At team meetings, you can discuss what is and isn’t working and make changes to your child’s program, as needed.",100 Day Tool Kit School Aged Children,52,100_day_kit
cc6f9c72-10b0-46c4-b26a-436396533069,"SCHOOL AGE CHILDREN 50 Technology and autism Technology is a valuable tool in treatment and daily living for people with autism. Computers and devices like tablets and smart phones are helpful in many areas, including behavior tracking, scheduling and communication. Many autistic people use technology to help with communication. Some parents worry that using a speech or communication device may prevent their child from developing speech. In fact, it’s the opposite: Research shows that using",100 Day Tool Kit School Aged Children,53,100_day_kit
1bf9278b-6435-49ad-ad08-027490dd667f,technology as a communication aid can help children increase their speech skills. Talk with your child’s treatment team about how to use technology as part of your child’s treatment. They can help you evaluate what method may be best for your child. Autism Speaks has developed an Assistive Technology for Communication Roadmap to help you understand different types and methods of obtaining assistive technology for your child. This tool can be found at,100 Day Tool Kit School Aged Children,53,100_day_kit
68c4ea8b-ac09-476c-86e6-341c357416f7,"autismspeaks.org/worksheet/assistive-technology- communication-roadmap. Making therapies work for the entire family From Overcoming Autism by Lynn Kern Koegel, Ph.D. and Claire LaZebnik, Ph.D., 2014. Always be sure you select interventionists who will view the family as teammates and will include you in the determination of target goals – your child needs to learn skills that will help the family function, fit into your lifestyle and be compatible with your cultural and religious values. For",100 Day Tool Kit School Aged Children,53,100_day_kit
32875735-77a6-4e8a-bf5a-04a1b3674719,"example, a clinician may feel that it’s important to work on answering the phone, while the family may feel that toilet training is a much more pressing and immediate goal. Both goals may well be valid, but the family needs to have a say in prioritizing them. Similarly, studies show that families who are required to implement drill-type interventions have greater stress than when less rigid interventions are incorporated into daily family routines. How well the family functions as a whole is just",100 Day Tool Kit School Aged Children,53,100_day_kit
b372cc19-275b-462c-a2cf-c32c7b317213,"as important as how well the child with special needs is doing, and it’s your responsibility to work toward both kinds of success.",100 Day Tool Kit School Aged Children,53,100_day_kit
94f3c2f5-af19-467c-a9d0-376bb3c5a957,SCHOOL AGE CHILDREN 51 Strategies to support your child There are a number of tools and strategies you can use in your daily life to help support your child. These strategies can help increase positive behaviors and limit challenging behaviors. Some of these include: Positive behavior supports Research has shown that the use of Positive Behavior Supports (PBS) is an effective way to manage challenging behavior. PBS involves identifying the function of a problem or challenging behavior and then,100 Day Tool Kit School Aged Children,54,100_day_kit
2beb0e0f-7d40-488c-b311-691c577526b0,"teaching the person new skills to help correct the behavior and respond with a positive one instead. It involves creating a structured plan that positively addresses behavior. It is important to understand that most human behaviors serve a purpose and as a result, many of your child’s challenging behaviors have underlying causes. Work with your child and their team to try to identify these causes so you can develop a plan to teach them the positive skills and behaviors that can be used to respond",100 Day Tool Kit School Aged Children,54,100_day_kit
badef97d-2da7-469b-add8-dc61dfd7d144,"to the problem. Look at each situation from your child’s perspective – what is happening that may be causing them to respond in this way? Specific PBS systems should be put in place to respond to each problem situation or challenging behavior. Share your positive behavior support plans with your child’s school, after school program, etc. so that the approach can be used across all situations and settings. Visual schedules As previously discussed, one challenge faced by individuals with autism is",100 Day Tool Kit School Aged Children,54,100_day_kit
c1faf9ef-ec11-463a-a70e-f9da03ef1df0,"their need for routine and strict adherence to schedules. Visual schedules are a great tool to help create a more structured environment for your child, which can help with preparedness, anxiety and challenging behaviors. They can help with your child’s understanding of time and transitions between activities and environments, as well as increase independence by allowing them to comprehend the sequence of events without your prompting. Similarly, checklists can help manage your child’s time and",100 Day Tool Kit School Aged Children,54,100_day_kit
2356c517-6661-4c83-9665-2ae6a525bb55,"prepare them in advance of situations that may present difficulties. They can use the checklist to understand what is happening and what is coming up. For example, if your family is flying somewhere, a visual schedule that shows each step of the air travel experience – trip to the airport, check-in, security, waiting at the gate, etc. – or a checklist of those steps can help prepare your child for the process and keep them engaged throughout the experience. Video modeling Another tool that has",100 Day Tool Kit School Aged Children,54,100_day_kit
3328629a-9db9-400a-9aa4-f82a6ef938f8,"been found to be effective in teaching children with autism is video modeling. This strategy uses videos to help teach social skills and daily living skills and is often more effective than live modeling. In video modeling, individuals watch video demonstrations of positive behavior and then imitate the people in the videos. Another method used is showing individuals videos of themselves performing behaviors successfully and repeating them back. Video modeling is a fun way for individuals to",100 Day Tool Kit School Aged Children,54,100_day_kit
92d70f79-2a15-4be1-8cd5-54390767a3bb,"learn and an effective way for teachers, caregivers and therapists to teach important skills. Motivational systems Motivation is a critical component in helping to improve your child’s areas of difficulty. It can help them associate positive behaviors with positive feedback. Whereas a pat on the back or round of applause is an obvious indication of a positive behavior to a neurotypical child, children with autism may need additional motivation or reinforcement to understand the response a",100 Day Tool Kit School Aged Children,54,100_day_kit
9245ab78-0334-4ecb-a8fc-db6b957fbc03,behavior elicits. Following up a behavior with positive reinforcement like specific verbal praise or a reward will make your child more likely to repeat the same behavior in the future. This system can help your child gradually build on simple skills like eye contact in order to learn more complex social skills.,100 Day Tool Kit School Aged Children,54,100_day_kit
4070ea12-dec4-4a4d-973a-4f55eaa548fb,"SCHOOL AGE CHILDREN 52 Recreation Being a part of a community is an integral component to a happy and healthy life. Autism does not change that. It is important for your child’s wellbeing to try to get them involved in your community in ways that are right for them. Community activities are great opportunities for your child to learn skills that will be beneficial to them now and as they transition into adulthood. Recreation can be particularly important for people with autism, drawing on",100 Day Tool Kit School Aged Children,55,100_day_kit
3febfa20-83ad-41f1-8687-40e9fa8bc52e,"opportunities to practice social skills, physical aptitude and increase motivation. These activities can also help increase your child’s self-confidence. Some parents assume their autistic child will not enjoy or be interested in recreation activities. It may be difficult to find the right fit, but the benefits of these community programs will outweigh the challenges you might face finding an activity that works for them. 10 tips for finding the best recreation program for your child 5. Chat with",100 Day Tool Kit School Aged Children,55,100_day_kit
cdeaba97-0389-462c-9c5d-1c609ff27eb7,"other parents. Word of mouth is one of the best tools at your disposal. Talking with the other parents is a great way to really get to know what the program is about. Asking them about their experiences can provide you with a lot of great information. 6. Class size matters. When trying out the program, whether it’s a class or a team, consider the student- teacher ratio. Having only one instructor for a big group can make it difficult to provide individualized attention. Unless the program",100 Day Tool Kit School Aged Children,55,100_day_kit
5d5d73c6-1fa8-4228-950d-5a3d6bbcf8d8,"encourages parent participation, it is beneficial to have assistant instructors present, to help manage the class/practice. 7. Safety first. If the sport requires use of any equipment, examine if it is safe and in good repair. Also, consider the facilities and check to see if they are clean and hygienic. Communicate any medical conditions or allergies to the instructors beforehand and keep a first aid kit with you. 8. Be flexible. Understand that at first, your child may not be able to do",100 Day Tool Kit School Aged Children,55,100_day_kit
4640ccec-55df-41fc-8734-8d768dcdfe8c,"everything the other children can do. Working on too many points of detail at once, or spending too much time on a task, may be overwhelming and cause frustration. Talk to the coach/instructor and see if skills and activities can broken-down into smaller, more manageable sections, so your child can feel successful each time. If you see your child become frustrated or fatigued, have the coach allow for a short break and go with the child’s pace. 9. Go the extra mile. Whenever possible, help your",100 Day Tool Kit School Aged Children,55,100_day_kit
6d364fb0-41fb-4502-95fa-6e43f4e48017,"child with autism raise his skill level by practicing at home. Keep it fun and stress free. In the beginning, it may also help to arrange a private lesson or two with the coach. The will provide him with individualized attention and prepare him to be in a group setting. 10. Be patient and stay positive! If initially it seems like your child is not progressing as much, keep at it and use lots of encouragement. Everyone, including adults like being recognized for doing something well. Therefore,",100 Day Tool Kit School Aged Children,55,100_day_kit
ded70478-1075-4bdd-894b-545ff920614f,"use lots of praise and high fives! Even if your child has not fully mastered the skill, reward the effort. 1. Let your child take the lead. As a parent, one only wants what is best for their child. However, it is essential to consider your child’s interests, abilities and strengths. Whenever possible, talk about the different sports programs that are available and include your child in the decision-making process. 2. Set realistic expectations. For your child to be able to grow in the program, it",100 Day Tool Kit School Aged Children,55,100_day_kit
cce6fe3e-735b-454c-b941-852a2c05ea3a,"is important to set goals that are realistic and within reach. In this way, you are setting your child up for success! 3. Communication is key. When researching information about programs, communicate with the instructors or coaches. Be up front with them from the start and let them know about your child’s strengths and challenges. Inform them about what works and what doesn’t and see if they are a good fit for your child. 4. Try it out. Communicate with your child about trying out the program.",100 Day Tool Kit School Aged Children,55,100_day_kit
86159de4-40f9-48cf-8c67-4013126a931c,"Since many children with autism can have a tough time with transitioning, they may become anxious or nervous about going somewhere or doing something. It may help to let the child know what they will be doing to prepare them for any changes that can occur. Many parents and teachers use a visual schedule in the form of pictures, to outline their daily activities.",100 Day Tool Kit School Aged Children,55,100_day_kit
37d0c1bf-c966-434d-8c88-d510eae0e04a,SCHOOL AGE CHILDREN 53 Talking to your child about bullying It is critical to help your child recognize the signs of bullying. Children may not always realize that they are being bullied. They might think it is bullying only if they are being physically hurt; they might believe the other child is joking; or they may not understand the subtle social norms and cues. Children can benefit from a definition of the differences between friendly behavior and bullying behavior. The basic rule: Let,100 Day Tool Kit School Aged Children,56,100_day_kit
b8144305-3850-4cb4-b7b4-f591652a66f7,"children know if the behavior hurts or harms them, either emotionally or physically, it is bullying. Parents can prepare themselves to talk with their children by considering how they are going to respond to their child’s questions and emotions. They can also decide what information they would like to give their child about bullying. Parents should be ready to: Listen. It is the child’s story; let him or her tell it. They may be in emotional pain about the way they are being treated. Believe. The",100 Day Tool Kit School Aged Children,56,100_day_kit
b5cd3eb7-01d6-419b-9ffe-7363c6dff2b9,"knowledge that a child is being bullied can raise many emotions. To be an effective advocate, parents need to react in a way that encourages the child to trust. Be supportive. Tell the child it is not his fault and that he does not deserve to be bullied. Empower the child by telling her how terrific she is. Avoid judgmental comments about the child or the child who bullies. Be patient. Children may not be ready to open up right away. The child might be feeling insecure, withdrawn, frightened, or",100 Day Tool Kit School Aged Children,56,100_day_kit
f8990cc0-5a7b-4df6-98e2-15ccf62b0294,ashamed. Provide information. Parents should educate their child about bullying by providing information at a level that the child can understand. Explore options for intervention strategies. Parents can discuss options with their child to deal with bullying behavior. Find the full article and many more bullying resources for you and your child at specialneeds.thebullyproject.com. Learn more about bullying and supporting students with autism in the Autism Speaks School Community Tool Kit.,100 Day Tool Kit School Aged Children,56,100_day_kit
2cf64aca-f133-481b-bf05-9e8bb5f4a794,"Bullying Unfortunately, children with autism are often vulnerable to bullying. In a 2012 study, the Interactive Autism Network found that a total of 63% of 1,167 children with autism, ages six to 15, had been bullied at some point in their lives. There are many tools and resources available to help prevent bullying of your child at school. Autism Speaks is proud to partner with National Center for Learning Disabilities, PACER’s National Bullying Center and Ability Path, as well as the documentary",100 Day Tool Kit School Aged Children,56,100_day_kit
6fcb7ba5-e9dc-4d97-9264-796d8bdb24dd,"film BULLY, to raise awareness about how bullying affects children with special needs. Information below is adapted from a Special Needs Anti-Bullying Tool Kit produced by the partnership.",100 Day Tool Kit School Aged Children,56,100_day_kit
2f2f327c-1e68-4877-a880-f6cb1a02334e,"SCHOOL AGE CHILDREN 54 Autism and wandering A 2012 study from the Interactive Autism Network confirmed that nearly half of all children with autism have attempted to wander or bolt from a safe, supervised place. Safety is a critical part of everyone’s life at home and in the community. Being aware of surroundings and taking precautions to stay safe are even more important for people with autism and their families. Work with your child’s treatment team to create a safety plan for your child.",100 Day Tool Kit School Aged Children,57,100_day_kit
f0c7a336-535e-44f2-9ca8-026a5149a027,"Wandering, or leaving a safe place alone, is a major concern in the autism community. For more information about safety and wandering, visit autismspeaks.org/safety. Wandering-related incidents among people with autism are far too common. In response to unfortunate incidents and the fears they have raised for parents in the autism community, we put together a list of steps you can take to prevent wandering incidents and keep your child safe at school. While there are many obvious ways to help",100 Day Tool Kit School Aged Children,57,100_day_kit
8cd88a76-5d8e-47ef-9e9d-699626b96331,"keep your child safe at home (door locks, fences, neighbor alerts, etc.), it is also critical to put in place a plan to help keep them safe at school. Seven steps you can take to prevent wandering at your child’s school 1. Address wandering issues in your child’s IEP. If there is a history of wandering incidents, it’s important to call a meeting with school staff, administrators and your child’s IEP team to make them aware of these past situations. 2. Write a letter requesting that you always be",100 Day Tool Kit School Aged Children,57,100_day_kit
b5a8d072-ea40-4027-99cc-91cc21c2f8a4,"informed, immediately and in writing, of any wandering incident on or off the campus. If your child requires 1-on-1 supervision, be sure to make this extremely clear to school staff – and clearly documented in the IEP – and emphasize that under no circumstances should your child be left alone. 3. Carefully document all wandering-related incidents. Sharing this information with the staff at your child’s school will help prepare them if such an incident occurs at school. For example, where has your",100 Day Tool Kit School Aged Children,57,100_day_kit
2d447624-4abd-4603-9a7b-78b941f4502e,"child been found in the past? Where would they most likely be drawn to near campus? 4. Try to eliminate all possible triggers that have led to wandering in the past. For example, if your child is drawn to water, be sure that all pools, lakes, etc. in the area of the school are blocked off so that there is no chance your child will be able to access them. 5. Ask what the school’s policies are on wandering prevention. Understand any and all security measures used by the school. If you think",100 Day Tool Kit School Aged Children,57,100_day_kit
a36737a3-b51e-4868-9fe4-4f5073b3b727,"something is missing, be sure to voice your concerns. 6. Introduce your child to all security staff. Provide the security team with more information about your child, such as how to calm them down, whether or not they respond well to touch, sound, etc. 7. Be sure that your child’s IEP also includes safety skills and wandering-prevention measures. Include these skills in your child’s therapy programs if you are able to do so.",100 Day Tool Kit School Aged Children,57,100_day_kit
76aae9f2-f449-446c-b630-6f48ceadaf27,"SCHOOL AGE CHILDREN 55 Conclusion Your child’s diagnosis may leave you with many different emotions. No matter what, remember that you are not alone. Others have gone down this road before you. You are stronger than you think. You can learn how to overcome challenges and best meet your child’s needs to help them live as fully and independently as possible. You may begin to experience the world in a new way. Your priorities may shift, and you will meet some incredible people who are dedicated to",100 Day Tool Kit School Aged Children,58,100_day_kit
7dfefa98-96de-4c87-84c7-bda49d596936,"helping autistic people succeed. Advances are being made every day in the field of autism research, including many studies looking into new treatments and interventions. Above all, your child will amaze you with progress both great and small. You and your child may face challenges, but you will also experience moments of great joy. You will learn to celebrate your child’s unique perspective, strengths and interests and have the privilege of guiding them as they grow into a wonderful, special",100 Day Tool Kit School Aged Children,58,100_day_kit
00a07bad-e794-425d-ad0d-abdc2ef24fbb,human being. We offer a number of resources and tool kits on our website to help you navigate this journey with your child. This 100 Day Kit is only the beginning. And the Autism Response Team is ready to answer your questions and connect you with resources. Call 888-288-4762 (en Español 888-772-9050) or email help@autismspeaks.org. A team member is happy to help you at every step of the way.,100 Day Tool Kit School Aged Children,58,100_day_kit
b6020157-b182-496b-80ae-18dc4e75b476,"SCHOOL AGE CHILDREN 56 A Week-by-Week Plan for the Next 100 Days Getting organized You may already have a lot of information about your child and about autism in general. Organizing paperwork and your child’s records can help you manage their care and progress. Use a simple system, like a binder and dividers, to keep all the information in one place. To get started, you may need to get supplies, like: • A binder • Dividers • Paper • Pens Your binder If you’re using a binder, you may want to",100 Day Tool Kit School Aged Children,59,100_day_kit
4d8843af-0d92-4ada-8e87-770ac1c712e0,organize all the paper and information by year and by subject. Here are some subjects you may want to include: Contacts. This is information about how to contact your child’s service providers and caregivers. You may want to include it in your cell phone contacts. Information can include: • Addresses • Phone numbers • Email addresses Schedules. This is information about dates and times to remember. You may want to include it in your cell phone calendar. Information can include: • Therapy and,100 Day Tool Kit School Aged Children,59,100_day_kit
1adcf139-c7ef-49a0-bda5-2d9c63b9dab6,"other appointments • Program start and end dates • Deadlines Diagnosis. This section includes medical documents and prescription information, if your child takes medication for any symptoms of autism or other physical or mental health conditions. Therapy. This section can include information about therapies your child receives. You may want to have a separate section on each one, like: • ABA • Speech therapy • Occupational therapy • Sensory integration Individualized Education Program (IEP). This",100 Day Tool Kit School Aged Children,59,100_day_kit
b65fc61b-b731-443e-a8d1-d4f34dcbf974,"section includes documents related to your child’s IEP (for children age three and older). We’ve included a sample contact list, phone log and weekly planner in this kit so you can copy and use them as needed. You also may want to summarize your child’s progress in therapy and at school with cover sheets in each section. Using your weekly planner The weeks and action items in this planner may be different than your child’s actual care. This is okay. Every child is different. Your plans depend on",100 Day Tool Kit School Aged Children,59,100_day_kit
b32d2c8d-8752-4c7d-8633-67f4d4dc8a71,"things like: • Your child’s age • Your child’s symptoms • Where you live • How long it takes to get evaluations and services You can adjust your planner, as needed, to respond to and meet your child’s needs. Follow the steps listed for each week. You also can add your own steps and notes along the way.",100 Day Tool Kit School Aged Children,59,100_day_kit
e4f07e33-f923-4148-a9e8-eab5fb087f69,"SCHOOL AGE CHILDREN 57 Start now. Week 1 Complete evaluations. • If your child hasn’t had a complete evaluation, you might want to schedule one to learn as much as you can about your child’s strengths, challenges and needs across a variety of areas. Get started right away. There may be a waiting list for evaluations and services. It’s okay to put your child’s name on several lists and then take the earliest appointment. Get Special Education services. • Contact your local school district about EI",100 Day Tool Kit School Aged Children,60,100_day_kit
ab68247c-32ae-4d93-a852-4707e9e4a270,"or special education services. Your school district will require that your child undergo the district’s evaluations, separate from the medical evaluations, at their expense, to determine your child’s eligibility for services. This can be a long and time-consuming process but may be useful in further determining the services your child needs. Keep a record of phone calls. • Make some time each day for phone calls to set up evaluations and begin services. • Track your calls. Write down the day and",100 Day Tool Kit School Aged Children,60,100_day_kit
c0c7964c-992f-453e-8f1a-86dfacc24c60,"time of each call you make. • Make a note of when to make a follow-up call. Start a video record. • Take videos of your child that show a range of behavior in different settings, including at home, at school and at therapy. • Record good and not-so-good behavior. Later, you can review your child’s behavior over time. • Make new recordings every three months. Use the video to track your child’s progress and to track what therapies work or don’t work for your child. Week 2 Get support. You can get",100 Day Tool Kit School Aged Children,60,100_day_kit
af8e7bdc-36b9-4931-86c4-dac5705c9ea0,"support from: • A parent support group • A parent mentor • A Special Education Parent Teacher Association (SEPTA) which may offer informational meetings and parent outreach Get services. • Ask for new services or follow-up on services you’ve already requested. • Check to find out where your child is on waiting lists and what programs are available. • Track your phone calls and when to make a follow-up call. Learn about treatment options. • Get information online from trusted sources, such as",100 Day Tool Kit School Aged Children,60,100_day_kit
77a95654-8323-4175-8158-36c45af37a03,"websites ending in .gov, .org or .edu. Be sure to check that the options are evidence-based. • Speak to your child’s providers. Learning about your child’s treatment can help you make informed decisions for your child and your family. • Join online groups and ask questions. Sharing experiences with others can help you feel more confident about your child’s treatment and progress. • Contact the Autism Speaks Autism Response Team. Our trained staff can answer questions and help you find local",100 Day Tool Kit School Aged Children,60,100_day_kit
b8743ad7-4997-4ed7-8f33-08570658544c,resources. Call: 1-888-AUTISM2 (1-888-288-4762) En Español: 1-888-772-9050 Email: help@autismspeaks.org,100 Day Tool Kit School Aged Children,60,100_day_kit
d17cc3f8-8c52-42bd-87f1-9c735cf0a0dc,"SCHOOL AGE CHILDREN 58 Week 3 Get services. • Ask for new services or follow up on services you’ve already requested. • Check to find out where your child is on waiting lists and what programs are available. • Track your phone calls and when to make a follow-up call. Play with your child. Play is an important part of any child’s development. For a child with autism, it’s a critical part of learning social skills and how to interact with others. Spend time with your other children. Autism affects",100 Day Tool Kit School Aged Children,61,100_day_kit
c0c9b5ec-a039-4892-8143-fc171f196bb4,"your whole family, including your other children. Take time alone with them to: • Ask them how they’re feeling. • Take time to support their interests, activities and engage with their friends. Week 4 Build your team. Continue to add members to your child’s care team, including: • Health care providers • Therapists and other service providers • Teachers Observe your child’s therapy sessions to identify new team members. Talk to other parents to help you find therapists and other providers. Start",100 Day Tool Kit School Aged Children,61,100_day_kit
f40972fa-e7a5-4474-b177-8b592dcc4abb,your child’s therapy even if you don’t have every team member in place before. Visit our Resource Guide to find resources and services in your area. Create a safety plan. • Read the section of this kit about safety. • Look around your home for possible safety hazards. • Identify any triggers that might lead your child to wander or exhibit other unsafe behavior. Develop strategies to eliminate these triggers as best you can. • Contact local police and fire departments to tell them about your,100 Day Tool Kit School Aged Children,61,100_day_kit
c70b3bd9-8b35-4a1b-b45d-708524592122,"child’s needs to help ensure your child’s safety. Visit autismspeaks.org/safety for more resources. Plan some time away. It’s okay to spend some time away from your child. Taking care of yourself can help you better care for your family. Even if it’s just going for a quick walk by yourself, taking a break can help you re-energize for the rest of the day. Week 5 Continue building your team. See Week 4. Find out about your insurance. • Contact your health insurance to find out what therapies are",100 Day Tool Kit School Aged Children,61,100_day_kit
38bae53a-3b1f-40a7-a793-c598297d695a,"covered. Your health insurance may cover therapies or services not covered by your child’s IEP. • Keep track of your insurance claims. You may want to create a separate binder to keep track of insurance forms and paperwork. Know your child’s legal rights. Familiarize yourself with your child’s rights. There is a wealth of information available, including on the Autism Speaks website. Learn your rights to special education services. You may find out your child is entitled to services you weren’t",100 Day Tool Kit School Aged Children,61,100_day_kit
2a118999-31ec-4cd0-9ca4-9aa6753c0d5d,aware of or hadn’t considered. Understanding your rights can help you ensure that your child is getting all of the services to which they are entitled.,100 Day Tool Kit School Aged Children,61,100_day_kit
9b5b89cb-52a3-45d2-bea8-4d90364587c1,"SCHOOL AGE CHILDREN 59 Do something for you. • Be proud of what you’ve done in the first month since your child’s diagnosis. It may have been one of the most challenging months of your life. But you did it! • Take care of yourself. Do things that you like to do, especially things you did before your child’s diagnosis. • Ask family and friends for help. They may want to help but aren’t sure what to do. Be direct and tell them exactly what you need. Week 6 Continue to learn about treatment options.",100 Day Tool Kit School Aged Children,62,100_day_kit
1f4d3062-1822-47bf-b4f9-10c68e2c29b9,• Look for information online. • Talk to your child’s provider. • Go to a workshop or conference about autism in your area. • Contact our Autism Response Team. Connect with other parents. • Join a support group either in person or online. Being with people who know what you are going through will help you stay strong. You can learn a lot from hearing other people’s stories. • Spend time with a parent who has had experiences like yours. Your child’s health care providers or therapists may be able,100 Day Tool Kit School Aged Children,62,100_day_kit
11405075-62ed-4ee4-a1c6-146ea89c8550,"to connect you with other parents in similar situations. Find childcare. • Get a babysitter who has experience caring for autistic children. Ask parents, people in your support group and your child’s health care provider to help you find someone. • Do a test run. When you find a sitter, plan a short night out. • If you already have a babysitter, invite them to spend time with you and your child so they can learn how to care for your child. Continue to build your team. Continue to follow up on",100 Day Tool Kit School Aged Children,62,100_day_kit
054062b7-8cf7-4b4d-bd18-9b8a5dee70b0,"services and research any new possible providers. Schedule a team meeting. • Schedule a meeting with your child’s therapists and caregivers. If you can’t meet in person, ask them for help setting up a conference call. At the meeting: Set up lines of communication, such as email or text message chains. Encourage them to communicate with each other as needed. Set up a communication schedule so you are always on the same page with regard to your child’s progress. Set measurable goals for your child",100 Day Tool Kit School Aged Children,62,100_day_kit
c9b695fb-25aa-4a5d-941c-b72508a74813,and determine how and how often you will follow up on them. Week 7 Learn how to use your child’s therapy methods. • Use your child’s therapy methods at home. This can help your child progress even between therapy sessions. • Take parent training. Therapists often train parents on how to do therapies at home. Ask your child’s providers for tips on how to best incorporate their strategies into your child’s every day life. Create a weekly schedule. Keep a written schedule of your child’s,100 Day Tool Kit School Aged Children,62,100_day_kit
08cde6dc-1a83-4d4a-9efb-357fa0faf101,"appointments. This will help you stay organized and on time. It can also help you plan for other members of your family. • Keep the schedule in your binder or on your phone. Continue learning about treatments and services Consult the Autism Speaks website for contacts in your area. Stay organized. • Spend some time on your binder. • Add paperwork and new tabs, as needed. • Throw out things you don’t need.",100 Day Tool Kit School Aged Children,62,100_day_kit
bb00a55b-2f2a-4d01-9515-6ea2e8af7fe5,"SCHOOL AGE CHILDREN 60 Week 8 Check your progress. Look back through this plan. Is there anything you started that needs follow up? Find recreational activities for your child. • Find out about recreational activities for your child in your community, like gymnastics or swimming. Being active outside of home and school can help broaden your child’s development. Some organizations have programs just for people with autism. • Ask other parents about programs that their children enjoyed. • Use our",100 Day Tool Kit School Aged Children,63,100_day_kit
6eafe5c6-df63-4dc0-833c-cbb6a528c43f,"Resource Guide and our calendar of sensory- friendly events to find programs in your area. Plan time with your other children. Your other children will learn a great deal from having a sibling with autism. Maintaining as much normalcy as possible will help them reach their potential too. Help teach them that though their sibling may be different from them, they can still have an amazing relationship, it may just be different as well. Try to provide them with strategies to do so. Stay connected",100 Day Tool Kit School Aged Children,63,100_day_kit
cf1010d7-f8c6-45dd-9ff1-9c5af82add8a,"with friends and family. • Stay in touch with friends, neighbors and family. Talk to them often and make plans to see them. • Keep up your social life as best you can. • Be active in community events. Going out and being involved can help you feel less isolated. Spend time alone with your partner. • Plan a relaxing and fun activity with your partner. • Celebrate your progress through month two! Week 9 Continue to build your child’s care team. Continue to evaluate service providers and therapists.",100 Day Tool Kit School Aged Children,63,100_day_kit
a76a6d97-1198-4b85-9d3e-da657b57bd39,"Use the internet. • Find online resources that are helpful to you. Add useful and trusted sites to your favorites in your web browser. • Sign up for e-newsletters, list-servs and online communities where parents and professionals share information. Continue to connect with other parents. • Meet and spend time with other parents of autistic children. Being around other adults who share your experiences can help you build confidence and stay strong. • Stay active with a support group, either",100 Day Tool Kit School Aged Children,63,100_day_kit
6a5f7618-938b-499a-a540-2562381be151,in-person or online. Check in on your child’s sessions. Continue to observe your child’s therapy sessions. Your child should be getting used to their therapy routine by now. Play with your child. Continue to use the strategies you’ve learned from parent training sessions and other resources. Week 10 Schedule a team meeting. • Schedule a meeting to discuss progress and strategies. • Stay involved with the team. Attend therapy sessions as often as you can. This can help you be better informed about,100 Day Tool Kit School Aged Children,63,100_day_kit
111867e7-be70-4425-92e9-f46ae2b7310f,your child’s needs and goals for the team meetings. • Encourage your team. Let them know you appreciate everything they are doing for your child.,100 Day Tool Kit School Aged Children,63,100_day_kit
aa3e6c0e-5cde-4e3d-9a09-cb22babf9e83,SCHOOL AGE CHILDREN 61 Plan a family outing. • Plan an activity that everyone in your family can do. • Use the strategies you’ve learned from the care team to help your child participate. • Ask your child’s therapists to help you pick the activity and plan strategies that can help make it a success. Learn more about the law. Continue to learn about your child’s legal rights to services. Week 11 Check your child’s progress. • Note how long your child has been in treatment. It may be a full month,100 Day Tool Kit School Aged Children,64,100_day_kit
e6f47f74-4863-4c12-9614-2486fbd26382,"by now. • Review your binder and videos to look for improvements. • Continue to attend therapy sessions. Take notes on what you see. Keep them in your binder and bring them to your next team meeting. Dig deeper into treatment options. • Set aside time to read more about treatments and therapies. • Take notes and include them in your binder. Week 12 Connect with your partner. • Take some one-on-one time together. • If you’ve had a hard time communicating with each other, see a counselor. A",100 Day Tool Kit School Aged Children,64,100_day_kit
24d38a27-569c-4a92-9f60-b430fe4f07ec,"counselor can help you learn to share your feelings and help keep your relationship healthy. Continue connecting with other parents. Stay active in support groups. Parents are amazing resources and can give you emotional and day-to-day support. If your group doesn’t feel right to you or you need a different kind of support, look for another group. It’s okay to have more than one or to feel more comfortable with one group than another. Sign up for parent training. Using the methods you are",100 Day Tool Kit School Aged Children,64,100_day_kit
1a829aff-df92-42fa-9b43-5f5c94a7b956,"learning from your child’s therapists will help create a productive environment at home, so your child will have the best chance of obtaining their goals. Week 13 Schedule a team meeting. • Have a team meeting to check your child’s progress. You should see progress after at least six weeks of consistent therapy. • If you’ve seen little or no progress, talk with the team about adjustments to your child’s therapies and routines. Continue learning about autism and what works for your child. Keep",100 Day Tool Kit School Aged Children,64,100_day_kit
1253e932-57c6-4e58-a60c-8c46b6b7e17a,"learning about autism. Books, seminars, movies, websites – all sorts of resources can help you deepen your understanding of autism and your child. See the Resources section of this kit for ideas. Week 14 Do something for you. Enjoy some “me” time. Do something nice for yourself. Celebrate your success through 100 days!",100 Day Tool Kit School Aged Children,64,100_day_kit
7c017474-eb20-4bec-ac78-f0d317e40798,"SCHOOL AGE CHILDREN 62 About the program Program content Comparing treatment methods & providers Adapted from Does My Child Have Autism? by Wendy L. Stone, Ph.D. with Theresa Foy DiGeronimo, 2006. Name of program/provider Method Location Phone number Email Website Hours per week Cost Reimbursement What are the developmental areas of focus? (language, communication, peer play, social interactions, behavior, pre-academic skills, parent training, etc.) How specific are the goals identified for each",100 Day Tool Kit School Aged Children,65,100_day_kit
65467ea5-055c-426f-b459-25a212550397,child? How are behaviors and skills prioritized? What kind of teaching is used? How are behaviors managed?,100 Day Tool Kit School Aged Children,65,100_day_kit
5fc14e6b-013d-4495-9227-e1ffd6d0fca3,SCHOOL AGE CHILDREN 63 Measuring progress Therapist qualifications How will I know if my child is making progress? How long will it be before I see changes? What types of improvements should I expect? How often will you assess progress and how is it measured? How many children with autism have you worked with? What ages? Do you serve children over three years old? What are your qualifications? What type of training do you have? Do you have a professional degree or certificate? (Ask for details.),100 Day Tool Kit School Aged Children,66,100_day_kit
438a911b-ceb9-47bc-9126-480aefb7741c,Are you affiliated with a professional organization? (Ask for details.) What do you see as your strongest skill in working with children with autism? Are there issues or problems you consider to be outside of your realm of expertise?,100 Day Tool Kit School Aged Children,66,100_day_kit
39d65a0a-2298-44e8-85c5-2f2a7f674a02,SCHOOL AGE CHILDREN 64 Scientific evidence of effectiveness Personal involvement Parent involvement Compatibility with other treatments Is there research to support the effectiveness of this type of treatment? (Ask for details as well as copies of published articles.) Will I be able to participate in the treatment? Will you teach me how to work with my child? How? Who will be providing the direct intervention with my child? What type of training does he/she have? Who will be supervising him/ her,100 Day Tool Kit School Aged Children,67,100_day_kit
495bc225-67ea-4a07-9dea-94bd3460a386,and how? How many hours per week of your treatment will my child need? Is your treatment compatible with other interventions my child is participating in?,100 Day Tool Kit School Aged Children,67,100_day_kit
1cd8bbc5-2202-4cd0-bf81-3af61e1d5a4d,"SCHOOL AGE CHILDREN
65
Service Planner
Agency & 
contact
Phone #
Date called
Requested 
services
Requested # 
of sessions 
and duration
Availability
Status
Follow-up
Other info",100 Day Tool Kit School Aged Children,68,100_day_kit
e901424c-26d2-4594-8bb9-34c1124933c4,"SCHOOL AGE CHILDREN
66
Service Planner
Agency & 
contact
Phone #
Date called
Requested 
services
Requested # 
of sessions 
and duration
Availability
Status
Follow-up
Other info",100 Day Tool Kit School Aged Children,69,100_day_kit
d0d71dfe-8371-4055-a9ff-5b48c5751dc8,"SCHOOL AGE CHILDREN
67
Contacts: Medical
Specialty
Name of contact
 
Name of practice
Phone number
Address
Specialty
Name of contact
 
Name of practice
Phone number
Address
Specialty
Name of contact
 
Name of practice
Phone number
Address
Specialty
Name of contact
 
Name of practice
Phone number
Address
Specialty
Name of contact
 
Name of practice
Phone number
Address
Specialty
Name of contact
 
Name of practice
Phone number
Address",100 Day Tool Kit School Aged Children,70,100_day_kit
c0703c23-6af2-4589-a513-6d4754d9bd42,"SCHOOL AGE CHILDREN
68
Contacts: Therapy
Specialty
Name of contact
 
Name of practice
Phone number
Address
Specialty
Name of contact
 
Name of practice
Phone number
Address
Specialty
Name of contact
 
Name of practice
Phone number
Address
Specialty
Name of contact
 
Name of practice
Phone number
Address
Specialty
Name of contact
 
Name of practice
Phone number
Address
Specialty
Name of contact
 
Name of practice
Phone number
Address",100 Day Tool Kit School Aged Children,71,100_day_kit
532a76a7-bc9b-44ab-87a7-62ded64f67f1,"SCHOOL AGE CHILDREN
69
Contacts: Support
Specialty
Name of contact
 
Name of practice
Phone number
Address
Specialty
Name of contact
 
Name of practice
Phone number
Address
Specialty
Name of contact
 
Name of practice
Phone number
Address
Specialty
Name of contact
 
Name of practice
Phone number
Address
Specialty
Name of contact
 
Name of practice
Phone number
Address
Specialty
Name of contact
 
Name of practice
Phone number
Address",100 Day Tool Kit School Aged Children,72,100_day_kit
8d42d782-f190-4737-bf44-21a6c56f82ba,"SCHOOL AGE CHILDREN
70
Contacts: Other
Specialty
Name of contact
 
Name of practice
Phone number
Address
Specialty
Name of contact
 
Name of practice
Phone number
Address
Specialty
Name of contact
 
Name of practice
Phone number
Address
Specialty
Name of contact
 
Name of practice
Phone number
Address
Specialty
Name of contact
 
Name of practice
Phone number
Address
Specialty
Name of contact
 
Name of practice
Phone number
Address",100 Day Tool Kit School Aged Children,73,100_day_kit
8e7672f3-4b1e-498e-ad3f-11f9828e1dd7,"SCHOOL AGE CHILDREN
71
Phone Log
Name of contact
Phone number
Date and time
Date and time
Date and time
Date and time
Summary
Summary
Summary
Summary
Follow-up required
Follow-up required
Follow-up required
Follow-up required
a.m.
a.m.
a.m.
a.m.
p.m.
p.m.
p.m.
p.m.
/
/
/
/
/
/
/
/
Date and time
Summary
Follow-up required
a.m.
p.m.
/
/",100 Day Tool Kit School Aged Children,74,100_day_kit
0e0d4670-5563-4f5b-be6f-50f97f2a407a,"SCHOOL AGE CHILDREN
72
Phone Log
Name of contact
Phone number
Date and time
Date and time
Date and time
Date and time
Summary
Summary
Summary
Summary
Follow-up required
Follow-up required
Follow-up required
Follow-up required
a.m.
a.m.
a.m.
a.m.
p.m.
p.m.
p.m.
p.m.
/
/
/
/
/
/
/
/
Date and time
Summary
Follow-up required
a.m.
p.m.
/
/",100 Day Tool Kit School Aged Children,75,100_day_kit
1a2eb67c-180a-4484-90d1-e4a642462759,"SCHOOL AGE CHILDREN
73
Phone Log
Name of contact
Phone number
Date and time
Date and time
Date and time
Date and time
Summary
Summary
Summary
Summary
Follow-up required
Follow-up required
Follow-up required
Follow-up required
a.m.
a.m.
a.m.
a.m.
p.m.
p.m.
p.m.
p.m.
/
/
/
/
/
/
/
/
Date and time
Summary
Follow-up required
a.m.
p.m.
/
/",100 Day Tool Kit School Aged Children,76,100_day_kit
b2307d1d-e7d2-497b-89d3-0188bbb6e28f,"SCHOOL AGE CHILDREN
74
Assessment tracking
Type of therapy
Date
Test 
administered
Evaluator
Standard score
Age equivalent
Change in 
standard score
Change in age 
equivalent",100 Day Tool Kit School Aged Children,77,100_day_kit
e6fcd593-815c-4bca-88c9-40b0ba84df40,"SCHOOL AGE CHILDREN
75
Assessment tracking
Type of therapy
Date
Test 
administered
Evaluator
Standard score
Age equivalent
Change in 
standard score
Change in age 
equivalent",100 Day Tool Kit School Aged Children,78,100_day_kit
951efc7d-81ec-43d8-a18a-d904e591e1aa,"SCHOOL AGE CHILDREN
76
Goal tracking: IEP
Date
Comments
Goals mastered
Goals making 
progress
Goals just started
Goals not started",100 Day Tool Kit School Aged Children,79,100_day_kit
7acd2619-85bd-4091-a1c2-4b259af7fc9f,"SCHOOL AGE CHILDREN
77
Safety log
In the chart below, include any wandering incidents, attempts or interactions that put your child at risk. Keep track 
of what was going on before, during and after the incident to try and determine antecedents, triggers and possible 
prevention methods. Ask your child’s behavioral team, teachers and other caregivers to complete the log as needed.
Date
Location
Description
Possible triggers
Changes needed
Suggested 
next steps",100 Day Tool Kit School Aged Children,80,100_day_kit
1ab25161-6af7-41f6-812a-cec2fb6d0a90,"SCHOOL AGE CHILDREN 78 Glossary 0-9 504 Plan A plan that identifies accommodations (changes or adjustments) that a student with a disability needs to be successful at school. Students with a 504 plan don’t generally receive an IEP or special education services. Students who don’t qualify for an IEP may qualify for a 504 plan. A Accommodations Changes or adjustments that help meet a person’s individual needs. Aggressive behavior Hostile or violent behavior, including hitting others, destroying",100 Day Tool Kit School Aged Children,81,100_day_kit
51a8a76d-0cb3-48b7-b162-2747699e9d00,"property, or throwing tantrums. Aggression is among the most common challenges reported by parents of children and adolescents with autism. Allergy A reaction by the immune system to something that does not bother most other people, such as certain foods, pollen or animals. American Psychiatric Association An organization of psychiatrists working together to ensure humane care and effective treatment for all persons with mental illness. Americans with Disabilities Act (ADA) U.S. law that ensures",100 Day Tool Kit School Aged Children,81,100_day_kit
df46fe2e-bc07-4766-aa43-66e45b96deb0,"rights of persons with disabilities with regard to employment and other issues. Angelman syndrome A genetic disorder causing developmental delays and neurological problems, often accompanied by seizures. Children often display hyperactivity, small head size, sleep disorders and movement and balance disorders. Antecedent A verbal or physical stimulus, such as a command or request. The first in the three-step process used in Applied Behavior Analysis (ABA). Anticonvulsant A type of drug used to",100 Day Tool Kit School Aged Children,81,100_day_kit
c73ecbe3-0f32-432f-9af9-da75193ba6b5,prevent or stop seizures or convulsions; also called antiepileptic. Anxiety Strong feelings of worry or fear about everyday activities. Anxiety disorder affects an estimated 30% of individuals with autism. Applied Behavior Analysis (ABA) A style of teaching using series of trials to shape desired behavior or response. Skills are broken into small compo- nents and taught the individual through a system of reinforcement.,100 Day Tool Kit School Aged Children,81,100_day_kit
2829797c-820e-482d-904c-bb8b66658305,"SCHOOL AGE CHILDREN 79 Asperger syndrome A developmental disorder, no longer used in the DSM-5, on the autism spectrum defined by impairments in communication and social development and by repetitive interests and behaviors, without a significant delay in language and cognitive development. The DSM-5 indicates that individuals with a “well-established diagnosis” of this condition “should be given the diagnosis of autism spectrum disorder.” Assisted communication device A tool that helps you",100 Day Tool Kit School Aged Children,82,100_day_kit
1412ddaf-9d67-4a5f-ab15-d4b66c7171ea,"communicate with others. Examples include picture cards and electronic tablets that speak words that you type. Attention deficit hyperactivity disorder (ADHD) A disorder that affects approximately 1 in 5 children with autism. Symptoms include chronic problems with inattention, impulsivity and hyperactivity. Audiologist A professional who diagnoses and treats individuals with hearing loss or balance problems. Augmentative and alternative communication (AAC) Methods of communication for people who",100 Day Tool Kit School Aged Children,82,100_day_kit
ec188eaa-a40e-4af0-8295-3afa446f60e8,"can’t use speech (talking) to communicate; examples include sign language and using a computer for speech. Autism Speaks Autism Treatment Network (ATN) A collaboration of Autism Speaks and some of the finest children’s hospitals and academic institutions in North America, specializing in multi-disciplinary medical care for children with autism. Autism Spectrum Disorder (ASD) Also called autism. A condition characterized by a broad range of challenges with social skills, repetitive behaviors, and",100 Day Tool Kit School Aged Children,82,100_day_kit
5da47941-9ce3-49ce-a071-06e97b2b49bd,speech and nonverbal communication. Autism-risk genes Specific genes that have been found to increase the risk of autism. Autistic A term that many people who meet the criteria for ASD have adopted to describe their differences. B Babbling One of the first ways a baby communicates. Involves stringing together vowels and consonants such as “bababa” or “dadada”. Baseline data Measurement of a behavior before an intervention is begun. Progress is measured by comparing current behavior to baseline,100 Day Tool Kit School Aged Children,82,100_day_kit
fe334fbd-d032-4695-87f8-5e4e065590b2,"data. Behavioral intervention An intervention focused on increasing positive behavior and limiting challenging behavior, such as Applied Behavior Analysis.",100 Day Tool Kit School Aged Children,82,100_day_kit
7155ddec-3bf3-4b92-8626-e9a4f6557220,"SCHOOL AGE CHILDREN 80 Biomedical interventions A range of treatment methods that address underlying medical conditions and biological processes, such as the gastrointestinal system, diet and nutrition, immune function and sleep. Board-certified behavior analyst (BCBA) A professional specialized in autism, certified and trained to write, implement and monitor a child’s individualized ABA program. Body language Nonverbal communication through physical movements and gestures. Brain abnormalities",100 Day Tool Kit School Aged Children,83,100_day_kit
8f0f4849-72b4-46d6-826a-f87a80035efa,"Differences in typical features of the brain such as structure or functioning. C Casein A protein found in milk, used in forming the basis of cheese and as a food additive. Childhood disintegrative disorder A disorder in which development begins normally in all areas, physical and mental. At some point between 2 and 10 years of age, the child loses previously developed skills. The child may lose social and language skills and other functions, including bowel and bladder control. The diagnosis is",100 Day Tool Kit School Aged Children,83,100_day_kit
2795612d-996a-4957-b59f-e54438e1e2b9,"no longer used in DSM-5, but DSM-5 indicates that individuals with a “well-established diagnosis” of this condition “should be given the diagnosis of autism spectrum disorder.” Chromosomal (single-gene) disorder A disorder caused by a single gene. Examples include Fragile X syndrome, cystic fibrosis and muscular dystrophy. Chromosome-15 duplication syndrome A chromosome abnormality that occurs when an extra (duplicate) copy of the genetic material located on chromosome-15 is present in each cell.",100 Day Tool Kit School Aged Children,83,100_day_kit
517352fc-bcb9-4222-8f41-202f6cf6ad0d,Chromosome An organized package of DNA found in the nucleus of the cell. Chromosomes are the physical carrier of genes. Chronic constipation An ongoing condition of having fewer than three bowel movements per week. Cognitive behavioral therapy A form of therapy that seeks to make changes in thoughts and perceptions of situations through a change in cognition or how thinking is processed. Cognitive deficit An inclusive term to describe any characteristic that acts as a barrier to mental skills,100 Day Tool Kit School Aged Children,83,100_day_kit
9369b22a-e503-482a-ba9f-b31ec4f17a22,"such as acquiring information and knowledge. Cognitive skills Any mental skills that are used in the process of acquiring knowledge; these skills include reasoning, perception and judgment.",100 Day Tool Kit School Aged Children,83,100_day_kit
bf21af6b-ce29-4199-a4aa-a4e6d55a2647,"SCHOOL AGE CHILDREN 81 Colitis An inflammation of the large intestine. Community skills assessment An assessment that helps parents and professionals look at the current skill levels and abilities of students with autism related to participating in community life, such as self-advocacy, safety, transportation and leisure. The results will help you develop a unique and comprehensive plan. Comorbid conditions Different conditions that occur in the same person. Complete Blood Count (CBC) A lab test",100 Day Tool Kit School Aged Children,84,100_day_kit
0eea22f2-74ed-436b-98b3-78347dfb17f4,"reporting number of white blood cells, red blood cells, platelets, hemoglobin, hematocrit and other values reflecting overall blood health. Compulsions Deliberate repetitive behaviors that follow specific rules, such as those pertaining to cleaning, checking or counting. In young children, restricted patterns of interest may be an early sign of compulsions. Computed Axial Tomography A medical test that examines organs by scanning with X rays and using a computer to construct series of",100 Day Tool Kit School Aged Children,84,100_day_kit
4bd28112-c1d2-4236-9e10-d10b5aef64aa,"cross-sectional scans. Called “CAT” scan. Consequence A result or effect of an action or condition. Consequences are used in behavioral therapy and can include positive reinforcement of the desired behavior or no reaction for incorrect responses. Convulsions Whole body shaking that can sometimes be caused by epilepsy or seizure disorder. D Daily living skills Also called life skills or independent living skills. Skills that you need to manage your everyday life. Examples include self-care, home",100 Day Tool Kit School Aged Children,84,100_day_kit
d6a6472d-6ec0-4704-b762-23770994e850,"care, cooking and managing money and time. Depression A mental health condition that affects an estimated 7 percent of children and 26 percent of adults with autism. Signs can include loss of interest in once-favorite activities, a noticeable worsening in hygiene, chronic feelings of sadness, hopelessness, worthlessness and irritability. Developmental disorder Refers to several disorders that affect normal development. May affect single area of development (specific developmental disorders) or",100 Day Tool Kit School Aged Children,84,100_day_kit
fc7512a0-9ee0-445a-9b05-26bd70ef9d44,several areas (pervasive developmental disorders). Developmental evaluation A thorough assessment of current developmental concerns. It is often the first step of the autism diagnosis process.,100 Day Tool Kit School Aged Children,84,100_day_kit
071c8473-1b27-4c73-9af6-3efce4a07f80,"SCHOOL AGE CHILDREN 82 Developmental milestones Skills or behaviors that most children can do by a certain age that enable the monitoring of learning, behavior and development. Developmental pediatrician A doctor who treats children with learning, developmental and behavior problems. Diagnose To find out if a person has or doesn’t have a certain health or medical condition. Diagnostic and Statistical Manual of Mental Disorders (DSM-5) The official system for classification of psychological and",100 Day Tool Kit School Aged Children,85,100_day_kit
320af0e9-d172-4128-8e42-d2784cd0edf6,"psychiatric disorders published by the American Psychiatric Association in 2013 that, among other changes, established new criteria for an autism diagnosis, eliminated the previously separate subcategories on the autism spectrum, including Asperger syndrome, PDD-NOS, Childhood Disintegrative Disorder and Autistic Disorder and added a new category called Social Communication Disorder (SCD). Diarrhea Loose, watery stools (bowel movements). Dietary intervention A change to a person’s diet for health",100 Day Tool Kit School Aged Children,85,100_day_kit
79ecd54b-17f7-4e11-a956-98c87df1a329,"purposes such as the removal of dairy or addition of supplements. Some evidence suggests that GI issues may be helped by dietary intervention. Digestive tract The group of organs that food and liquids travel through when they are swallowed, digested, absorbed and leave the body as feces. Disclosure Telling others about your differences or disability. Discrete Trial Training (DTT) An ABA technique that involves teaching individual skills one at a time using several repeated teaching trials and",100 Day Tool Kit School Aged Children,85,100_day_kit
f2aeca10-806e-4a0d-bced-c78dda50fb90,"reinforcers that may or may not be related to the skill that is being taught. DTT is the most traditional ABA technique. E Early and Periodic Screening, Diagnostic and Treatment (EPSDT) A benefit that provides comprehensive and preventive health care services for children under age 21 who are enrolled in Medicaid. Early Intervention evaluation When an EI specialist looks at a child’s skills and development to see if the child qualifies for (can get) EI services. Early Intervention services",100 Day Tool Kit School Aged Children,85,100_day_kit
9829d664-e472-4eab-ba2c-e9ddc1324b11,Services and supports for children from birth through age 3 who have developmental delays and disabilities. EI services can help children learn important skills for school and daily life. They can include programs to help a child learn physical and self-help skills and to communicate and interact with others.,100 Day Tool Kit School Aged Children,85,100_day_kit
5da18d37-b68a-4624-b554-fe0e8a75f8d7,"SCHOOL AGE CHILDREN 83 100 DAY KIT Early Start Denver Model (ESDM) A comprehensive behavioral early intervention approach for children with autism, ages 12 to 48 months, that uses a developmental curriculum that defines the skills to be taught at any given time and a set of teaching procedures used to deliver this content. Electroencephalogram (EEG) A test using electrodes on the scalp to record electrical brain activity. For diagnoses of seizure disorder or abnormal brain wave patterns.",100 Day Tool Kit School Aged Children,86,100_day_kit
2268f38b-dd35-44f6-81d2-2c44b98d266a,"Environmental factor Any nongenetic influence. The role of environmental factors in the development of autism is a crucial area of study. Epilepsy (seizure disorder) A pattern of repeated seizures, causes include head injury, brain tumor, lead poisoning, genetic and infectious illnesses. Cause is unknown in 50% of cases. Esophagitis Inflammation of the esophagus, the soft tube-like portion of the digestive tract connecting the pharynx with the stomach. Executive functioning Brain processes that",100 Day Tool Kit School Aged Children,86,100_day_kit
1b0a3d19-cc22-4b6a-95ae-3663479f1562,"allow you to focus on a task, organize your ideas and solve problems. Expressive language Communication of intentions, desires or ideas to others, through speech or printed words and includes gestures, signing, communication board and other forms of expression. Extended School Year (ESY) Services Provided during breaks from school, such as during summer vacation, for students who experience substantial regression in skills during school vacations. F Feeding therapy An intervention that helps",100 Day Tool Kit School Aged Children,86,100_day_kit
afb4fa62-284d-43df-b6e2-077becf1b55c,teach people with feeding issues how to eat or eat better. This type of therapy is usually provided by a trained occupational or speech therapist. Food intolerance A food sensitivity that occurs when a person has difficulty digesting a particular food. Fragile X syndrome A genetic disorder that shares many of the characteristics of autism. Individuals may be tested for Fragile X. Free appropriate public education (FAPE) Means that education must be provided to all children ages 3 to 21 at public,100 Day Tool Kit School Aged Children,86,100_day_kit
e1632396-9f3d-45a8-8db8-1e58d9d295f6,expense.,100 Day Tool Kit School Aged Children,86,100_day_kit
dc9d826f-21e7-4494-b366-ba371c6b3f40,"SCHOOL AGE CHILDREN 84 G Gastritis Inflammation of the stomach. Gastroenterologist A doctor specializing in diagnosis and treatment of disorders of Gl tract, including esophagus, stomach, small intestine, large intestine, pancreas, liver, gallbladder and biliary system. Gastroesophageal reflux The return of stomach contents back up into the esophagus which frequently causes heartburn due to irritation of the esophagus by stomach acid. Gastrointestinal (GI) Pertains to the digestive tract,",100 Day Tool Kit School Aged Children,87,100_day_kit
1158cd99-48cf-4fef-ba1d-734069dc0b68,"including the mouth, throat, esophagus, stomach, small intestine, large intestine and rectum. Genetic Pertaining to genes or heredity. We know that genetics strongly influence the risk for developing autism. However, genetics alone do not account for all instances of autism. Geneticist A medical doctor who specializes in genetic problems. Genes are the unit in the chromosome that contain the blueprint for the transmission of inherited characteristics. Gestures Hand and head movements, used to",100 Day Tool Kit School Aged Children,87,100_day_kit
891d5dd4-e300-4341-9a6f-657a319884c6,"signal to someone else, such as a reach, wave, point or head shake. They convey information or express emotions without the use of words. Global developmental delay A diagnosis in children younger than 5, characterized by delay in two or more developmental domains. Gluten A protein present in wheat, rye and barley. Gluten-free casein-free diet (GFCF) A dietary invention that involves the removal of gluten and casein from a person’s diet. Many families have found their children’s comfort level and",100 Day Tool Kit School Aged Children,87,100_day_kit
f13c56d5-eccc-4ec4-bc3b-be04b692305c,"behaviors improved with this eating plan, though there is minimal scientific evidence that shows this diet directly improves symptoms of autism. Grand-mal seizure (See seizures) H Health insurance Also called health coverage or a health plan. Helps pay for medical services for you and your family. Hyperactivity Characterized by constantly increased movement and impulsive actions.",100 Day Tool Kit School Aged Children,87,100_day_kit
3827d50f-5704-4ffc-af59-df906b24180c,"SCHOOL AGE CHILDREN 85 Hyperlexia The ability to read at an early age. To be hyperlexic, a child does not need to understand what they are reading. Hyper-reactivity (hypersensitivity) A tendency, outside the norm, to react negatively or with alarm to sensory input which is generally considered harmless or non-irritating to others. Hypo-reactivity (hyposensitivity) Lack of a behavioral response, or insufficient intensity of response, to sensory stimuli considered harmful and irritating to others.",100 Day Tool Kit School Aged Children,88,100_day_kit
a7058e47-5e6e-4aa6-9898-5ec1fe5d6447,"I Identity-first language Terminology that leads with a specific part of a person’s identity, such as “autistic adult”. Some people with ASD prefer this type of language. Immune system A complex system within the human body that prevents or limits infection. Researchers are looking at the role of the immune system in increasing the risk of autism. Impulsivity A tendency to act with little or no consideration of the consequences. A defining symptom of ADHD. Inattention A lack of attention or",100 Day Tool Kit School Aged Children,88,100_day_kit
593b6780-37a3-4e09-8d34-9b197d3e439c,"difficulty sustaining focus. A defining symptom of ADHD. Inclusion Involves educating all children in regular classrooms, regardless of degree or severity of disability. Effective inclusion takes place with planned system of training and supports; involves collaboration of multidisciplinary team, including regular and special educators. Individualized Education Program (IEP) A plan that identifies programs, goals, services and supports to make sure a student with a disability gets a free and",100 Day Tool Kit School Aged Children,88,100_day_kit
141b80ca-9b35-48e9-9f05-c67de0664347,appropriate education at school. Individualized Education Program (IEP) transition plan Goals in a student’s IEP that help plan for life after high school. Schools must measure and report on the goals. Individuals with Disabilities Education Act (IDEA) A U.S. law that makes sure that students with disabilities get free and appropriate education in public schools that meets their individual needs. Intellectual disability A term used when there are limits to a person’s ability to learn at an,100 Day Tool Kit School Aged Children,88,100_day_kit
469188fc-67f7-41ae-aa2e-7eb168276bb8,expected level and function in daily life. An estimated 31% of children with ASD have an intellectual disability.,100 Day Tool Kit School Aged Children,88,100_day_kit
0dc4efb9-7cb1-42e3-b111-7b658387472f,"SCHOOL AGE CHILDREN 86 J Joint attention The process of sharing one’s experience of observing an object or event, by following gaze or pointing gestures. Impairment in joint attention is a core deficit of ASD. K Kanner’s autism A term that refers to Leo Kanner, the first psychiatrist to describe autism. L Least restrictive environment (LRE) Education for students with disabilities in a setting with students who aren’t disabled (also known as mainstreaming), for as much time as possible and with",100 Day Tool Kit School Aged Children,89,100_day_kit
8ad0aa16-77fd-40c4-a1c1-56d632ce1eba,"additional services provided for success in school. Locating device A technological tool that can be used to follow a person’s movements or to identify a person’s location. Some parents and caregivers of people with autism prone to wandering use these to help keep them safe. M Magnetic resonance imaging (MRI) A diagnostic technique using powerful electromagnets, radio frequency waves and a computer to produce well-defined images of the body’s internal structures. Mainstreaming Where students are",100 Day Tool Kit School Aged Children,89,100_day_kit
afec4f44-f6dd-4be6-bb35-ede3f4bd8323,"expected to participate in existing regular education classes, whereas in an inclusive program classes are designed for all students. May be gradual, partial or part-time process (e.g., student may attend separate classes within regular school or participate in regular gym and lunch only). Measurable outcomes Specific results that can be clearly assessed using data and observation to evaluate the progress a person is making toward their goals. Medicaid A U.S. government program that provides",100 Day Tool Kit School Aged Children,89,100_day_kit
97f07b10-69ba-477d-9f36-174d5e6072a0,"health coverage to many Americans, including eligible low-income adults, children, pregnant women, elderly adults and people with disabilities. Medicaid is managed by each state, and each state sets its own program guidelines. Medical identification bracelet A bracelet that contains pertinent medical information, often worn by people who may not be able to communicate their medical needs and the appropriate responses required if they need medical attention.",100 Day Tool Kit School Aged Children,89,100_day_kit
8c879144-0469-47af-86e0-3d23e471c8be,"SCHOOL AGE CHILDREN 87 Melatonin A hormone involved in regulating sleeping and waking cycles. Sometimes used for chronic insomnia. Consult your child’s physician before giving melatonin; it is not recommended for all patients with sleep problems. Metabolic factor Anything that influences a person’s metabolism, the process by which the body gets energy from food and drink. Microbiome All the bacteria and other organisms that live on our skin and inside our digestive tract. Modified Checklist of",100 Day Tool Kit School Aged Children,90,100_day_kit
c9a17599-6107-4709-aa97-b47b4a6f735f,"Autism in Toddlers (M-CHAT) A screening tool for identifying young children who may be referred to a specialist for further evaluation and possible Autism Spectrum Disorder diagnosis. Motivation Wanting to do something. Motor skills The ability to move and control movements. Multi-disciplinary team A team of professionals often involved in the diagnosis or treatment of a person with autism across a variety of specialties, such as a neurologist, psychiatrist, developmental pediatrician and social",100 Day Tool Kit School Aged Children,90,100_day_kit
ac700b18-42d4-4971-ac47-529434ab5917,"worker. N National Institute of Mental Health (NIMH) The largest scientific organization in the world dedicated to research focused on the understanding, treatment and prevention of mental disorders and the promotion of mental health. Natural reinforcement Reinforcement that occurs directly as a result of a behavior. Principles of ABA can be provided using natural reinforcement opportunities. Neurologist A doctor who treats children and adults who have problems with their nervous system. The",100 Day Tool Kit School Aged Children,90,100_day_kit
b3ebcf25-cdb2-4e2f-9fbd-245f7c82ffea,"nervous system includes the brain, spine, nerves and muscles. Neuron A specialized cell transmitting nerve impulses; a nerve cell. Nonverbal communication Things people do to convey information or express emotions without words, including eye gaze, facial expressions, body postures and gestures. Nonverbal cue (See nonverbal communication)",100 Day Tool Kit School Aged Children,90,100_day_kit
6aa680fd-3bee-4693-a1cb-a8280e9edda2,SCHOOL AGE CHILDREN 88 O Obsession Persistent and intrusive repetitive thoughts. Preoccupations with specific kinds of objects or actions may be an early sign of obsessions. Obstructive sleep apnea Breathing disorder interrupting breathing during sleep when air flow cannot flow through the nose or mouth although efforts to breathe continue. Throat collapses during sleep causing snoring and gasping for breath. May cause daytime sleepiness. May increase risk of hypertension and heart problems.,100 Day Tool Kit School Aged Children,91,100_day_kit
35f9c635-fb41-415b-8023-852e3fb273b7,"Occupational therapist Someone who helps people learn how to do daily living skills. OTs also can provide sensory integration therapy to help people process and react to sensations. Occupational therapy Assists development of fine motor skills that aid in daily living. May focus on sensory issues, coordination of move- ment, balance and self-help skills such as dressing, eating with a fork, grooming, etc. May address visual perception and hand-eye coordination. P Panic disorder A type of anxiety",100 Day Tool Kit School Aged Children,91,100_day_kit
a75687f3-12d5-4ece-86b8-fe698d1386e3,"disorder that causes panic attacks, which are sudden feelings of terror when there is no real danger. Parent interview/questionnaire Part of a diagnostic evaluation that involves speaking to the parent/asking them questions about their child, their concerns for their development and potential signs of autism. Parent training Programs that empower parents and provide them with strategies to help foster their child’s development by increasing positive behaviors and limiting challenging behaviors.",100 Day Tool Kit School Aged Children,91,100_day_kit
70ef1515-2f42-4c52-9bd0-379dcb9d95b3,"Research has proven that parent training is an effective intervention for the symptoms of autism. Perseveration Repetitive movement or speech or sticking to one idea or task, that has a compulsive quality to it. Person-first language Terminology that leads with the individual, such as “person with autism”. Some people with ASD prefer this type of language. Pervasive developmental disorders (PDD) A group of conditions involving delays in development of many basic skills, including ability to",100 Day Tool Kit School Aged Children,91,100_day_kit
bad4e7eb-2f1d-4041-9202-61d4e22857fa,"socialize with others, to communicate and use imagination. Includes autism, Asperger syndrome, childhood disintegrative disorder, Rett syndrome and pervasive developmental disorder - not otherwise specified.",100 Day Tool Kit School Aged Children,91,100_day_kit
004f6b3d-5c83-4928-82b3-50e7e95cea48,"SCHOOL AGE CHILDREN 89 Persuasive developmental disorder - not otherwise specified (PDD-NOS) A category of PDD referring to children having significant problems with communication and play and some difficulty interacting with others, but are too social for a diagnosis of autism. The diagnosis is no longer used in the DSM-5, but DSM-5 indicates that individuals with a “well-established diagnosis” of these conditions “should be given the diagnosis of autism spectrum disorder.” Petit-mal seizure",100 Day Tool Kit School Aged Children,92,100_day_kit
b48bab39-692e-41fe-97bb-933f85d7e7ef,"(absence) (See seizures) Phobia A type of anxiety disorder characterized by a strong, irrational fear of something that poses little or no real danger. Physical therapy (PT) A type of therapy that uses specially designed exercises and equipment to help patients regain or improve their physical abilities. Pica Persistent eating or mouthing of non-nutritive substances for at least 1 month when behavior is developmentally inappropriate (older than 18-24 months). Substances may include items such as",100 Day Tool Kit School Aged Children,92,100_day_kit
c721c44b-e6e6-4e0a-9fa7-7d5eec228fb9,"clay, dirt, sand, stones, pebbles, hair, feces, lead, laundry starch, wood, plastic and more. Picture Exchange Communication System (PECS) A tool that helps people communicate with pictures. Pivotal Response Treatment (PRT) A therapeutic teaching method using incidental teaching opportunities to target and modify key behaviors related to communication, behavior and social skills. Positive reinforcement The introduction of something positive, such as praise or a reward, for completing a behavior",100 Day Tool Kit School Aged Children,92,100_day_kit
a89bc884-cab7-4a2f-b782-1932ada87202,or assigned task as a way of motivating the individual. An integral part of most behavioral therapy programs. Pragmatics Social rules for using functional spoken language in a meaningful context or conversation. Challenges in pragmatics are a common feature of spoken language difficulties in children with ASD. Predisposition A genetic predisposition is an increased likelihood or chance of developing a particular condition due to the presence of one or more gene mutations and/or a family history.,100 Day Tool Kit School Aged Children,92,100_day_kit
fb8d9fe2-4973-4a3e-ae7b-0fe577df135b,"Preoccupation An engrossing or near obsessive interest in a topic. Prevalence The current number of people in a given population who have a specific diagnosis at a specified point in time. As of March 2020, the U.S. Centers for Disease Control and Prevention estimated autism prevalence as 1 in 54 children, including 1 in 34 boys and 1 in 144 girls. Prompt In behavioral therapy, a cue or hint meant to induce a person to perform a desired behavior.",100 Day Tool Kit School Aged Children,92,100_day_kit
4195c31b-9c8a-4596-8d85-d101869f81fb,"SCHOOL AGE CHILDREN 90 Psychiatrist A doctor who helps children and adults with mental health conditions, including problems with thinking, feeling and behavior. R Receptive language The ability to comprehend words and sentences. It begins as early as birth and increases with each stage in development. These skills commonly emerge slightly ahead of expressive language skills. Regression Any loss of speech or social skills. Respite care Temporary, short-term care provided to individuals with",100 Day Tool Kit School Aged Children,93,100_day_kit
b19edbd1-3a6b-454d-9abd-d85f2944a624,"disabilities, delivered in the home for a few short hours or in an alternate licensed setting for an extended period of time. Respite care allows caregivers to take a break in order to relieve and prevent stress and fatigue. Restrictive and repetitive behavior One of the first two diagnostic criteria for ASD, includes stereotyped or repetitive motor movements, insistence on sameness or inflexible adherence to routines, highly restricted, fixated interests or hyper- or hypo-reactivity to sensory",100 Day Tool Kit School Aged Children,93,100_day_kit
24028009-acbd-4153-9d1f-8294155b973b,"input. Rett syndrome A very rare disorder in which patients have symptoms associated with PDD along with problems with physical development. They generally lose many motor or movement skills – such as walking and use of hands – and develop poor coordination. The condition has been linked to a defect on the X-chromosome and as a result, almost always affects girls. Reward chart A chart that lists goals and progress you make toward reaching them. When you reach a goal, you get a reward. For",100 Day Tool Kit School Aged Children,93,100_day_kit
cad2451b-b149-460b-9d7b-5b3e2261f9c1,"example, if your goal is to finish your homework each day for a week, you get a sticker or checkmark on the chart each day you finish homework. If you get a sticker or checkmark each day, you get a reward at the end of the week. S Seizure Uncontrolled electrical activity in the brain, which may produce a physical convulsion, minor physical signs, thought disturbances or a combination of symptoms. Seizure, absence A seizure that takes the form of a staring spell as the person suddenly seems",100 Day Tool Kit School Aged Children,93,100_day_kit
96ab210b-2890-45ee-9d93-3d935e29cf70,"“absent” and has a brief loss of awareness. May be accompanied by blinking or mouth twitching. Absence seizures have very characteristic appearance on EEG. Also called a petit mal seizure. Seizure, atonic A seizure marked by the person losing muscle tone and strength and unless supported, falling down. Atonic means lack of muscle tone and strength.",100 Day Tool Kit School Aged Children,93,100_day_kit
19bd3e3b-3139-4a39-b7a0-0ce986f47386,"SCHOOL AGE CHILDREN 91 Seizure, subclinical (electrographic seizure) Visible on the EEG, but the patient does not exhibit clinical symptoms. Electroencephalography often detects subclinical seizures during sleep. Seizure, tonic clonic Involves two phases – tonic phase when body becomes rigid and clonic phase of uncontrolled jerking. May be preceded by aura and is often followed by headache, confusion and sleep. May last for seconds or continue for several minutes. Also called a grand mal seizure.",100 Day Tool Kit School Aged Children,94,100_day_kit
255745a9-e336-4d69-9daa-b862db2b68ed,"Seizure disorder (See epilepsy.) Self-advocacy Being able to communicate your needs and preferences to others. It includes understanding your needs and legal rights, knowing what help and support you need, and communicating your needs to others. Self-injurious behavior A type of repetitive behavior that results in physical injury to a person’s own body, often used for self-stimulating or self-soothing. Self-regulation Refers to both conscious and unconscious processes that have an impact on",100 Day Tool Kit School Aged Children,94,100_day_kit
3a3da50f-c24d-48d7-80f3-3dc87defd646,"self-control. Self-soothing behavior (See stimming.) Self-stimulating behavior (See stimming.) Sensory defensiveness A tendency, outside the norm, to react negatively or with alarm to sensory input which is generally considered harmless or non-irritating to others. Also called hypersensitivity. Sensory input (sensory stimulation) Action or condition, internal (e.g., heart rate, temperature) or external (e.g., sights, sounds, tastes, smells, touch and balance) that elicits physiological or",100 Day Tool Kit School Aged Children,94,100_day_kit
683c1b84-c784-47b8-a11a-3fe418eea4bc,"psychological response. Response depends on ability to regulate and understand stimuli and adjust emotions to demands of surroundings. Sensory integration The way the brain processes sensory stimulation or sensation from the body and then translates that information into specific, planned, coordinated motor activity. Sensory integration therapy A therapy program used to improve ability to use incoming sensory information appropriately and encourage tolerance of a variety of sensory inputs Sensory",100 Day Tool Kit School Aged Children,94,100_day_kit
c18bf678-f86b-4f86-b84f-ff44a57a9daf,"Processing Disorder (SPD) A neurological disorder causing difficulties processing information from the five classic senses (vision, hearing, touch, smell and taste), sense of movement (vestibular system) and positional sense (proprioception). Sensory information is sensed normally, but perceived abnormally. SPD is not currently a medical diagnosis.",100 Day Tool Kit School Aged Children,94,100_day_kit
8b009e7c-69b8-46c9-8582-f6a62c046600,"SCHOOL AGE CHILDREN 92 Separation anxiety Excessive fear or worry about separation from home or an attachment figure, such as a parent or teacher. Sign language A complete, natural language that has the same linguistic properties as spoken languages, expressed by movements of the hands and face. Sleep disorders Any condition affecting sleep, such as sleep apnea, insomnia or narcolepsy. Sleep hygiene A set of practices, habits and environmental factors critically important for sound sleep, such as",100 Day Tool Kit School Aged Children,95,100_day_kit
f81bb8b0-4c3f-41fa-ac4c-c54a29a8baf4,"minimizing noise, light and temperature extremes and avoiding naps and caffeine. Social communication Language used to interact with people. Social communication skills Skills needed to communicate with people. Examples include being able to have a conversation with someone; using non-verbal communication, like body language; and using language for different reasons, like to give information or to ask a question. Social communication disorder (SCD) A new diagnostic category established in the",100 Day Tool Kit School Aged Children,95,100_day_kit
0a4896aa-ed0b-4c2f-96d7-7fe421c11bbf,"DSM-5 that applies to individuals who have deficits in the social use of language, but do not have the restricted interests or repetitive behavior you see in those with autism spectrum disorders. Social cue A verbal or nonverbal message communicated through ways such as body language, spoken expressions or facial expressions, that can be difficult for people with autism to interpret. Social phobia A mental health condition characterized by intense, persistent fear of being judged by others. Also",100 Day Tool Kit School Aged Children,95,100_day_kit
acf0fb67-26b9-4b97-8564-4a3935213de9,"called social anxiety disorder. Social reciprocity Back-and-forth flow of social interaction. How behavior of one person influences and is influenced by behavior of another and vice versa. Social skills Skills needed to communicate and interact with people; skills can be verbal (talking) and nonverbal (gestures, body language and appearance). Social worker A trained specialist in the social, emotional and financial needs of families and patients. Social workers often help families and patients",100 Day Tool Kit School Aged Children,95,100_day_kit
fc532b51-57e2-4a70-aa3b-b96d1a53963c,obtain the services they have been prescribed. Special Education Parent Teacher Association (SEPTA) A parent-teacher organization within a school district that brings together people who are interested in special education and children with special needs.,100 Day Tool Kit School Aged Children,95,100_day_kit
4759bc58-6f4d-4afe-b750-5f9cca9e91bc,"SCHOOL AGE CHILDREN 93 Special education services Instruction designed for children with disabilities. The services can include counseling and speech, physical and occupational therapy. Speech-generative device Unit of technology that allows a person to communicate by electronic voice generation. Theory of mind: Refers to a person’s ability to understand and identify the thoughts, feelings and intentions of oth- ers. Speech-language pathologist Also called a speech therapist. A trained",100 Day Tool Kit School Aged Children,96,100_day_kit
efb589c8-de29-4c70-9391-5d3946c1c374,"professional who helps people with communication, language and social skills. They can do evaluations and provide treatment. Speech-language therapy A therapy with the goal of improving an individual’s ability to communicate. This includes verbal and nonverbal communication. The treatment is specific to the individual’s needs. Spoken language The use of verbal behavior or speech, to communicate thoughts, ideas and feelings with others. Involves learning many levels of rules - combining sounds to",100 Day Tool Kit School Aged Children,96,100_day_kit
a2cf7284-0701-4265-ba98-036c32d9495b,"make words, using conventional meanings of words, combining words into sentences and using words and sentences in following rules of conversation. Stereotyped behaviors An abnormal or excessive repetition of an action carried out in the same way over time. May include repetitive movements or posturing of the body or objects. Stimming (self-stimulating behaviors) Stereotyped or repetitive movements or posturing of the body that stimulate ones senses. Some “stims” may serve a regulatory function",100 Day Tool Kit School Aged Children,96,100_day_kit
7971ce5e-a2b0-4644-b63f-acb9b76c8aa7,"(calming, increasing concentration or shutting out an overwhelming sound). T Tactile defensiveness A strong negative response to a sensation that would not ordinarily be upsetting, such as touching something sticky or gooey or the feeling of soft foods in the mouth. Specific to touch. Tuberous sclerosis A genetic disorder that causes tumors, or growths, in the brain and other organs. U U.S. Centers for Disease Control and Prevention (CDC) A government agency that protects U.S. citizens from",100 Day Tool Kit School Aged Children,96,100_day_kit
a0ff28e0-e34c-4842-ac0f-13cb8c1eca40,diseases and health threats. The agency that compiles data for and releases autism prevalence numbers and other such figures.,100 Day Tool Kit School Aged Children,96,100_day_kit
205b2642-5c3b-4f5f-b5cf-670091724b2d,"SCHOOL AGE CHILDREN
94
V 
Video modeling
A teaching strategy that involves an individual watching a video of someone completing a task or exhibiting a behavior 
and imitating the activity themselves.
Visual schedule
A support that uses pictures to show the steps needed to complete a task.
W
Wandering
Leaving a safe place alone, also called elopement.",100 Day Tool Kit School Aged Children,97,100_day_kit
6901fe92-d2ff-4102-82b8-71d372addff2,SCHOOL AGE CHILDREN 95 Autism Speaks Tool Kits Autism Speaks has developed a multitude of resources on a variety of topics to help support you and your family in every stage of life. Kits specifically geared towards families of school-age children include: Autism Speaks Autism Treatment Network has also worked with medical professionals through its partnership with Autism Intervention Research Network for Physical Health (AIR-P) to create guides on subjects including: Find all of these and more,100 Day Tool Kit School Aged Children,98,100_day_kit
011ffbbc-3754-481c-84ee-1b2356d00de4,"for other age groups at autismspeaks.org/tool-kit. • Advocacy Tool Kit • Autism-Friendly Youth Organizations Guide • Challenging Behaviors Tool Kit • Dental Guide • Family Support Guides (for Parents, Siblings, Grandparents and Friends) • Guide to Individualized Education Programs (IEP) • Haircutting Training Guide • School Community Tool Kit • Special Needs Financial Planning Tool Kit • Applied Behavior Analysis • Behavioral Health Treatments • Blood Draws • Electroencephalograms (EEGs) •",100 Day Tool Kit School Aged Children,98,100_day_kit
59b50656-7ac3-4af7-b58d-90fb3161965f,Feeding Behavior • Managing Constipation in Children • Medication Decision Aid • Melatonin and Sleep • Pica • Safe and Careful Use of Medicine • Sleep Strategies • Toilet Training • Vision Exams • Visual Supports,100 Day Tool Kit School Aged Children,98,100_day_kit
df179894-8fa5-4a67-8c3d-be05cc519cb9,"© 2020 Autism Speaks Inc.
Autism Speaks and Autism Speaks Design are registered trademarks owned by Autism Speaks Inc. All rights reserved.
We’re here to help.
1-888-AUTISM2    |   En Español (888) 772-9050)   |   help@autismspeaks.org
To find resources, join a fundraising walk or make a donation, go to autismspeaks.org.  
Connect with us @autismspeaks.",100 Day Tool Kit School Aged Children,99,100_day_kit
2a8d98dc-c4dd-4382-afc9-331959d4ed6d,"Autism spectrum disorder 
in under 19s: recognition, 
referral and diagnosis 
Clinical guideline 
Published: 28 September 2011 
Last updated: 20 December 2017 
www.nice.org.uk/guidance/cg128 
© NICE 2026. All rights reserved. Subject to Notice of rights (https://www.nice.org.uk/terms-and-
conditions#notice-of-rights).",NICE Clinical Guideline CG128,1,nice_cg128
e7a3389b-de09-456d-b0c1-7a0459acb1e8,"Your responsibility The recommendations in this guideline represent the view of NICE, arrived at after careful consideration of the evidence available. When exercising their judgement, professionals and practitioners are expected to take this guideline fully into account, alongside the individual needs, preferences and values of their patients or the people using their service. It is not mandatory to apply the recommendations, and the guideline does not override the responsibility to make",NICE Clinical Guideline CG128,2,nice_cg128
61007f47-7f95-4c8c-9419-1db5d1ba9401,"decisions appropriate to the circumstances of the individual, in consultation with them and their families and carers or guardian. All problems (adverse events) related to a medicine or medical device used for treatment or in a procedure should be reported to the Medicines and Healthcare products Regulatory Agency using the Yellow Card Scheme. Local commissioners and providers of healthcare have a responsibility to enable the guideline to be applied when individual professionals and people using",NICE Clinical Guideline CG128,2,nice_cg128
b8a64b67-520c-4d25-b664-d864aaf6719f,"services wish to use it. They should do so in the context of local and national priorities for funding and developing services, and in light of their duties to have due regard to the need to eliminate unlawful discrimination, to advance equality of opportunity and to reduce health inequalities. Nothing in this guideline should be interpreted in a way that would be inconsistent with complying with those duties. Commissioners and providers have a responsibility to promote an environmentally",NICE Clinical Guideline CG128,2,nice_cg128
87127d5a-3064-416c-81b1-a08063ef7f7e,"sustainable health and care system and should assess and reduce the environmental impact of implementing NICE recommendations wherever possible. Autism spectrum disorder in under 19s: recognition, referral and diagnosis (CG128) © NICE 2026. All rights reserved. Subject to Notice of rights (https://www.nice.org.uk/terms-and- conditions#notice-of-rights). Page 2 of 43",NICE Clinical Guideline CG128,2,nice_cg128
71c7d9a9-453d-4425-a12c-683e8f2c0d67,Contents Overview ...................................................................................................................................... 4 Who is it for? .......................................................................................................................................... 4 Using this guideline ..................................................................................................................... 5 Recommendations,NICE Clinical Guideline CG128,3,nice_cg128
a7eb9d4e-7f7d-4a5e-bdf7-4af58531b8b7,"....................................................................................................................... 6 1.1 Local pathway for recognition, referral and diagnostic assessment of possible autism .......... 6 1.2 Recognising children and young people who may be autistic .................................................... 8 1.3 Referring children and young people to the autism team ........................................................... 10 1.4 After referral to the autism team",NICE Clinical Guideline CG128,3,nice_cg128
de8c579d-6095-40e7-8a32-3611c4bfaf95,................................................................................................... 15 1.5 Autism diagnostic assessment for children and young people .................................................. 16 1.6 After the autism diagnostic assessment ....................................................................................... 22 1.7 Medical investigations ..................................................................................................................... 23,NICE Clinical Guideline CG128,3,nice_cg128
9ee9fef0-1aeb-4d33-9776-ca2fb750c117,1.8 Communicating the results from the autism diagnostic assessment ........................................ 23 1.9 Information and support for families and carers .......................................................................... 24 Recommendations for research ................................................................................................. 26 1 Training professionals,NICE Clinical Guideline CG128,3,nice_cg128
e62684ba-a522-4d19-b99f-bd287e233c4c,........................................................................................................................ 26 2 Gathering information in schools or nurseries ................................................................................ 27 3 Additional assessments .................................................................................................................... 27 4 Comparative genomic hybridisation array,NICE Clinical Guideline CG128,3,nice_cg128
e35c3bdc-8699-4eea-82ad-89a3d00b241d,....................................................................................... 28 Context .........................................................................................................................................30 Finding more information and committee details .....................................................................32 Update information .....................................................................................................................33,NICE Clinical Guideline CG128,3,nice_cg128
62eb1809-1ebd-472e-a940-b515ed74e7ba,"Appendix: Features suggesting possible autism ......................................................................34 Using boxes 2 to 4 ................................................................................................................................ 34 Autism spectrum disorder in under 19s: recognition, referral and diagnosis (CG128) © NICE 2026. All rights reserved. Subject to Notice of rights (https://www.nice.org.uk/terms-and- conditions#notice-of-rights). Page 3 of 43",NICE Clinical Guideline CG128,3,nice_cg128
fcab45b3-8a41-40ab-8048-0bf50c66e00a,"This guideline is the basis of QS51. Overview This guideline covers recognising and diagnosing autism spectrum disorder in children and young people from birth up to 19 years. It also covers referral. It aims to improve the experience of children, young people and those who care for them. NICE has also produced a guideline on autism spectrum disorder in under 19s: support and management. Who is it for? • Healthcare professionals • Autistic children and young people, children and young people who",NICE Clinical Guideline CG128,4,nice_cg128
90723b8f-b8b3-4302-8159-af22be305f52,"may be autistic, and their families and carers Autism spectrum disorder in under 19s: recognition, referral and diagnosis (CG128) © NICE 2026. All rights reserved. Subject to Notice of rights (https://www.nice.org.uk/terms-and- conditions#notice-of-rights). Page 4 of 43",NICE Clinical Guideline CG128,4,nice_cg128
2d61b839-3543-48fc-960a-68858d28f522,"Using this guideline People have the right to be involved in discussions and make informed decisions about their care, as described in NICE's information on making decisions about your care. Healthcare professionals should follow our general guidelines for people delivering care: • Babies, children and young people's experience of healthcare • Decision-making and mental capacity • Medicines adherence • Medicines optimisation • Multimorbidity • Patient experience in adult NHS services • Shared",NICE Clinical Guideline CG128,5,nice_cg128
6cb5dcd3-dd77-4332-b49f-17980f0f5c19,"decision making • Transition from children's to adults' services Making decisions using NICE guidelines explains how we use words to show the strength (or certainty) of our recommendations, and has information about prescribing medicines (including off-label use), professional guidelines, standards and laws (including on consent and mental capacity), and safeguarding. Autism spectrum disorder in under 19s: recognition, referral and diagnosis (CG128) © NICE 2026. All rights reserved. Subject to",NICE Clinical Guideline CG128,5,nice_cg128
d0d34fb5-0033-49a6-a0e4-4ce9ad8cc02f,Notice of rights (https://www.nice.org.uk/terms-and- conditions#notice-of-rights). Page 5 of 43,NICE Clinical Guideline CG128,5,nice_cg128
e6f08469-9a67-4245-83bc-b59aa21a028c,"Recommendations 1.1 Local pathway for recognition, referral and diagnostic assessment of possible autism 1.1.1 A local autism multi-agency strategy group should be set up, with managerial, commissioner and clinical representation from child health and mental health services, education, social care, parent and carer service users, and the voluntary sector. [2011] 1.1.2 The local autism strategy group should appoint a lead professional to be responsible for the local autism pathway for recognition,",NICE Clinical Guideline CG128,6,nice_cg128
addaa825-ef3a-4c4a-bdcb-b8c2e65325c5,"referral and diagnosis of children and young people. The aims of the group should include: • improving early recognition of autism by raising awareness of the features suggesting possible autism through multi-agency training (see boxes 2 to 4 in the appendix) • making sure the relevant professionals (healthcare, social care, education and voluntary sector) are aware of the local autism pathway and how to access diagnostic services • supporting the smooth transition to adult services for young",NICE Clinical Guideline CG128,6,nice_cg128
aa88f861-b21d-4d9d-b464-baf0e87afe5a,"people going through the diagnostic pathway • ensuring data collection and audit of the pathway takes place. [2011] 1.1.3 In each area a multidisciplinary group (the autism team) should be set up. The core membership should include a: • paediatrician and/or child and adolescent psychiatrist • speech and language therapist • psychologist with training and experience in working with autistic children and young people. [2011] Autism spectrum disorder in under 19s: recognition, referral and diagnosis",NICE Clinical Guideline CG128,6,nice_cg128
ab8e476d-c24d-47cd-9125-cdd2809a62ac,(CG128) © NICE 2026. All rights reserved. Subject to Notice of rights (https://www.nice.org.uk/terms-and- conditions#notice-of-rights). Page 6 of 43,NICE Clinical Guideline CG128,6,nice_cg128
3c5dd0e1-e23c-4228-8428-9d0032360aa2,1.1.4 The autism team should either include or have regular access to the following professionals if they are not already in the team: • paediatrician or paediatric neurologist • child and adolescent psychiatrist • psychologist with training and experience complementary to the psychologist in the core team • occupational therapist. [2011] 1.1.5 Consider including in the autism team (or arranging access for the team to) other relevant professionals who may be able to contribute to the autism,NICE Clinical Guideline CG128,7,nice_cg128
b019265d-d105-4127-bd9c-3e7960adec2c,"diagnostic assessment. For example, a specialist health visitor or nurse, specialist teacher or social worker. [2011] 1.1.6 The autism team should have the skills and competencies to: • carry out an autism diagnostic assessment • communicate with autistic children and young people and children and young people who may be autistic, and with their parents and carers, and sensitively share the diagnosis with them. [2011] 1.1.7 Autism team members should: • provide advice to professionals about",NICE Clinical Guideline CG128,7,nice_cg128
c78fa278-91d3-4924-9eef-84923181aaef,"whether to refer children and young people for autism diagnostic assessments • decide on the assessment needs of those referred or when referral to another service will be needed • carry out the autism diagnostic assessment • share the outcome of the autism diagnostic assessment with parents and carers, and with children and young people if appropriate • with parent or carer consent and, if appropriate, the consent of the child or young person, share information from the autism diagnostic",NICE Clinical Guideline CG128,7,nice_cg128
9627ff26-35d0-47ec-9a27-7bdf99c984d1,"assessment directly with relevant services, for example through a school visit by an Autism spectrum disorder in under 19s: recognition, referral and diagnosis (CG128) © NICE 2026. All rights reserved. Subject to Notice of rights (https://www.nice.org.uk/terms-and- conditions#notice-of-rights). Page 7 of 43",NICE Clinical Guideline CG128,7,nice_cg128
dcfdfe2d-cb76-4b64-bbff-f3574a533a1d,"autism team member • offer information to children, young people and parents and carers about appropriate services and support. [2011] 1.1.8 Provide a single point of referral for access to the autism team. [2011] 1.1.9 The autism team should either have the skills (or have access to professionals that have the skills) needed to carry out an autism diagnostic assessment, for children and young people with special circumstances including: • coexisting conditions such as severe visual and hearing",NICE Clinical Guideline CG128,8,nice_cg128
1caa1a4c-293e-4a2b-ae8c-7259b3464c41,"impairments, motor disorders including cerebral palsy, severe learning (intellectual) disabilities, complex language disorders or complex mental health disorders • looked-after children and young people. [2011] 1.1.10 If young people present at the time of transition to adult services, the autism team should consider carrying out the autism diagnostic assessment jointly with the adult autism team, regardless of the young person's intellectual ability. [2011] 1.2 Recognising children and young",NICE Clinical Guideline CG128,8,nice_cg128
8f75b032-a375-479b-9c62-932d88b79f82,"people who may be autistic 1.2.1 Consider the possibility of autism if there are concerns about development or behaviour, but be aware that there may be other explanations for individual signs and symptoms. [2011] 1.2.2 Always take parents' or carers' concerns and, if appropriate, the child's or young person's concerns, about behaviour or development seriously, even if these are not shared by others. [2011] 1.2.3 When considering the possibility of autism and whether to refer a child or young",NICE Clinical Guideline CG128,8,nice_cg128
5e3be1ed-aaaa-4a70-8a14-3c5ef8defed0,"person to the autism team, be critical about your professional competence and seek advice from a colleague if in doubt about the next step. [2011] 1.2.4 To help identify the features suggesting possible autism, use boxes 2 to 4 (see Autism spectrum disorder in under 19s: recognition, referral and diagnosis (CG128) © NICE 2026. All rights reserved. Subject to Notice of rights (https://www.nice.org.uk/terms-and- conditions#notice-of-rights). Page 8 of 43",NICE Clinical Guideline CG128,8,nice_cg128
84acbca7-f812-4858-bbbc-a1a653d2a8b9,"the appendix). Do not rule out autism if the exact features described in the boxes are not evident; they should be used for guidance, but do not include all possible manifestations of autism. [2011] 1.2.5 When considering the possibility of autism, be aware that: • autism may be under-recognised in girls leading to underdiagnosis • signs and symptoms should be seen in the context of the child's or young person's overall development • signs and symptoms will not always have been recognised by",NICE Clinical Guideline CG128,9,nice_cg128
6d3fa2ae-48d9-43bf-a4ac-b313e00453ad,"parents, carers, children or young people themselves or by other professionals • when older children or young people present for the first time with possible autism, signs or symptoms may have previously been masked by the child or young person's coping mechanisms and/or a supportive environment • it is necessary to take account of cultural variation, but do not assume that language delay is accounted for because English is not the family's first language or by early hearing difficulties • autism",NICE Clinical Guideline CG128,9,nice_cg128
d45eb50e-30e1-47e5-8a75-ba9a6b607cad,"may be missed in children or young people with a learning (intellectual) disability • autism may be missed in children or young people who are verbally able • important information about early development may not be readily available for some children and young people, for example looked-after children and those in the criminal justice system • signs and symptoms may not be accounted for by disruptive home experiences or parental or carer mental or physical illness. [2011] 1.2.6 When considering",NICE Clinical Guideline CG128,9,nice_cg128
56af9fd7-37eb-4343-aedc-e1107b84764e,"the possibility of autism, ask about the child or young person's use and understanding of their first language. [2011] 1.2.7 Do not rule out autism because of: • good eye contact, smiling and showing affection to family members Autism spectrum disorder in under 19s: recognition, referral and diagnosis (CG128) © NICE 2026. All rights reserved. Subject to Notice of rights (https://www.nice.org.uk/terms-and- conditions#notice-of-rights). Page 9 of 43",NICE Clinical Guideline CG128,9,nice_cg128
a0d5d93f-88af-417e-ade9-9269d4b08dea,"• reported pretend play or normal language milestones • difficulties appearing to resolve after a needs-based intervention (such as a supportive structured learning environment) • a previous assessment that concluded that there was no autism, if new information becomes available. [2011] 1.2.8 Discuss developmental or behavioural concerns about a child or young person with parents or carers, and the child or young person themselves if appropriate. Discuss sensitively the possible causes, which may",NICE Clinical Guideline CG128,10,nice_cg128
706ad137-4253-461f-b612-2881682da0b8,"include autism, emphasising that there may be many explanations for the child's or young person's behaviour. [2011] 1.2.9 Be aware that if parents or carers or the child or young person themselves have not suspected a developmental or behavioural condition, raising the possibility may cause distress, and that: • it may take time for them to come to terms with the concern • they may not share the concern. [2011] 1.2.10 Take time to listen to parents or carers and, if appropriate, the child or",NICE Clinical Guideline CG128,10,nice_cg128
c4988a02-166b-4a2a-828f-31e08f9594c5,"young person, to discuss concerns and agree any actions to follow including referral. [2011] 1.3 Referring children and young people to the autism team 1.3.1 Refer children younger than 3 years to the autism team if there is regression in language or social skills. [2011] 1.3.2 Refer first to a paediatrician or paediatric neurologist (who can refer to the autism team if necessary) children and young people: • older than 3 years with regression in language • of any age with regression in motor",NICE Clinical Guideline CG128,10,nice_cg128
71e50cf9-ea1c-4668-84d9-e4d55dd6d7be,"skills. [2011] Autism spectrum disorder in under 19s: recognition, referral and diagnosis (CG128) © NICE 2026. All rights reserved. Subject to Notice of rights (https://www.nice.org.uk/terms-and- conditions#notice-of-rights). Page 10 of 43",NICE Clinical Guideline CG128,10,nice_cg128
7b5a8f38-c53a-4c64-89da-99f09fee55b4,"1.3.3 Consider referring children and young people to the autism team if you are concerned about possible autism on the basis of reported or observed features suggesting possible autism (see boxes 2 to 4 in the appendix). Take account of: • the severity and duration of the features suggesting possible autism • the extent to which the features suggesting possible autism are present across different settings (for example, home and school) • the impact of the features suggesting possible autism on",NICE Clinical Guideline CG128,11,nice_cg128
b671cdf3-e53f-4665-bba9-800883a4294c,"the child or young person and on their family • the level of parental or carer concern and, if appropriate, the concerns of the child or young person • factors associated with an increased prevalence of autism (see box 1) • the likelihood of an alternative diagnosis. [2011] Box 1 Factors associated with an increased prevalence of autism [2017] Autism spectrum disorder in under 19s: recognition, referral and diagnosis (CG128) © NICE 2026. All rights reserved. Subject to Notice of rights",NICE Clinical Guideline CG128,11,nice_cg128
b3ba52ad-964f-4614-914e-5837969ea836,(https://www.nice.org.uk/terms-and- conditions#notice-of-rights). Page 11 of 43,NICE Clinical Guideline CG128,11,nice_cg128
d9fb99fd-46d8-4281-8933-d8e0f73d1c83,"• A sibling with autism. • Birth defects associated with central nervous system malformation and/or dysfunction, including cerebral palsy. • Gestational age less than 35 weeks. • Parental schizophrenia-like psychosis or affective disorder. • Maternal use of valproate or topiramate in pregnancy. • Paternal use of valproate in the 3 months before conception. • A learning (intellectual) disability. • Attention deficit hyperactivity disorder. • Neonatal encephalopathy or epileptic encephalopathy,",NICE Clinical Guideline CG128,12,nice_cg128
3c14821f-ae90-48c1-ab0a-09817f6f66b7,including infantile spasms. • Chromosomal disorders such as Down's syndrome. • Genetic disorders such as fragile X. • Muscular dystrophy. • Neurofibromatosis. • Tuberous sclerosis. Why the committee updated box 1 The evidence showed that children and young people with attention deficit hyperactivity disorder (ADHD) are more likely to have autism spectrum disorder than those without ADHD. Therefore ADHD was added to the list of factors associated with an increased prevalence of autism. Autism,NICE Clinical Guideline CG128,12,nice_cg128
09369054-4520-453a-869b-fccb387503ba,"spectrum disorder in under 19s: recognition, referral and diagnosis (CG128) © NICE 2026. All rights reserved. Subject to Notice of rights (https://www.nice.org.uk/terms-and- conditions#notice-of-rights). Page 12 of 43",NICE Clinical Guideline CG128,12,nice_cg128
e756b9f7-0780-4a01-9ef5-110f9c93a3ec,How the update might affect practice Including ADHD as a factor associated with an increased prevalence of autism will help to promote early diagnosis of autism spectrum disorder. It also allows for joint assessment for both conditions in children and young people with signs or symptoms that could be caused by either condition. The committee agreed that this supports current practice and is unlikely to lead to a substantial resource impact. 1.3.4 If you have concerns about development or,NICE Clinical Guideline CG128,13,nice_cg128
367ca964-edad-4250-9488-88d86fd3f6d8,"behaviour but are not sure whether the signs and/or symptoms suggest autism, consider: • consulting a member of the autism team who can provide advice to help you decide if a referral to the autism team is necessary • referring to another service. That service can then refer to the autism team if necessary. [2011] 1.3.5 Be aware that tools to identify children and young people with an increased likelihood of autism may be useful in gathering information about features suggesting possible autism",NICE Clinical Guideline CG128,13,nice_cg128
1eaa3bf2-d049-489a-b0c3-ea7ca0558f59,"in a structured way but are not essential and should not be used to make or rule out a diagnosis of autism. Also be aware that: • a positive score on tools to identify an increased likelihood of autism may support a decision to refer but can also be for reasons other than autism • a negative score does not rule out autism. [2011] 1.3.6 When referring children and young people to the autism team, include in the referral letter the following information: • reported information from parents, carers",NICE Clinical Guideline CG128,13,nice_cg128
d11144ed-6ca0-48cf-92ff-44c5e3aad0d6,"and professionals about signs and/ or symptoms of concern • your own observations of the signs and/or symptoms. [2011] 1.3.7 When referring children and young people to the autism team, include in the Autism spectrum disorder in under 19s: recognition, referral and diagnosis (CG128) © NICE 2026. All rights reserved. Subject to Notice of rights (https://www.nice.org.uk/terms-and- conditions#notice-of-rights). Page 13 of 43",NICE Clinical Guideline CG128,13,nice_cg128
8f7242f2-1ae5-480f-ac4d-e04fc75c33d0,"referral letter the following information, if available: • antenatal and perinatal history • developmental milestones • factors associated with an increased prevalence of autism (see box 1 in recommendation 1.3.3) • relevant medical history and investigations • information from previous assessments. [2011] 1.3.8 Explain to parents or carers and, if appropriate, the child or young person, what will happen on referral to the autism team or another service. [2011] 1.3.9 If you do not think concerns",NICE Clinical Guideline CG128,14,nice_cg128
8e9ecbb7-2302-4133-b69b-f17de413d580,"are sufficient to prompt a referral, consider a period of watchful waiting. If you remain concerned about autism, reconsider your referral decision. [2011] 1.3.10 If the parents or carers or if appropriate, the child or young person, prefer not to be referred to the autism team, consider a period of watchful waiting. If you remain concerned about autism, reconsider referral. [2011] 1.3.11 If a concern has been raised but there are no features suggesting possible autism or other reasons to suspect",NICE Clinical Guideline CG128,14,nice_cg128
32f70c1c-2fc9-42fd-824c-f2b895d9ffc0,"autism, use professional judgment to decide what to do next. [2011] For a short explanation of why the committee updated box 1 in recommendation 1.3.3 and how this might affect practice, see the rationale and impact section on factors associated with an increased prevalence of autism. Full details of the evidence and the committee's discussion are in evidence review A: factors and neurodevelopmental disorders that increase the likelihood of a diagnosis of autism spectrum disorder. Autism spectrum",NICE Clinical Guideline CG128,14,nice_cg128
25437c01-b960-4361-974c-5f3c99eea638,"disorder in under 19s: recognition, referral and diagnosis (CG128) © NICE 2026. All rights reserved. Subject to Notice of rights (https://www.nice.org.uk/terms-and- conditions#notice-of-rights). Page 14 of 43",NICE Clinical Guideline CG128,14,nice_cg128
04c29e91-f81b-4250-95ec-299f61ce49fe,"1.4 After referral to the autism team 1.4.1 When a child or young person is referred to the autism team, at least one member of the autism team should consider whether to carry out: • an autism diagnostic assessment and/or • an alternative assessment. [2011] 1.4.2 Carry out an autism diagnostic assessment if there is regression in language or social skills in a child younger than 3 years. [2011] 1.4.3 Refer first to a paediatrician or paediatric neurologist (if this has not already happened)",NICE Clinical Guideline CG128,15,nice_cg128
df4a455b-2b37-422d-8261-9a5c95775684,"children or young people: • older than 3 years with regression in language • of any age with regression in motor skills. The paediatrician or paediatric neurologist can refer back to the autism team if necessary. [2011] 1.4.4 When deciding whether to carry out an autism diagnostic assessment, take account of the following (unless the child is under 3 years and has regression in language or social skills – see recommendation 1.4.2): • the severity and duration of the signs and/or symptoms • the",NICE Clinical Guideline CG128,15,nice_cg128
ef892135-92c8-45c2-ad7f-cf5af1a0e80e,"extent to which the signs and/or symptoms are present across different settings (for example, home and school) • the impact of the signs and/or symptoms on the child or young person and on their family or carer • the level of parental or carer concern, and if appropriate the concerns of the child or young person • factors associated with an increased prevalence of autism (see box 1 in recommendation 1.3.3) Autism spectrum disorder in under 19s: recognition, referral and diagnosis (CG128) © NICE",NICE Clinical Guideline CG128,15,nice_cg128
8c3b8607-1657-4dee-88b2-7a714cd8d99f,2026. All rights reserved. Subject to Notice of rights (https://www.nice.org.uk/terms-and- conditions#notice-of-rights). Page 15 of 43,NICE Clinical Guideline CG128,15,nice_cg128
6edbc75c-13f1-45ba-a36f-4632d4e2154a,"• the likelihood of an alternative diagnosis. [2011] 1.4.5 If there is insufficient information to decide whether an autism diagnostic assessment is needed, gather any available information from healthcare professionals. With consent from parents or carers and, if appropriate, the child or young person, seek information from schools or other agencies. [2011] 1.4.6 If there is uncertainty about whether an autism diagnostic assessment is needed after information has been gathered, offer a",NICE Clinical Guideline CG128,16,nice_cg128
adaf430e-4b4a-4fc3-b5c6-8d7c20c97dca,"consultation to gather information directly from the child or young person and their family or carers. [2011] 1.4.7 Once it has been decided to carry out an autism diagnostic assessment, with consent from parents or carers (and the child or young person if appropriate): • seek a report from the pre-school or school if one has not already been made available • gather any additional health or social care information, including results from hearing and vision assessments. [2011] 1.4.8 Avoid repeated",NICE Clinical Guideline CG128,16,nice_cg128
53e606ba-a3c1-47dd-9c01-1e3d94620e7b,information gathering and assessments by efficient communication between professionals and agencies. [2011] 1.5 Autism diagnostic assessment for children and young people 1.5.1 Start the autism diagnostic assessment within 3 months of the referral to the autism team. [2011] 1.5.2 A case coordinator in the autism team should be identified for every child or young person who is to have an autism diagnostic assessment. [2011] 1.5.3 The autism case coordinator should: • act as a single point of,NICE Clinical Guideline CG128,16,nice_cg128
ba14b9d3-66f3-4184-8e2c-c877e62eb018,"contact for the parents or carers and, if appropriate, the child or young person being assessed, through whom they can communicate with the rest of the autism team Autism spectrum disorder in under 19s: recognition, referral and diagnosis (CG128) © NICE 2026. All rights reserved. Subject to Notice of rights (https://www.nice.org.uk/terms-and- conditions#notice-of-rights). Page 16 of 43",NICE Clinical Guideline CG128,16,nice_cg128
38fc6c4c-ec49-42ee-a143-aff441228b2c,"• keep parents or carers and, if appropriate, the child or young person, up-to- date about the likely time and sequence of assessments • arrange the provision of information and support for parents, carers, children and young people as directed by the autism team • gather information relevant to the autism diagnostic assessment (see recommendation 1.4.7). [2011] 1.5.4 Discuss with the parents or carers and, if appropriate, the child or young person, how information should be shared throughout the",NICE Clinical Guideline CG128,17,nice_cg128
9c23d1f7-45cd-40ab-93ce-cfb9e1d1ceab,"autism diagnostic assessment, including communicating the outcome of the assessment. Take into account, for example, the child or young person's age and ability to understand. [2011] 1.5.5 Include in every autism diagnostic assessment: • detailed questions about parent's or carer's concerns and, if appropriate, the child's or young person's concerns • details of the child's or young person's experiences of home life, education and social care • a developmental history, focusing on developmental",NICE Clinical Guideline CG128,17,nice_cg128
1736ef3b-f51c-4b9a-9fd1-1cbcd7fdcde9,"and behavioural features consistent with ICD-11 or DSM-5 criteria (consider using an autism-specific tool to gather this information) • assessment (through interaction with and observation of the child or young person) of social and communication skills and behaviours, focusing on features consistent with ICD-11 or DSM-5 criteria (consider using an autism- specific tool to gather this information) • a medical history, including prenatal, perinatal and family history, and past and current health",NICE Clinical Guideline CG128,17,nice_cg128
43710137-33dd-47e2-a230-ad7a627084ab,"conditions • a physical examination • consideration of the differential diagnosis (see recommendation 1.5.7) • systematic assessment for conditions that may coexist with autism (see recommendation 1.5.15) Autism spectrum disorder in under 19s: recognition, referral and diagnosis (CG128) © NICE 2026. All rights reserved. Subject to Notice of rights (https://www.nice.org.uk/terms-and- conditions#notice-of-rights). Page 17 of 43",NICE Clinical Guideline CG128,17,nice_cg128
52d0c731-9c59-473c-ab0c-5b607571cd5e,"• development of a profile of the child's or young person's strengths, skills, impairments and needs that can be used to create a needs-based management plan, taking into account family and educational context. • communication of assessment findings to the parent or carer and, if appropriate, the child or young person. [2011, amended 2017] 1.5.6 Perform a general physical examination and look specifically for: • skin stigmata of neurofibromatosis or tuberous sclerosis using a Wood's light • signs",NICE Clinical Guideline CG128,18,nice_cg128
6d7f787b-a496-4146-af9e-9773a701354e,"of injury, for example self-harm or child maltreatment (see the NICE guidelines on self-harm in over 8s and child maltreatment) • congenital anomalies and dysmorphic features including macrocephaly or microcephaly. [2011] 1.5.7 Consider the following differential diagnoses for autism and whether specific assessments are needed to help interpret the autism history and observations: • Neurodevelopmental disorders: － specific language delay or disorder － a learning (intellectual) disability or",NICE Clinical Guideline CG128,18,nice_cg128
043b7fc4-39a2-4554-a3a2-d8852296004d,"global developmental delay － developmental coordination disorder (DCD). • Mental and behavioural disorders: － attention deficit hyperactivity disorder (ADHD) － mood disorder － anxiety disorder － attachment disorders － oppositional defiant disorder (ODD) － conduct disorder － obsessive compulsive disorder (OCD) Autism spectrum disorder in under 19s: recognition, referral and diagnosis (CG128) © NICE 2026. All rights reserved. Subject to Notice of rights (https://www.nice.org.uk/terms-and-",NICE Clinical Guideline CG128,18,nice_cg128
0ca86706-4766-4bfb-975c-aa765f0a471f,conditions#notice-of-rights). Page 18 of 43,NICE Clinical Guideline CG128,18,nice_cg128
e18fce89-37e9-448e-8fcd-d2380dccacfb,"－ psychosis. • Conditions in which there is developmental regression: － Rett syndrome － epileptic encephalopathy. • Other conditions: － severe hearing impairment － severe visual impairment － maltreatment － selective mutism. [2011] 1.5.8 Consider which assessments are needed to construct a profile for each child or young person, for example: • intellectual ability and learning style • academic skills • speech, language and communication • fine and gross motor skills • adaptive behaviour (including",NICE Clinical Guideline CG128,19,nice_cg128
12628ad0-12ba-4ed5-bae8-1ba7183261b7,"self-help skills) • mental and emotional health (including self-esteem) • physical health and nutrition • sensory sensitivities • behaviour likely to affect day-to-day functioning and social participation • socialisation skills. [2011] 1.5.9 If there are discrepancies during the autism diagnostic assessment between reported signs or symptoms and the findings of the autism observation in the clinical setting, consider: Autism spectrum disorder in under 19s: recognition, referral and diagnosis",NICE Clinical Guideline CG128,19,nice_cg128
df7a2e4b-cdb4-4be0-9ad9-5ef9eeff13c1,(CG128) © NICE 2026. All rights reserved. Subject to Notice of rights (https://www.nice.org.uk/terms-and- conditions#notice-of-rights). Page 19 of 43,NICE Clinical Guideline CG128,19,nice_cg128
9a7cd5c6-575e-48eb-876e-139a5cd74706,"• gathering additional information from other sources and/or • carrying out further autism‑specific observations in different settings, such as the school, nursery, other social setting or at home. [2011] 1.5.10 Use information from all sources, together with clinical judgment, to diagnose autism based on ICD-11 or DSM-5 criteria. [2011, amended 2017] 1.5.11 Do not rely on any autism-specific diagnostic tool alone to diagnose autism. [2011] 1.5.12 Be aware that in some children and young people",NICE Clinical Guideline CG128,20,nice_cg128
c7040fe7-0508-4785-8b01-174cf89211ec,"there may be uncertainty about the diagnosis of autism, particularly in: • children younger than 24 months • children or young people with a developmental age of less than 18 months • children or young people for whom there is a lack of available information about their early life (for example, some looked-after or adopted children) • older teenagers • children or young people with a complex coexisting mental health disorder (for example ADHD, conduct disorder, a possible attachment disorder),",NICE Clinical Guideline CG128,20,nice_cg128
988761b1-0e63-431f-85a5-83bbaf96fd35,"sensory impairment (for example severe hearing or visual impairment), or a motor disorder such as cerebral palsy. [2011] 1.5.13 Be aware that some children and young people will have features of behaviour that are seen in the autism spectrum but do not reach the ICD‑11 or DSM-5 diagnostic criteria for definitive diagnosis. Based on their profile, consider referring to appropriate services. [2011, amended 2017] 1.5.14 If the outcome of the autism diagnostic assessment clearly indicates that the",NICE Clinical Guideline CG128,20,nice_cg128
b0e05a06-dc29-4d24-b071-5cb3d3643fa9,"child or young person does not have autism, consider referring them to appropriate services based on their profile. [2011] 1.5.15 Consider whether the child or young person may have any of the following as a coexisting condition, and if suspected carry out appropriate assessments and Autism spectrum disorder in under 19s: recognition, referral and diagnosis (CG128) © NICE 2026. All rights reserved. Subject to Notice of rights (https://www.nice.org.uk/terms-and- conditions#notice-of-rights). Page",NICE Clinical Guideline CG128,20,nice_cg128
99e2dd6f-f2ea-4b06-b0fc-bcafeb8e9f14,20 of 43,NICE Clinical Guideline CG128,20,nice_cg128
d33b95dd-e105-4245-9307-541d3f044097,"referrals: • Mental and behaviour problems and disorders: － ADHD － anxiety disorders and phobias － mood disorders － oppositional defiant behaviour － tics or Tourette syndrome － OCD － self-injurious behaviour. • Neurodevelopmental problems and disorders: － global delay or a learning (intellectual) disability － motor coordination problems or DCD － academic learning problems, for example in literacy or numeracy － speech and language disorder. • Medical or genetic problems and disorders: － epilepsy",NICE Clinical Guideline CG128,21,nice_cg128
a2c37d13-4bb5-46c7-8520-0d7f2d6ef54d,"and epileptic encephalopathy － chromosome disorders － genetic abnormalities, including fragile X － tuberous sclerosis － muscular dystrophy － neurofibromatosis. • Functional problems and disorders: － feeding problems, including restricted diets Autism spectrum disorder in under 19s: recognition, referral and diagnosis (CG128) © NICE 2026. All rights reserved. Subject to Notice of rights (https://www.nice.org.uk/terms-and- conditions#notice-of-rights). Page 21 of 43",NICE Clinical Guideline CG128,21,nice_cg128
2a450c22-d665-4d57-a6da-984748c81fe1,"－ urinary incontinence or enuresis － constipation, altered bowel habit, faecal incontinence or encopresis － sleep disturbances － vision or hearing impairment. [2011] 1.5.16 Be aware that in children and young people with communication difficulties it may be difficult to recognise functional problems or mental health problems. [2011] 1.6 After the autism diagnostic assessment 1.6.1 If there is uncertainty after the autism diagnostic assessment about the diagnosis, consider keeping the child or",NICE Clinical Guideline CG128,22,nice_cg128
fc4e12f6-e820-4b5a-8c51-7b21a7600499,"young person under review, taking into account any new information. [2011] 1.6.2 If any of the following apply after assessment, consider obtaining a second opinion (including referral to a specialised tertiary autism team if necessary): • continued uncertainty about the diagnosis • disagreement about the diagnosis within the autism team • disagreement with parents or carers or, if appropriate, the child or young person, about the diagnosis • a lack of local access to particular skills and",NICE Clinical Guideline CG128,22,nice_cg128
a7a16496-faf1-46c0-9b86-e5c84a802b03,"competencies needed to reach a diagnosis in a child or young person who has a complex coexisting condition, such as a severe sensory or motor impairment or mental health problem • a lack of response as expected to any therapeutic interventions provided to the child or young person. [2011] 1.6.3 During the autism diagnostic assessment, consider any potential risk of harm to, and from, the child or young person and take appropriate action. [2011] Autism spectrum disorder in under 19s: recognition,",NICE Clinical Guideline CG128,22,nice_cg128
1cf03cd6-1e21-4dd0-a00c-ca5ec3b2b113,referral and diagnosis (CG128) © NICE 2026. All rights reserved. Subject to Notice of rights (https://www.nice.org.uk/terms-and- conditions#notice-of-rights). Page 22 of 43,NICE Clinical Guideline CG128,22,nice_cg128
709af216-d440-4d6c-880e-5965d9cd3b0c,"1.7 Medical investigations 1.7.1 Do not routinely perform any medical investigations as part of an autism diagnostic assessment, but consider the following in individual circumstances and based on physical examination, clinical judgment and the child or young person's profile: • genetic tests, as recommended by your regional genetics centre, if there are specific dysmorphic features, congenital anomalies and/or evidence of a learning (intellectual) disability • electroencephalography if there is",NICE Clinical Guideline CG128,23,nice_cg128
6a6517d7-ef73-41dc-af2a-b45f99cccea1,"suspicion of epilepsy (see the NICE guideline on epilepsies). [2011] 1.8 Communicating the results from the autism diagnostic assessment 1.8.1 After the autism diagnostic assessment discuss the findings, including the profile, sensitively, in person and without delay with the parents or carers and, if appropriate, the child or young person. Explain the basis of conclusions even if the diagnosis of autism was not reached. [2011] 1.8.2 Use recognised good practice when sharing a diagnosis with",NICE Clinical Guideline CG128,23,nice_cg128
40696a58-d484-46d9-88c1-51ea82816bb4,"parents, carers, children and young people. [2011] 1.8.3 For children and young people with a diagnosis of autism, discuss and share information with parents or carers and, if appropriate, the child or young person, to explain: • what autism is • how autism is likely to affect the child or young person's development and function. [2011] 1.8.4 Provide parents or carers and, if appropriate, the child or young person, with a written report of the autism diagnostic assessment. This should explain the",NICE Clinical Guideline CG128,23,nice_cg128
fcae2e21-cdc1-45b6-97c4-f287e32d1101,"findings of the assessment and the reasons for the conclusions drawn. [2011] Autism spectrum disorder in under 19s: recognition, referral and diagnosis (CG128) © NICE 2026. All rights reserved. Subject to Notice of rights (https://www.nice.org.uk/terms-and- conditions#notice-of-rights). Page 23 of 43",NICE Clinical Guideline CG128,23,nice_cg128
e32448de-7c0f-4ed1-a479-520872d0c922,"1.8.5 Share information, including the written report of the diagnostic assessment, with the GP. [2011] 1.8.6 With parental or carer consent and, if appropriate, the consent of the child or young person, share information with key professionals involved in the child's or young person's care, including those in education and social care. [2011] 1.8.7 With parental or carer consent and, if appropriate, the consent of the child or young person, make the profile available to professionals in",NICE Clinical Guideline CG128,24,nice_cg128
02faa80b-b447-4346-88bc-e76d0cf2f02f,"education (for example, through a school visit by a member of the autism team) and, if appropriate, social care. This is so it can contribute to the child or young person's individual education plan and needs-based management plan. [2011] 1.8.8 For children and young people with a diagnosis of autism, offer a follow-up appointment with an appropriate member of the autism team within 6 weeks of the end of the autism assessment for further discussion (for example about the conclusions of the",NICE Clinical Guideline CG128,24,nice_cg128
b1e075f6-a4e7-4888-8e69-df6e2e4d3299,"assessment and the implications for the child or young person). [2011] 1.8.9 For children and young people with a diagnosis of autism, discuss with parents or carers the risk of autism occurring in siblings and future children. [2011] 1.9 Information and support for families and carers 1.9.1 Provide individual information on support available locally for parents, carers, and autistic children and young people, according to the family's needs. This may include: • contact details for: － local and",NICE Clinical Guideline CG128,24,nice_cg128
97aafbb1-7e6e-42c8-80c1-4b0b941ac36a,"national support organisations (who may provide, for example, an opportunity to meet other families with experience of autism, or information about specific courses for parents and carers and/or young people) － organisations that can provide advice on welfare benefits Autism spectrum disorder in under 19s: recognition, referral and diagnosis (CG128) © NICE 2026. All rights reserved. Subject to Notice of rights (https://www.nice.org.uk/terms-and- conditions#notice-of-rights). Page 24 of 43",NICE Clinical Guideline CG128,24,nice_cg128
4494b2f2-7b50-4308-b79d-9c1c6e2f4d56,"－ organisations that can provide information on educational support and 
social care 
• information to help prepare for the future, for example transition to adult 
services. [2011] 
Autism spectrum disorder in under 19s: recognition, referral and diagnosis (CG128)
© NICE 2026. All rights reserved. Subject to Notice of rights (https://www.nice.org.uk/terms-and-
conditions#notice-of-rights).
Page 25 of
43",NICE Clinical Guideline CG128,25,nice_cg128
c5f79b58-815d-46d6-96db-714f45c9baed,Recommendations for research The guideline committee has made the following recommendations for research 1 Training professionals Does training professionals to recognise features suggesting possible autism lead to earlier assessment of needs and earlier diagnosis (and by implication reduce morbidity/ improve health outcomes) among children and young people compared with no training? [2011] Why the committee made the recommendation for research Successful training of healthcare professionals in,NICE Clinical Guideline CG128,26,nice_cg128
8dee57e5-ca07-41d3-98b1-bfe9e140c08f,"the Netherlands has been shown to improve their ability, confidence and skills in identifying children or young people who need an autism diagnostic assessment. A fully trained workforce can identify the number of autistic children or young people and provide accurate information both for planning individual care and at a strategic level for planning appropriate service provision. If training improves earlier recognition and referral, this could be of particular benefit to at-risk groups for",NICE Clinical Guideline CG128,26,nice_cg128
051a63df-871e-4cd8-a577-ba9a2110599f,"which there is evidence that autism is currently under-diagnosed, such as girls, and children and young people: • with parents of lower educational attainment • with English as an additional language • with sensory impairments • with a learning (intellectual) disability. Before extending training to a wider population, it is important to better understand its effectiveness in terms of age, number of children and young people at referral, and time between parents' concerns and autism diagnosis.",NICE Clinical Guideline CG128,26,nice_cg128
23031bce-5774-439c-a453-554dec2b2051,"Autism spectrum disorder in under 19s: recognition, referral and diagnosis (CG128) © NICE 2026. All rights reserved. Subject to Notice of rights (https://www.nice.org.uk/terms-and- conditions#notice-of-rights). Page 26 of 43",NICE Clinical Guideline CG128,26,nice_cg128
2b4c904c-8c1d-4cdf-a1ba-0b627dae8339,"2 Gathering information in schools or nurseries Does routine additional information from educational settings (such as nursery or school) improve accuracy in diagnosing autism among children or young people up to the age of 19 compared with signs and symptoms alone? [2011] Why the committee made the recommendation for research Autism is primarily characterised by difficulties in social reciprocity, social communication and social understanding, along with rigid and repetitive ways of thinking and",NICE Clinical Guideline CG128,27,nice_cg128
6fead728-258b-4bb5-900a-034cc6694f6b,"behaving. Diagnostic accuracy may be improved by interpreting information about how the child or young person presents in social settings away from the home and immediate family. Nurseries or schools are the most obvious settings from which such information may be collected. However, the degree to which information from teachers and schools helps in accurate diagnosis has not been well tested. 3 Additional assessments Do additional assessments (for IQ, language ability and motor ability) improve",NICE Clinical Guideline CG128,27,nice_cg128
942b32a9-1812-4ccf-a772-3fd6ad38313b,"accuracy in diagnosing autism among preschool children (younger than 5 years) compared with signs and symptoms alone? [2011] Autism spectrum disorder in under 19s: recognition, referral and diagnosis (CG128) © NICE 2026. All rights reserved. Subject to Notice of rights (https://www.nice.org.uk/terms-and- conditions#notice-of-rights). Page 27 of 43",NICE Clinical Guideline CG128,27,nice_cg128
bf9636ac-dc2f-4414-ae6f-c5a5f81d6063,"Why the committee made the recommendation for research Current NHS practice varies widely with regard to the proportion of children having an autism diagnostic assessment who also routinely undergo assessments of IQ, language and motor abilities. As a consequence we do not know whether such assessments aid more accurate diagnosis of autism. This is particularly important if a differential or coexisting diagnostic decision is called for and/or if there may be specific management implications.",NICE Clinical Guideline CG128,28,nice_cg128
45abaad9-45bb-4331-a2c3-75d5b528c51b,"Studies may prove valuable to parents in terms of explaining some of the child's behaviours, leading to more targeted and informed support for the child, parents and the wider family. 4 Comparative genomic hybridisation array What is the effectiveness and acceptability of comparative genomic hybridisation (CGH) array compared with current genetic testing in autistic children and young people? [2011] Autism spectrum disorder in under 19s: recognition, referral and diagnosis (CG128) © NICE 2026.",NICE Clinical Guideline CG128,28,nice_cg128
6891f9d8-6fd0-4f6a-9120-cdfd0b7bf418,All rights reserved. Subject to Notice of rights (https://www.nice.org.uk/terms-and- conditions#notice-of-rights). Page 28 of 43,NICE Clinical Guideline CG128,28,nice_cg128
40c49f5a-c5f6-4de4-bc2b-9c18900d9cf8,"Why the committee made the recommendation for research Recent scientific advances have led to the detection of genetic abnormalities that may partly or wholly explain why a child or young person has autism. As the tests become increasingly sophisticated (for example, using methods such as CGH array that detect more subtle variations), more genetic abnormalities are being identified, although their causal role in autism is not always clear. Improved detection of genetic causes of autism could",NICE Clinical Guideline CG128,29,nice_cg128
8bf3d22a-6255-4eb2-b506-632d93602595,"increase the precision of genetic counselling for parents of an autistic child or young person and also for the wider family. At present, the yield of abnormal genetic results using CGH array is known to be higher in those with dysmorphic features and/or a learning (intellectual) disability, but this may extend to the wider autism population with increasing test sophistication. Before extending CGH array testing to a wider population, it is important to have a better understanding of its",NICE Clinical Guideline CG128,29,nice_cg128
1b81d390-3116-4cc3-9d08-cc341d85d4d5,"diagnostic yield. It is also essential to identify any negative consequences that may result from routine testing. Autism spectrum disorder in under 19s: recognition, referral and diagnosis (CG128) © NICE 2026. All rights reserved. Subject to Notice of rights (https://www.nice.org.uk/terms-and- conditions#notice-of-rights). Page 29 of 43",NICE Clinical Guideline CG128,29,nice_cg128
438de6f1-a455-4c54-b3e5-09075c639827,"Context This guideline was updated in 2017 to include attention deficit hyperactivity disorder (ADHD) in the list of factors that should be taken into account when considering a referral for possible autism spectrum disorder and when considering whether to carry out an autism spectrum disorder diagnostic assessment. This is because there is evidence showing an increased prevalence of autism spectrum disorders in children and young people with ADHD. In addition, it is important that clinicians do",NICE Clinical Guideline CG128,30,nice_cg128
ac44a985-306f-4c66-8008-13bad0f64e78,"not exclude or delay referral for possible autism spectrum disorder because of an earlier diagnosis of ADHD. The term autism describes qualitative differences and impairments in reciprocal social interaction and social communication, combined with restricted interests and rigid and repetitive behaviours. Autism spectrum disorders are diagnosed in children, young people and adults if these behaviours meet the criteria defined in the International Statistical Classification of Diseases and Related",NICE Clinical Guideline CG128,30,nice_cg128
c9380b40-ce35-4696-b68a-14a28a3d97f7,"Health Problems (ICD-11) and the Diagnostic and Statistical Manual of Mental Disorders Fifth Edition (DSM-5) and have a significant impact on function. The overarching category term used in ICD-11 is pervasive developmental disorder (PDD), a term now used synonymously with autism spectrum disorder (excluding Rett's syndrome); it is a behaviourally defined group of disorders, which is heterogeneous in both cause and manifestation. DSM-5 refers to autism spectrum disorder as a single condition with",NICE Clinical Guideline CG128,30,nice_cg128
4f3ede75-79d6-4908-9d44-39bd6c22c2e3,"different levels of symptom severity in 2 core domains: 1) deficits in social communication and social interaction and 2) restricted repetitive behaviours (RRBs), interests, and activities and sensory anomalies. Because both components are required for diagnosis of autism spectrum disorder, social (pragmatic) communication disorder is diagnosed if no RRBs are present. Note that childhood disintegrative disorder is excluded from ASD in DSM-5. The guideline development group recognised that",NICE Clinical Guideline CG128,30,nice_cg128
60b54964-3776-49bb-af0b-024cdb176bbe,"individuals and groups prefer a variety of terms, including autism spectrum disorder, autistic spectrum condition, autistic spectrum difference and neuro-diversity. For clarity and consistency, in this guideline the term 'autism' is used throughout, in keeping with the use of 'autism' in the government's 2010 strategy for adults with autism. However in this guideline 'autism' refers to 'autism spectrum disorders'. Autism is a lifelong disorder that has a great impact on the child or young person",NICE Clinical Guideline CG128,30,nice_cg128
753e631e-c8e8-43c6-abd9-10fd7830e8e6,"and their family or carers. When autism is diagnosed, families and carers and the child or young Autism spectrum disorder in under 19s: recognition, referral and diagnosis (CG128) © NICE 2026. All rights reserved. Subject to Notice of rights (https://www.nice.org.uk/terms-and- conditions#notice-of-rights). Page 30 of 43",NICE Clinical Guideline CG128,30,nice_cg128
c2202040-21f7-40ed-8e94-9d4a06ec050a,"person themselves can experience a variety of emotions, shock and concern about the implications for the future. They may also have a profound sense of relief that others agree with their observations and concerns. Diagnosis and the assessment of needs can offer an understanding of why a child or young person is different from their peers and can open doors to support and services in education, health services and social care, and a route into voluntary organisations and contact with other",NICE Clinical Guideline CG128,31,nice_cg128
ce4c8cb3-0e41-4233-9316-02e097dd89c8,"children and families with similar experiences. All of these can improve the lives of the child or young person and their family. The core autism behaviours are typically present in early childhood, but features are not always apparent until the circumstances of the child or young person change, for example when the child goes to nursery or primary school or moves to secondary school. Autism is strongly associated with a number of coexisting conditions. Recent studies have shown that",NICE Clinical Guideline CG128,31,nice_cg128
119725c4-676a-44b1-914c-46d326e9e2f4,"approximately 70% of autistic people also meet diagnostic criteria for at least one other (often unrecognised) psychiatric disorder that is further impairing their psychosocial functioning. A learning (intellectual) disability (intelligence quotient [IQ] below 70) occurs in approximately 50% of young autistic people. Autism was once thought to be an uncommon developmental disorder, but recent studies have reported increased prevalence and the condition is now thought to occur in at least 1% of",NICE Clinical Guideline CG128,31,nice_cg128
3be5be9f-c602-4ce4-84b2-0b86852be281,"children. This rising prevalence has increased demand for diagnostic services for children and young people of all ages in the health service. Health services have a key role in recognising and diagnosing autism. Levels of understanding of autism among healthcare and other relevant professionals and availability of services differ greatly from one area to another. In addition, children and young people with certain coexisting conditions such as a learning (intellectual) disability are less likely",NICE Clinical Guideline CG128,31,nice_cg128
4be66c9f-2377-4eea-8c03-c8e1a1253099,"to be diagnosed with autism, leading to inequalities in healthcare and service provision. Coordination between health agencies and other key services such as education, social care and the voluntary sector is important. Multi-agency staff should also work in partnership with the autistic child or young person and their family or carers. This guideline aims to improve recognition, referral and diagnosis, and the experience of children, young people and those who care for them. NICE has also",NICE Clinical Guideline CG128,31,nice_cg128
f7eae501-307c-450f-a744-41bd65ec0969,"produced a guideline on autism spectrum disorder in under 19s: support and management. Autism spectrum disorder in under 19s: recognition, referral and diagnosis (CG128) © NICE 2026. All rights reserved. Subject to Notice of rights (https://www.nice.org.uk/terms-and- conditions#notice-of-rights). Page 31 of 43",NICE Clinical Guideline CG128,31,nice_cg128
8d8a3cbe-c805-452d-b218-4f25083879e0,"Finding more information and committee details To find out what NICE has said on topics related to this guideline, see the NICE topic page on autism. For full details of the evidence and the guideline committee's discussions, see the full guideline and evidence review. You can also find information about how the guideline was developed, including details of the committee. NICE has produced tools and resources to help you put this guideline into practice. For general help and advice on putting our",NICE Clinical Guideline CG128,32,nice_cg128
4fbb1116-4f8a-4641-ae82-d0c29f838a3e,"guidelines into practice, see resources to help you put NICE guidance into practice. Autism spectrum disorder in under 19s: recognition, referral and diagnosis (CG128) © NICE 2026. All rights reserved. Subject to Notice of rights (https://www.nice.org.uk/terms-and- conditions#notice-of-rights). Page 32 of 43",NICE Clinical Guideline CG128,32,nice_cg128
e9137393-73da-4d91-8d18-49c5eefe50fd,"Update information December 2017: We reviewed the evidence on factors associated with an increased risk of autism and updated box 1 in recommendation 1.3.3. This is marked as [2017]. We also made a change without an evidence review to reflect the most recent version of DSM (DSM-5). This is marked as [2011, amended 2017]. Recommendations are marked as [2011] when the evidence was last reviewed in 2011. Minor changes after publication April 2025: We amended the notes on valproate and added a note",NICE Clinical Guideline CG128,33,nice_cg128
fcae43ca-24ca-4cd3-8d08-a09c47cfc31d,"on topiramate in box 1 following publication of Medicines and Healthcare products Regulatory Agency (MHRA) advice on valproate use in men and use of topiramate. March 2022: We have changed the description of psychologists in recommendations 1.1.3 and 1.1.4, in line with current practice and the British Psychological Society's best practice in psychology recruitment. We have updated mentions of ICD-10 to ICD11, which the NHS adopted in March 2022. June 2021: We changed 'children and young people",NICE Clinical Guideline CG128,33,nice_cg128
ac42a61c-2019-482d-98c1-770fc879d277,"with autism' to 'autistic children and young people', and 'symptoms' to 'features' to align with current terminology. Autism spectrum disorder in under 19s: recognition, referral and diagnosis (CG128) © NICE 2026. All rights reserved. Subject to Notice of rights (https://www.nice.org.uk/terms-and- conditions#notice-of-rights). Page 33 of 43",NICE Clinical Guideline CG128,33,nice_cg128
ce0ab0b0-45db-400a-9a5c-9f9a44d6aaf3,"Appendix: Features suggesting possible autism Using boxes 2 to 4 The features suggesting possible autism in boxes 2 to 4 are a combination of delay in expected features of development and the presence of unusual features, and are intended to alert professionals to the possibility of autism in a child or young person about whom concerns have been raised. They are not intended to be used alone, but to help professionals recognise a pattern of impairments in reciprocal social and communication",NICE Clinical Guideline CG128,34,nice_cg128
c4b63e48-15c9-4fb5-ba29-59ea8c2205b9,"skills, together with unusual restricted and repetitive behaviours. Box 2 Features suggesting possible autism in preschool children (or equivalent mental age) Autism spectrum disorder in under 19s: recognition, referral and diagnosis (CG128) © NICE 2026. All rights reserved. Subject to Notice of rights (https://www.nice.org.uk/terms-and- conditions#notice-of-rights). Page 34 of 43",NICE Clinical Guideline CG128,34,nice_cg128
d2412652-ce88-48fb-ac6a-e0b8810a51c9,"Social interaction and reciprocal communication behaviours Spoken language • Language delay (in babble or words, for example less than ten words by the age of 2 years). • Regression in or loss of use of speech. • Spoken language (if present) may include unusual: － non-speech like vocalisations － odd or flat intonation － frequent repetition of set words and phrases ('echolalia') － reference to self by name or 'you' or 'she/he' beyond 3 years. • Reduced and/or infrequent use of language for",NICE Clinical Guideline CG128,35,nice_cg128
bd4b56f2-b344-4b04-81c5-aca8f5caebc5,"communication, for example use of single words although able to speak in sentences. Responding to others • Absent or delayed response to name being called, despite normal hearing. • Reduced or absent responsive social smiling. • Reduced or absent responsiveness to other people's facial expressions or feelings. • Unusually negative response to the requests of others (demand avoidant behaviour). • Rejection of cuddles initiated by parent or carer, although may initiate cuddles themselves.",NICE Clinical Guideline CG128,35,nice_cg128
ea653365-93a5-4b3b-adc6-2af628dc5f7b,"Interacting with others • Reduced or absent awareness of personal space, or unusually intolerant of Autism spectrum disorder in under 19s: recognition, referral and diagnosis (CG128) © NICE 2026. All rights reserved. Subject to Notice of rights (https://www.nice.org.uk/terms-and- conditions#notice-of-rights). Page 35 of 43",NICE Clinical Guideline CG128,35,nice_cg128
3ab96a0a-6412-4251-b327-2ebae5870891,"people entering their personal space. • Reduced or absent social interest in others, including children of his/her own age – may reject others; if interested in others, may approach others inappropriately, seeming to be aggressive or disruptive. • Reduced or absent imitation of others' actions. • Reduced or absent initiation of social play with others, plays alone. • Reduced or absent enjoyment of situations that most children like, for example, birthday parties. • Reduced or absent sharing of",NICE Clinical Guideline CG128,36,nice_cg128
66018718-d02a-4138-bd26-d24fd28d8875,"enjoyment. Eye contact, pointing and other gestures • Reduced or absent use of gestures and facial expressions to communicate (although may place adult's hand on objects). • Reduced and poorly integrated gestures, facial expressions, body orientation, eye contact (looking at people's eyes when speaking) and speech used in social communication. • Reduced or absent social use of eye contact, assuming adequate vision. • Reduced or absent joint attention shown by lack of: － gaze switching － following",NICE Clinical Guideline CG128,36,nice_cg128
14e859ec-9a0c-4c81-bc43-61cc749eb141,"a point (looking where the other person points to – may look at hand) － using pointing at or showing objects to share interest. Ideas and imagination • Reduced or absent imagination and variety of pretend play. Unusual or restricted interests and/or rigid and repetitive behaviours Autism spectrum disorder in under 19s: recognition, referral and diagnosis (CG128) © NICE 2026. All rights reserved. Subject to Notice of rights (https://www.nice.org.uk/terms-and- conditions#notice-of-rights). Page 36",NICE Clinical Guideline CG128,36,nice_cg128
51d740f3-e524-4494-b4ef-a3324104d1bb,of 43,NICE Clinical Guideline CG128,36,nice_cg128
dc032634-e391-4b40-8e18-459b47e5f104,"• Repetitive 'stereotypical' movements such as hand flapping, body rocking while standing, spinning, finger flicking. • Repetitive or stereotyped play, for example opening and closing doors. • Over-focused or unusual interests. • Excessive insistence on following own agenda. • Extremes of emotional reactivity to change or new situations, insistence on things being 'the same'. • Over or under reaction to sensory stimuli, for example textures, sounds, smells. • Excessive reaction to taste, smell,",NICE Clinical Guideline CG128,37,nice_cg128
e630aa97-bd3b-4bb1-8161-5af64817ce3c,"texture or appearance of food or extreme food fads. Box 3 Features suggesting possible autism in primary school children (aged 5 to 11 years or equivalent mental age) Autism spectrum disorder in under 19s: recognition, referral and diagnosis (CG128) © NICE 2026. All rights reserved. Subject to Notice of rights (https://www.nice.org.uk/terms-and- conditions#notice-of-rights). Page 37 of 43",NICE Clinical Guideline CG128,37,nice_cg128
674170bf-9fa8-428e-8d9c-4403149f0875,"Social interaction and reciprocal communication behaviours Spoken language • Spoken language may be unusual in several ways: － very limited use － monotonous tone － repetitive speech, frequent use of stereotyped (learnt) phrases, content dominated by excessive information on topics of own interest － talking 'at' others rather than sharing a two-way conversation － responses to others can seem rude or inappropriate. Responding to others • Reduced or absent response to other people's facial",NICE Clinical Guideline CG128,38,nice_cg128
7f7bae43-4920-4f92-82a9-d4e1614d4e3c,"expression or feelings. • Reduced or delayed response to name being called, despite normal hearing. • Subtle difficulties in understanding other's intentions; may take things literally and misunderstand sarcasm or metaphor. • Unusually negative response to the requests of others (demand avoidant behaviour). Interacting with others • Reduced or absent awareness of personal space, or unusually intolerant of people entering their personal space. • Reduced or absent social interest in people,",NICE Clinical Guideline CG128,38,nice_cg128
1ac9c468-5820-4148-9b0b-015c5e05e631,"including children of his/her own age – may reject others; if interested in others, may approach others inappropriately, seeming to be aggressive or disruptive. • Reduced or absent greeting and farewell behaviours. Autism spectrum disorder in under 19s: recognition, referral and diagnosis (CG128) © NICE 2026. All rights reserved. Subject to Notice of rights (https://www.nice.org.uk/terms-and- conditions#notice-of-rights). Page 38 of 43",NICE Clinical Guideline CG128,38,nice_cg128
db9c1904-32b5-4014-afa7-d2137d1fb6f9,"• Reduced or absent awareness of socially expected behaviour. • Reduced or absent ability to share in the social play or ideas of others, plays alone. • Unable to adapt style of communication to social situations, for example may be overly formal or inappropriately familiar. • Reduced or absent enjoyment of situations that most children like. Eye contact, pointing and other gestures • Reduced and poorly integrated gestures, facial expressions and body orientation, eye contact (looking at people's",NICE Clinical Guideline CG128,39,nice_cg128
8d7536be-b407-415b-a27d-6d0f522bf1ee,"eyes when speaking) and speech used in social communication. • Reduced or absent social use of eye contact, assuming adequate vision. • Reduced or absent joint attention shown by lack of: － gaze switching － following a point (looking where the other person points to – may look at hand) － using pointing at or showing objects to share interest. Ideas and imagination • Reduced or absent flexible imaginative play or creativity, although scenes seen on visual media (for example, television) may be",NICE Clinical Guideline CG128,39,nice_cg128
eec75e22-1674-4309-8f1b-e9f862a16613,"re-enacted. • Makes comments without awareness of social niceties or hierarchies. Unusual or restricted interests and/or rigid and repetitive behaviours • Repetitive 'stereotypical' movements such as hand flapping, body rocking while standing, spinning, finger flicking. • Play repetitive and oriented towards objects rather than people. Autism spectrum disorder in under 19s: recognition, referral and diagnosis (CG128) © NICE 2026. All rights reserved. Subject to Notice of rights",NICE Clinical Guideline CG128,39,nice_cg128
0868d4cf-3353-4287-8073-4f96546685d2,(https://www.nice.org.uk/terms-and- conditions#notice-of-rights). Page 39 of 43,NICE Clinical Guideline CG128,39,nice_cg128
23ca9172-7cab-4300-ad6d-88278db99b30,"• Over-focused or unusual interests. • Rigid expectation that other children should adhere to rules of play. • Excessive insistence on following own agenda. • Extremes of emotional reactivity that are excessive for the circumstances. • Strong preferences for familiar routines and things being 'just right'. • Dislike of change, which often leads to anxiety or other forms of distress (including aggression). • Over or under reaction to sensory stimuli, for example textures, sounds, smells. •",NICE Clinical Guideline CG128,40,nice_cg128
08f26ac9-1005-4165-b51d-6fb481a7726c,"Excessive reaction to taste, smell, texture or appearance of food or extreme food fads. Other factors that may support a concern about autism • Unusual profile of skills or deficits (for example, social or motor coordination skills poorly developed, while particular areas of knowledge, reading or vocabulary skills are advanced for chronological or mental age). • Social and emotional development more immature than other areas of development, excessive trusting (naivety), lack of common sense, less",NICE Clinical Guideline CG128,40,nice_cg128
283c41a3-6a60-4b23-8cbb-c8103497f4ee,"independent than peers. Box 4 Features suggesting possible autism in secondary school children (older than 11 years or equivalent mental age) Autism spectrum disorder in under 19s: recognition, referral and diagnosis (CG128) © NICE 2026. All rights reserved. Subject to Notice of rights (https://www.nice.org.uk/terms-and- conditions#notice-of-rights). Page 40 of 43",NICE Clinical Guideline CG128,40,nice_cg128
3c921d56-9b00-453a-847b-5ddd7549c5a7,"Social interaction and reciprocal communication behaviours Spoken language • Spoken language may be unusual in several ways: － very limited use － monotonous tone － repetitive speech, frequent use of stereotyped (learnt) phrases, content dominated by excessive information on topics of own interest － talking 'at' others rather than sharing a two-way conversation － responses to others can seem rude or inappropriate. Interacting with others • Reduced or absent awareness of personal space, or",NICE Clinical Guideline CG128,41,nice_cg128
ab2af2a1-7e8e-4173-ae5c-d56ea4bcc53a,unusually intolerant of people entering their personal space. • Long-standing difficulties in reciprocal social communication and interaction: few close friends or reciprocal relationships. • Reduced or absent understanding of friendship; often an unsuccessful desire to have friends (although may find it easier with adults or younger children). • Social isolation and apparent preference for aloneness. • Reduced or absent greeting and farewell behaviours. • Lack of awareness and understanding of,NICE Clinical Guideline CG128,41,nice_cg128
6f466ac8-5da1-452f-b501-2df465428c50,"socially expected behaviour. • Problems losing at games, turn-taking and understanding 'changing the rules'. • May appear unaware or uninterested in what other young people his or her age are interested in. • Unable to adapt style of communication to social situations, for example, may be overly formal or inappropriately familiar. Autism spectrum disorder in under 19s: recognition, referral and diagnosis (CG128) © NICE 2026. All rights reserved. Subject to Notice of rights",NICE Clinical Guideline CG128,41,nice_cg128
71fc298f-971b-4396-b3ee-03a1689a78ec,(https://www.nice.org.uk/terms-and- conditions#notice-of-rights). Page 41 of 43,NICE Clinical Guideline CG128,41,nice_cg128
d398744c-c55c-455a-85af-1e330831fd51,"• Subtle difficulties in understanding other's intentions; may take things literally and misunderstand sarcasm or metaphor. • Makes comments without awareness of social niceties or hierarchies. • Unusually negative response to the requests of others (demand avoidant behaviour). Eye contact, pointing and other gestures • Poorly integrated gestures, facial expressions, body orientation, eye contact (looking at people's eyes when speaking) assuming adequate vision, and spoken language used in social",NICE Clinical Guideline CG128,42,nice_cg128
49b84f63-2ed7-4d61-85bd-d1bbe3836c41,"communication. Ideas and imagination • History of a lack of flexible social imaginative play and creativity, although scenes seen on visual media (for example, television) may be re-enacted. Unusual or restricted interests and/or rigid and repetitive behaviours • Repetitive 'stereotypical' movements such as hand flapping, body rocking while standing, spinning, finger flicking. • Preference for highly specific interests or hobbies. • A strong adherence to rules or fairness that leads to argument.",NICE Clinical Guideline CG128,42,nice_cg128
9f664d01-3c4e-483f-8bac-743d6a8a7d7f,"• Highly repetitive behaviours or rituals that negatively affect the young person's daily activities. • Excessive emotional distress at what seems trivial to others, for example change in routine. • Dislike of change, which often leads to anxiety or other forms of distress including aggression. • Over or under reaction to sensory stimuli, for example textures, sounds, smells. • Excessive reaction to taste, smell, texture or appearance of food and/or extreme Autism spectrum disorder in under 19s:",NICE Clinical Guideline CG128,42,nice_cg128
4e761cdb-e91b-4f7a-ae3d-05a7bf07da71,"recognition, referral and diagnosis (CG128) © NICE 2026. All rights reserved. Subject to Notice of rights (https://www.nice.org.uk/terms-and- conditions#notice-of-rights). Page 42 of 43",NICE Clinical Guideline CG128,42,nice_cg128
13232cac-4b59-467b-a84f-4b7b67721eae,"food fads. Other factors that may support a concern about autism • Unusual profile of skills and deficits (for example, social or motor coordination skills poorly developed, while particular areas of knowledge, reading or vocabulary skills are advanced for chronological or mental age). • Social and emotional development more immature than other areas of development, excessive trusting (naivety), lack of common sense, less independent than peers. ISBN: 978-1-4731-1788-4 Autism spectrum disorder in",NICE Clinical Guideline CG128,43,nice_cg128
abe9ec7b-6e83-4eb6-a413-954a7a1a8929,"under 19s: recognition, referral and diagnosis (CG128) © NICE 2026. All rights reserved. Subject to Notice of rights (https://www.nice.org.uk/terms-and- conditions#notice-of-rights). Page 43 of 43",NICE Clinical Guideline CG128,43,nice_cg128
38ef9d03-7b6d-4b16-8896-55fa7dde7a50,"Original Investigation | Pediatrics Eye-Tracking Biomarkers and Autism Diagnosis in Primary Care Brandon Keehn, PhD; Patrick Monahan, PhD; Brett Enneking, PsyD; Tybytha Ryan, PhD; Nancy Swigonski, MD, MPH, MBA; Rebecca McNally Keehn, PhD Abstract IMPORTANCE Finding effective and scalable solutions to address diagnostic delays and disparities in autism is a public health imperative. Approaches that integrate eye-tracking biomarkers into tiered community-based models of autism evaluation hold",Eye Tracking Biomarkers and Autism Diagnosis,1,eye_tracking
7e04e85d-73d7-442c-bdb7-ceff9bf2d0f2,"promise for addressing this problem. OBJECTIVE To determine whether a battery of eye-tracking biomarkers can reliably differentiate young children with and without autism in a community-referred sample collected during clinical evaluation in the primary care setting and to evaluate whether combining eye-tracking biomarkers with primary care practitioner (PCP) diagnosis and diagnostic certainty is associated with diagnostic outcome. DESIGN, SETTING, AND PARTICIPANTS Early Autism Evaluation (EAE)",Eye Tracking Biomarkers and Autism Diagnosis,1,eye_tracking
000e76a6-8af2-4561-bfbd-6096975e426a,"Hub system PCPs referred a consecutive sample of children to this prospective diagnostic study for blinded eye-tracking index test and follow-up expert evaluation from June 7, 2019, to September 23, 2022. Participants included 146 children (aged 14-48 months) consecutively referred by 7 EAE Hubs. Of 154 children enrolled, 146 provided usable data for at least 1 eye-tracking measure. MAIN OUTCOMES AND MEASURES The primary outcomes were sensitivity and specificity of a composite eye-tracking (ie,",Eye Tracking Biomarkers and Autism Diagnosis,1,eye_tracking
0c3c5a18-517e-4f51-9c47-c2f63727c7c6,"index) test, which was a consolidated measure based on significant eye-tracking indices, compared with reference standard expert clinical autism diagnosis. Secondary outcome measures were sensitivity and specificity of an integrated approach using an index test and PCP diagnosis and certainty. RESULTS Among 146 children (mean [SD] age, 2.6 [0.6] years; 104 [71%] male; 21 [14%] Hispanic or Latine and 96 [66%] non-Latine White; 102 [70%] with a reference standard autism diagnosis), 113 (77%) had",Eye Tracking Biomarkers and Autism Diagnosis,1,eye_tracking
f303c6b6-c7ac-4b2f-9dfe-e6c1829b00d8,"concordant autism outcomes between the index (composite biomarker) and reference outcomes, with 77.5% sensitivity (95% CI, 68.4%-84.5%) and 77.3% specificity (95% CI, 63.0%-87.2%). When index diagnosis was based on the combination of a composite biomarker, PCP diagnosis, and diagnostic certainty, outcomes were concordant with reference standard for 114 of 127 cases (90%) with a sensitivity of 90.7% (95% CI, 83.3%-95.0%) and a specificity of 86.7% (95% CI, 70.3%-94.7%). CONCLUSIONS AND RELEVANCE",Eye Tracking Biomarkers and Autism Diagnosis,1,eye_tracking
bbf962d8-f7a5-437e-9219-75af7f7e2429,"In this prospective diagnostic study, a composite eye-tracking biomarker was associated with a best-estimate clinical diagnosis of autism, and an integrated diagnostic model including PCP diagnosis and diagnostic certainty demonstrated improved sensitivity and specificity. These findings suggest that equipping PCPs with a multimethod diagnostic approach has the potential to substantially improve access to timely, accurate diagnosis in local communities. JAMA Network Open. 2024;7(5):e2411190.",Eye Tracking Biomarkers and Autism Diagnosis,1,eye_tracking
6d48d2c2-6779-46ac-ab0f-1f55ac2eaf92,"doi:10.1001/jamanetworkopen.2024.11190 Key Points Question Can a battery of eye-tracking measures accurately identify young children with autism, and does integrating biomarkers with primary care practitioner (PCP) diagnosis provide a method for improving diagnostic accuracy? Findings In this diagnostic study of 146 children aged 14 to 48 months, 6 eye-tracking indices were associated with reference standard autism outcome. A composite eye-tracking biomarker had 78% sensitivity and 77%",Eye Tracking Biomarkers and Autism Diagnosis,1,eye_tracking
0e0cb8f2-8f17-46df-80e1-f69e0d1232a1,"specificity, and when integrated with PCP diagnosis and diagnostic certainty, had 91% sensitivity and 87% specificity. Meaning These findings suggest that equipping PCPs with a validated, multimethod approach to autism evaluation has the potential to substantially improve access to timely, accurate diagnosis. + Supplemental content Author affiliations and article information are listed at the end of this article. Open Access. This is an open access article distributed under the terms of the CC-BY",Eye Tracking Biomarkers and Autism Diagnosis,1,eye_tracking
e0da8727-952a-400c-b113-10c98472f392,"License. JAMA Network Open. 2024;7(5):e2411190. doi:10.1001/jamanetworkopen.2024.11190 (Reprinted) May 14, 2024 1/14",Eye Tracking Biomarkers and Autism Diagnosis,1,eye_tracking
7f46d0aa-b5ad-429b-b454-a2d5d2f44e4d,"Introduction In 2020, approximately 1 in 36 US children 8 years of age were diagnosed with autism.1 Although reliable identification can be made in the second year of life,2 the median age of autism diagnosis is after 4 years,1 with greater disparities for children from racial and ethnic minority backgrounds3-5 and underserved regions.6 Wait times for diagnostic evaluations often exceed a year,7-10 in part because the number of young children requiring an autism evaluation far exceeds available",Eye Tracking Biomarkers and Autism Diagnosis,2,eye_tracking
7b8730fd-3e68-4775-85df-80b3ea434ce7,"specialists.11,12 These delays impede engagement in early intensive evidence-based interventions, which support development at the time of optimal neuroplasticity and reduce long-term care costs.13-15 In light of the challenges in access to early autism diagnostic services, the development and evaluation of new models of community-based care delivery has been identified as a priority.16 For example, recent research has focused on training primary care practitioners (PCPs) to diagnose autism.17-22",Eye Tracking Biomarkers and Autism Diagnosis,2,eye_tracking
28811267-1b44-4c12-9558-6d3c873da0f4,"However, given the complex, heterogeneous nature of the autism phenotype, multimethod community-based evaluation approaches that integrate both clinical and biobehavioral tools have the potential to improve the accuracy and timeliness of early diagnosis16 and reduce the lifetime costs associated with autism.23 To date, eye tracking is the most noninvasive, low-cost, and feasible approach to identifying early autism diagnostic biomarkers24,25 (ie, characteristics that provide discrete and",Eye Tracking Biomarkers and Autism Diagnosis,2,eye_tracking
22fa3d58-eab7-4aaa-a345-f2249df6617f,"objective indication of diagnosis26). Reliable differences in social vs nonsocial attention are present in autism,27 and pioneering work by Pierce and colleagues28-30 using the GeoPref test has shown nonsocial preference in a subset of young children diagnosed with autism. Jones and colleagues31,32 have also recently shown that reduced social engagement is a reliable diagnostic biomarker in autism. Additionally, prospective, longitudinal studies of infants at elevated likelihood for autism have",Eye Tracking Biomarkers and Autism Diagnosis,2,eye_tracking
536b77d1-14e5-4a57-9565-bb8461e0afa9,"also yielded potential biomarkers. These include less efficient nonsocial attentional disengagement,33-35 amplitude and latency differences of the pupillary light reflex (PLR),36,37 larger tonic baseline38,39 or resting40 pupil diameter, and differences in basic oculomotor measures, such as fixation duration41 and saccade amplitude.42 Although these are almost exclusively laboratory-based studies with effect sizes that suggest limited diagnostic utility,43 these results indicate that multiple",Eye Tracking Biomarkers and Autism Diagnosis,2,eye_tracking
2c069b57-24e8-4725-aa35-fe568ff38717,"eye-tracking indices may be combined to increase discriminative power44 and have promise for identifying autism in toddlers and young children. The present study evaluated whether a battery of eye-tracking biomarkers collected during clinical evaluation in the primary care setting can reliably differentiate community-referred young children with and without autism. Further, we sought to determine whether combining multiple eye-tracking assays of autism likelihood together with PCP diagnosis and",Eye Tracking Biomarkers and Autism Diagnosis,2,eye_tracking
c86765f2-9806-4aa4-8852-ad394db5990c,"diagnostic certainty confers advantage for predicting diagnostic outcome in the community primary care setting. Methods This diagnostic study was part of a larger project evaluating the diagnostic accuracy across the Early Autism Evaluation (EAE) Hub system, a statewide network of community PCPs trained to provide streamlined diagnostic assessment of children aged 14 to 48 months referred for autism evaluation.45 Primary care practitioners in the EAE Hubs follow a standard evaluation protocol and",Eye Tracking Biomarkers and Autism Diagnosis,2,eye_tracking
ba221569-2b72-4913-ae94-aff779f6b504,"then issue a best-estimate autism diagnosis and report with clinical recommendations (additional details are provided in the eMethods in Supplement 1). This study was approved by the Indiana University School of Medicine Institutional Review Board, and written informed consent was obtained from legal guardians of all participants. The study followed the Standards for Reporting Diagnostic Accuracy (STARD) reporting guideline. Participants A total of 154 children evaluated in the EAE Hub system",Eye Tracking Biomarkers and Autism Diagnosis,2,eye_tracking
43312e61-6b7f-490d-a275-c2befbc0e076,"participated (Figure 1), with 146 (95%; reference standard autism group, 102; nonautism group, 44) providing usable data for at least 1 JAMA Network Open | Pediatrics Eye-Tracking Biomarkers and Autism Diagnosis in Primary Care JAMA Network Open. 2024;7(5):e2411190. doi:10.1001/jamanetworkopen.2024.11190 (Reprinted) May 14, 2024 2/14",Eye Tracking Biomarkers and Autism Diagnosis,2,eye_tracking
8270e653-9710-4325-8792-7269ea0f854a,"eye-tracking measure (eResults in Supplement 1 for details on missing and usable data). To be included, children were aged 14 to 48 months at time of EAE Hub evaluation and had an English- speaking primary caregiver or guardian. Study Design and Procedure Seven EAE Hubs set within primary care practices referred children evaluated for autism to the study between June 7, 2019, and September 23, 2022. Each site referred a prospective, consecutive sample of children who received an EAE Hub",Eye Tracking Biomarkers and Autism Diagnosis,3,eye_tracking
df770628-5d84-455b-9165-fd6bf74b9ce7,"evaluation. This recruitment procedure allowed the study team to maintain diagnostic blindness and assess children without referral bias. Once enrolled, an electronic survey was completed by the child’s caregiver (ie, child’s race and ethnicity and caregiver or family income and educational level) and a separate member of the study team collected autism evaluation data from the EAE Hub PCP (ie, autism or nonautism diagnosis and diagnostic certainty). Next, the study team traveled to the EAE Hub",Eye Tracking Biomarkers and Autism Diagnosis,3,eye_tracking
a931878d-28ec-456c-bd54-2ddf9c034e57,to conduct a follow-up criterion standard autism diagnostic assessment (reference standard diagnosis) and eye-tracking biomarker battery (index test) within 16 weeks of EAE Hub evaluation (eMethods in Supplement 1 provides more details). Figure 1. Participant Enrollment and Outcomes Flowchart EAE Hub diagnosis Children aged 18-48 mo recruited from 7 EAE Hubs 154 Enrolled 79 With EAE Hub autism diagnosis 57 Reference autism (TP) 8 Reference nonautism (TN) 0 Reference nonautism (FP) 26 Reference,Eye Tracking Biomarkers and Autism Diagnosis,3,eye_tracking
caa18248-29e5-4b3d-8bcf-66aa17c67ea6,"nonautism (TN) 10 Reference nonautism (FP) 14 Reference autism (FN) 22 Reference autism (TP) 9 Reference autism (FN) 67 With EAE Hub nonautism diagnosis 146 Completed eye-tracking biomarker battery (index test), with EAE Hub diagnosis and diagnostic certainty ratings 8 Missing index test data Unable to complete calibration/validation 57 Index autism 22 Index nonautism 32 Index autism 35 Index nonautism 89 With index autism 79 Reference autism (TP) 10 Reference nonautism (FP) 57 With index",Eye Tracking Biomarkers and Autism Diagnosis,3,eye_tracking
7012f91b-0a83-487d-8bf0-058dba7bf3e7,"nonautism 34 Reference nonautism (TN) 23 Reference autism (FN) After the Early Autism Evaluation (EAE) Hub visit and diagnosis, enrolled children completed a second visit to confirm reference standard diagnosis (autism or nonautism), which was made by a licensed clinical psychologist based on standardized assessment, as well as index diagnosis (autism or nonautism) based on a composite eye-tracking biomarker. For each participant, EAE Hub diagnosis (which could differ from the reference standard",Eye Tracking Biomarkers and Autism Diagnosis,3,eye_tracking
563f6665-cd0f-4659-8cce-86ca5afff38c,"diagnosis) is included as a separate outcome measure. The lower portion of flowchart illustrates index and reference standard outcome irrespective of EAE Hub diagnosis. FN indicates false negative; FP, false positive; TN, true negative; and TP, true positive. JAMA Network Open | Pediatrics Eye-Tracking Biomarkers and Autism Diagnosis in Primary Care JAMA Network Open. 2024;7(5):e2411190. doi:10.1001/jamanetworkopen.2024.11190 (Reprinted) May 14, 2024 3/14",Eye Tracking Biomarkers and Autism Diagnosis,3,eye_tracking
7aa0b4b7-b3f2-4483-b9d9-9afa2c32dd03,"Reference Standard Diagnosis Reference standard diagnosis (reference autism or nonautism) was made by a licensed clinical psychologist (B.E., T.R., and R.M.K.) with expertise in autism diagnosis. The diagnosis was based on a research evaluation including the Autism Diagnostic Observation Schedule, Second Edition (ADOS-2),46 Vineland Adaptive Behaviors Scale, Third Edition (VABS-3),47 Mullen Scales of Early Learning (MSEL),48 and a caregiver interview to assess for Diagnostic and Statistical",Eye Tracking Biomarkers and Autism Diagnosis,4,eye_tracking
5b161d6b-5e34-4208-8b3d-ee393ba03842,"Manual of Mental Disorders49 autism criteria (the eMethods in Supplement 1 provides a description of measures). EAE Hub Diagnosis and Diagnostic Certainty The EAE Hub PCPs submitted categorical diagnosis (autism or nonautism) and diagnostic certainty (rated on a 5-point Likert scale as completely certain, highly certain, somewhat certain, slightly certain, or not at all certain). Levels of EAE Hub PCP certainty were dichotomized into certain (completely or highly certain) vs uncertain (somewhat,",Eye Tracking Biomarkers and Autism Diagnosis,4,eye_tracking
f35d82e7-565d-4d1e-a1a1-bfdc0f6ebcd9,"slightly, or not at all certain). Eye-Tracking Participants first completed a 5-point calibration and validation procedure while viewing an animated cartoon with sounds. Prior to the start of each block, drift check and correction were completed. The eye-tracking biomarker battery included 5 paradigms: (1) an adapted GeoPref test modeled after that of Pierce et al28-30 to measure nonsocial preference (percentage of looking time to nonsocial video), (2) a gap-overlap paradigm to measure",Eye Tracking Biomarkers and Autism Diagnosis,4,eye_tracking
e6341361-7250-472b-90db-801780108332,"attentional disengagement (overlap-gap response time [RT] and no-shift percentage), (3) a PLR test similar to that of Nyström et al36,37 to measure PLR latency and amplitude, (4) a resting eye-tracking task to measure tonic pupil size and oculomotor metrics (fixation duration, saccade amplitude and duration), and (5) a passive visual exploration task to measure oculomotor metrics (eFigure and eMethods in Supplement 1 provide detailed descriptions). Eye-tracking quality control indices included",Eye Tracking Biomarkers and Autism Diagnosis,4,eye_tracking
6fe93575-5477-4f54-9b58-a7ad621bf3d7,"accuracy, as measured by the displacement (in degrees visual angle) between the central fixation and location of gaze at each drift check, and precision, as measured by the root mean square of the Euclidean distances between samples during a fixation (for all participant fixations),50 with lower values indicative of better precision. Statistical Analyses Data analyses were performed using JMP, version 13.0 (SAS Institute Inc). All analyses were tested at a 2-sided significance level of α = .05.",Eye Tracking Biomarkers and Autism Diagnosis,4,eye_tracking
029b6e8e-1283-4fea-8c5c-2570fb22bbaa,"Biomarker Classification Accuracy To examine whether eye-tracking biomarkers were associated with autism diagnostic outcome, a series of binary logistic regressions with eye-tracking indices as independent variables and reference standard autism diagnosis as the binary outcome were conducted. Analyses with unadjusted models were initially performed, and subsequent analyses with adjusted models were performed with age and sex included as covariates. Receiver operating characteristic curves and",Eye Tracking Biomarkers and Autism Diagnosis,4,eye_tracking
7fad6adc-b246-4bd9-b648-4e3a1cfd3b46,"area under the curve (AUC) statistics were used to appraise discrimination of classification models. To assess the associations between individual eye-tracking metrics and clinical profiles, correlations were conducted between significant biomarkers and standardized clinical measures. In addition, to combine significant individual biomarkers into a single metric, cutoffs for each measure were determined. Because of the substantial heterogeneity of the autism phenotype and overlapping symptoms",Eye Tracking Biomarkers and Autism Diagnosis,4,eye_tracking
91665801-2751-44bc-8be1-dea8533cc609,"with other neurodevelopmental disabilities,26,51 thresholds for biomarkers have been selected to increase specificity and decrease false-positive findings.28 Thus, for each biomarker, cut points were determined based on achieving 95% specificity, which yielded the best discrimination of reference standard diagnosis compared with alternative cut points that were explored. For each biomarker, sensitivity, specificity, positive predictive value (PPV), and negative predictive value (NPV) were",Eye Tracking Biomarkers and Autism Diagnosis,4,eye_tracking
10660f15-2ec0-410b-a607-3b9451c1eaed,"calculated (eTable 6 in Supplement 1). Based on 95% specificity cutoff JAMA Network Open | Pediatrics Eye-Tracking Biomarkers and Autism Diagnosis in Primary Care JAMA Network Open. 2024;7(5):e2411190. doi:10.1001/jamanetworkopen.2024.11190 (Reprinted) May 14, 2024 4/14",Eye Tracking Biomarkers and Autism Diagnosis,4,eye_tracking
70df9966-3d91-48e3-93d2-ff3b45591d14,"values, binary variables (0 indicates did not exceed threshold; 1, exceeded threshold) were created for each significant biomarker. Next, a dichotomous index test variable (biomarker-positive [index autism], biomarker-negative [index nonautism]) was created by combining the 6 individual biomarkers into a single composite metric. Specifically, a biomarker-positive score was given to any participant exceeding the 95% specificity cutoff for any of the 6 significant biomarkers. Missing data were not",Eye Tracking Biomarkers and Autism Diagnosis,5,eye_tracking
7386bf2b-a3a4-4570-aa6a-c32df4b49f12,"imputed; participants who did not provide usable data for a given task were assumed not to have exceeded the cutoff. Diagnostic groups did not differ in the number of missing individual biomarkers (eResults and eTable 1 in Supplement 1). Chance-corrected agreement (κ statistic) and accuracy indices of sensitivity, specificity, PPV, NPV, and their 95% CIs were reported for the composite biomarker (index test: biomarker-positive and biomarker-negative). Pearson correlations, together with 95% CIs,",Eye Tracking Biomarkers and Autism Diagnosis,5,eye_tracking
b09dfd18-aa6b-4099-9498-2d346457693f,"were conducted to examine associations between each significant biomarker and standardized clinical measures (ADOS-2 Calibrated Severity Score, VABS-3 Adaptive Behavior Composite, and MSEL Early Learning Composite). For each significant biomarker, a familywise error rate of α = .05 was set, and a Bonferroni correction was used to conservatively account for inflated type I errors, with an α of 0.05 divided by 3 (ie, the number of standardized clinical measures examined), resulting in an adjusted",Eye Tracking Biomarkers and Autism Diagnosis,5,eye_tracking
44c97741-9f2f-43ff-a5c9-dfffed29eff5,"threshold of .0167. Biomarker Classification Accuracy With EAE Hub Diagnosis and Certainty Next, to examine whether individual and composite eye-tracking biomarkers provided additional diagnostic utility beyond that provided by EAE Hub PCP diagnosis and diagnostic certainty, these variables as well as the interaction between diagnosis and certainty were included in logistic regression (with each biomarker in a separate model) to estimate reference standard autism diagnosis. The diagnosis ×",Eye Tracking Biomarkers and Autism Diagnosis,5,eye_tracking
f015c21d-f44a-4728-a271-08e54e80aa28,"certainty interaction was included in the model, as previous research has shown that correct classification by PCPs is associated with diagnostic certainty.45,52 Classification and Regression Tree Analysis To provide descriptive information complementary to logistic regression, a classification and regression tree (CART) analysis,53 based on recursive partitioning, was used to determine which combination of variables (EAE Hub PCP diagnosis, diagnostic certainty, composite biomarker, and biomarker",Eye Tracking Biomarkers and Autism Diagnosis,5,eye_tracking
4f2596ac-86bb-4581-af16-96cfd141f2de,"frequency [sum of all individual biomarkers (0-6) that exceeded the 95% specificity threshold for each child]) were best predictive factors for reference standard autism diagnosis. This technique sequentially determines the variable that accounts for the greatest amount of variance in the outcome and partitions the sample at each node based on the most useful cutoff score. Furthermore, CART analysis offers the advantage of user-friendly interpretation by providing a graphical representation of",Eye Tracking Biomarkers and Autism Diagnosis,5,eye_tracking
a00f6277-a16e-4118-a2a5-e2dcf2932967,"the hierarchy of predictive factors, which may be critical as clinicians are likely to trust and use predictive rules that have face validity.54 Finally, because the goal of tiered diagnostic models, such as the EAE Hub system, is that PCPs can rule in or rule out autism in a subset of children and refer more complicated cases to a diagnostic specialist,55 terminal nodes for the CART analysis were identified as autism, nonautism, or refer for further evaluation. Results Biomarker Classification",Eye Tracking Biomarkers and Autism Diagnosis,5,eye_tracking
74a1d13c-446f-417e-b84c-f783d9d98fc6,"Accuracy Among 146 children included in the analysis (mean [SD] age, 2.6 [0.6] years; 104 [71%] male and 42 [29%] female; 2 [0.1%] Asian, 14 [10%] Black, 21 [14%] Latine of any race, 96 [66%] non-Latine White, and 6 [4%] multiracial for those with data available; 102 [70%] with reference standard autism diagnosis) (Table 1), 6 eye-tracking measures were associated with an expert autism diagnostic outcome in both unadjusted and adjusted models, including nonsocial preference, no-shift percentage,",Eye Tracking Biomarkers and Autism Diagnosis,5,eye_tracking
b09c6b1a-51c1-4830-957a-1b6f770c9a49,"PLR latency and amplitude, and resting and exploration fixation durations (Table 2 and eTable 2 in Supplement 1). Results from the adjusted models, which included age and sex, were reasonably consistent with unadjusted models for all 6 biomarkers. JAMA Network Open | Pediatrics Eye-Tracking Biomarkers and Autism Diagnosis in Primary Care JAMA Network Open. 2024;7(5):e2411190. doi:10.1001/jamanetworkopen.2024.11190 (Reprinted) May 14, 2024 5/14",Eye Tracking Biomarkers and Autism Diagnosis,5,eye_tracking
2edd2d83-e2f9-4615-9628-192b1694bd4d,"Correlational analyses between significant biomarkers and autism severity, developmental levels, and adaptive skills showed that nonsocial preference percentage was associated with decreased MSEL Early Learning Composite (r = −0.26 [95% CI, −0.44 to −0.06]) and VABS-3 Adaptive Behavior Composite (r = −0.31 [95% CI, −0.48 to −0.11]) scores for the reference standard autism but not nonautism groups (eTable 3 in Supplement 1). No other biomarkers were correlated with standardized measures in the",Eye Tracking Biomarkers and Autism Diagnosis,6,eye_tracking
47a67240-5e18-46bb-ac7a-9a50768aa4bd,"autism or nonautism groups. Individual biomarkers were not associated with each other, except for identical concepts examined in 2 tasks (ie, fixation duration) (eTable 5 in Supplement 1). Consistent with this, among children with a reference diagnosis of autism identified using the composite biomarker, most were identified with a single, unique biomarker (biomarker frequency of 1) (eTable 4 in Supplement 1). The mean (SD) number of drift checks over the course of the entire battery did not",Eye Tracking Biomarkers and Autism Diagnosis,6,eye_tracking
93a41f70-f79d-463c-8654-1a3224352757,"differ between autism (19 [10]) and nonautism (17 [8]) groups (t144 = −1.47 [P = .14]). Mean (SD) drift error (ie, accuracy) did not differ between autism (1.03 [0.38]) and nonautism (1.08 [0.26]) groups (t141 = 0.85 [P = .40]) across drift checks. Additionally, the mean (SD) variability of these offsets, as measured by the intraindividual SD of the offset measurements, did not differ between the autism (0.62 [0.99]) and the nonautism (0.60 [0.45]) groups (t141 = −0.15 [P = .88]). Mean (SD)",Eye Tracking Biomarkers and Autism Diagnosis,6,eye_tracking
4eb25e23-65b0-4b0b-b2a2-006ad5851381,"precision values (root Table 1. Participant Characteristics Characteristic Participant group P valuea Autism Nonautism Total, No. 102 44 Sex, No. (%) Male 78 (76) 26 (59) .03 Female 24 (24) 18 (41) Age, mean (SD) [range], y 2.6 (0.6) [1.7-4.1] 2.4 (0.6) [1.7-4.0] .12 MSEL ELC score, mean (SD) [range] 58 (10) [49-101] 77 (16) [49-114] <.001 MSEL verbal DQ score, mean (SD) [range] 44 (20) [10-94] 76 (18) [28-109] <.001 MSEL nonverbal DQ score, mean (SD) [range] 68 (16) [23-106] 85 (14) [44-124]",Eye Tracking Biomarkers and Autism Diagnosis,6,eye_tracking
c7006e1d-9485-4c76-868b-9181494826ba,"<.001 VABS-3 ABC score, mean (SD) [range] 65 (9) [30-88] 78 (11) [61-109] <.001 ADOS-2 Comparison Score, mean (SD) [range] 9 (2) [3-10] 3 (2) [1-10] <.001 Race and ethnicity, No. (%) Asian 2 (2) 0 .02 Black 11 (11) 3 (7) Latine, any race 20 (20) 1 (2) Non-Latine White 59 (58) 37 (84) Multiracial 5 (5) 1 (2) Unspecified or not reported 5 (5) 2 (5) Household income, No. (%) <$50 000 51 (50) 21 (48) .40 $50 001-$99 999 25 (25) 16 (36) ≥$100 000 16 (16) 5 (11) Unspecified or not reported 10 (10) 2",Eye Tracking Biomarkers and Autism Diagnosis,6,eye_tracking
462e18a6-7fd2-4ca3-976f-e96362aa2f80,"(5) Caregiver educational level, No. (%) High school diploma or less 33 (32) 17 (39) .25 Some college or associate’s degree 34 (33) 19 (43) Bachelor’s degree 26 (25) 5 (11) Graduate degree 8 (8) 3 (7) Unspecified or not reported 1 (1) 0 Other nonautism reference diagnoses, No. (%) GDD 84 (82) 17 (39) <.001 LD 11 (11) 13 (30) Otherb 1 (1) 3 (7) None 6 (6) 11 (25) Abbreviations: ABC, Adaptive Behavior Composite; ADOS-2, Autism Diagnostic Observation Schedule, Second Edition; DQ, Developmental",Eye Tracking Biomarkers and Autism Diagnosis,6,eye_tracking
e259c3e0-d700-4b96-9d9d-498a695c955c,"Quotient; ELC, Early Learning Composite; GDD, global developmental delay; LD, language delay; MSEL, Mullen Scales of Early Learning; VABS-3, Vineland Adaptive Behaviors Scale, Third Edition. a Calculated using 2-sided t tests for continuous variables and χ2 tests for categorical variables. b Includes emotional behavioral concerns such as separation anxiety, sensory processing impairment, and parent-child relational problem. JAMA Network Open | Pediatrics Eye-Tracking Biomarkers and Autism",Eye Tracking Biomarkers and Autism Diagnosis,6,eye_tracking
6992c3c5-94cd-4a1f-a597-5bfbfb7898d8,"Diagnosis in Primary Care JAMA Network Open. 2024;7(5):e2411190. doi:10.1001/jamanetworkopen.2024.11190 (Reprinted) May 14, 2024 6/14",Eye Tracking Biomarkers and Autism Diagnosis,6,eye_tracking
247d117e-388a-4425-b588-21bd27b11ebd,"mean square of the sample-to-sample distances) did not differ between the autism (0.70 [0.35]) and the nonautism (0.69 [0.28]) groups (t144 = −0.13 [P = .90]). Biomarker Classification Accuracy With EAE Hub Diagnosis and Certainty Predictive biomarkers were then tested in a model that included EAE Hub diagnosis and diagnostic certainty as well as their interaction associated with reference standard outcome. Whereas EAE Hub diagnosis was significant for most models, diagnostic certainty was not",Eye Tracking Biomarkers and Autism Diagnosis,7,eye_tracking
78c87f28-d77b-4119-a191-7efe73fe8ad2,"significant in any models; however, the EAE Hub diagnosis by certainty interaction was significant in all models, indicating that the main associations of EAE Hub diagnosis and certainty should be interpreted with caution, given that the ability of the EAE Hub diagnosis to estimate expert diagnosis depends on PCP diagnostic certainty.45 Importantly, all 6 biomarkers (including the composite biomarker) remained significant predictive factors of reference standard autism outcome after adjusting for",Eye Tracking Biomarkers and Autism Diagnosis,7,eye_tracking
4e500374-6e2c-4e20-adec-42ab62dd23c9,"these covariates (eTable 7 in Supplement 1). Agreement Between Index and Reference Diagnosis For the composite biomarker, outcomes were concordant with the reference diagnosis for 113 cases (77%). Overall, 79 cases (54%) had true-positive findings and 34 (23%) had true-negative findings; 23 (16%) had false-negative findings and 10 (7%) had false-positive findings. Chance-corrected diagnostic agreement was moderate (κ = 0.51 [95% CI, 0.36-0.65]). Correct classification of autism (sensitivity) was",Eye Tracking Biomarkers and Autism Diagnosis,7,eye_tracking
4fcd7630-8d2c-40b3-8b5e-62c80baf902d,"77.5% (95% CI, 68.4%-84.5%) and correct classification of nonautism (specificity) was 77.3% (95% CI, 63.0%-87.2%); PPV was 88.8% (95% CI, 80.5%-93.8%) and NPV was 59.6% (95% CI, 46.7%-71.4%). Classification and Regression Tree Analysis Results of the CART analysis are shown in Figure 2. Tree growth was manually stopped after 5 splits, as additional splits did not improve the overall model fit (AUC, 0.92 [95% CI, 0.86-0.96]). The strongest baseline predictive factor of reference standard autism",Eye Tracking Biomarkers and Autism Diagnosis,7,eye_tracking
113d1a71-14a4-4806-bc86-584f79de5dc6,"outcome was the composite biomarker, for which 79 of 89 (89%) with a biomarker-positive score had an autism outcome (node 3). Within the biomarker-positive group, 57 of 57 (100%) who were diagnosed with autism by the EAE Hub had a reference standard diagnosis of autism (node 6). Importantly, 22 of 32 cases (69%) with a nonautism EAE Hub diagnosis also had a reference standard diagnosis of autism (ie, false- negative findings; node 7). Within these cases, when more than 1 positive biomarker was",Eye Tracking Biomarkers and Autism Diagnosis,7,eye_tracking
aff290f1-9a81-45fa-b987-b01a4cd728ff,"present, 10 of 10 (100%) had a reference standard diagnosis of autism demonstrating that more than 1 positive biomarker identified autism cases when the EAE Hub PCP did not (node 10). Furthermore, when EAE Hub PCP certainty was low for nonautism cases, 9 of 10 cases (90%) in the biomarker-positive group also had a reference standard autism diagnosis (node 12). When the certainty of the EAE Hub Table 2. Biomarkers Significantly Associated With Reference Standard Autism Diagnosis Predictive factors",Eye Tracking Biomarkers and Autism Diagnosis,7,eye_tracking
95f96214-eda6-4624-801e-6746ec799172,"Participant group, mean (SD) [range] Unadjusted models Adjusted modelsa Autism Nonautism OR (95% CI) Wald χ2 test P value AUC OR (95% CI) Wald χ2 test P value Nonsocial preference, % 46.20 (22.33) [3.35 to 86.80] 21.50 (12.48) [0.62 to 56.72] 1.07 (1.04 to 1.10) 25.8 <.001 0.82 1.07 (1.04 to 1.10) 23.7 <.001 No shift-gap effect, % 8.65 (13.42) [−25 to 50] 0.83 (10.45) [−16.67 to 40] 1.07 (1.01 to 1.12) 5.1 .02 0.72 1.07 (1.01 to 1.13) 4.9 .03 Resting fixation duration, ms 527.84 (135.71) [300 to",Eye Tracking Biomarkers and Autism Diagnosis,7,eye_tracking
f7fe00f5-adec-428e-9d47-9ef0457c0254,"966] 460.93 (110.47) [239 to 686] 1.004 (1.001 to 1.008) 6.5 .01 0.63 1.01 (1.001 to 1.01) 6.9 .009 PLR latency, ms 268.51 (25.88) [207 to 338] 291.44 (23.62) [254 to 353] 0.96 (0.94 to 0.99) 7.1 .008 0.75 0.96 (0.93 to 0.99) 7.3 .007 PLR amplitude, % 32.69 (10.26) [10.17 to 57.60] 24.70 (8.23) [11.39 to 40.55] 1.10 (1.02 to 1.18) 5.9 .02 0.72 1.10 (1.01 to 1.19) 5.4 .02 Exploration fixation duration, ms 344.58 (63.10) [236 to 600] 320.80 (42.13) [232 to 402] 1.01 (1.00 to 1.02) 4.5 .03 0.61 1.01",Eye Tracking Biomarkers and Autism Diagnosis,7,eye_tracking
0f6d1bc4-62fa-456d-983f-06ab9bbdf80e,"(1.00 to 1.02) 6.6 .01 Abbreviations: AUC, area under the curve; OR, odds ratio; PLR, pupillary light reflex. a Adjusted for age and sex. JAMA Network Open | Pediatrics Eye-Tracking Biomarkers and Autism Diagnosis in Primary Care JAMA Network Open. 2024;7(5):e2411190. doi:10.1001/jamanetworkopen.2024.11190 (Reprinted) May 14, 2024 7/14",Eye Tracking Biomarkers and Autism Diagnosis,7,eye_tracking
fb69ee74-2eec-4657-8429-f71640ff22cf,"nonautism diagnosis was high, 9 of 12 cases (75%) in the biomarker-positive group had a nonautism reference standard diagnosis (node 13). Alternatively, when the composite biomarker was negative, 34 of 57 cases (60%) had a reference standard diagnosis of nonautism (node 2). Of those biomarker-negative cases, when autism was ruled out by the EAE Hub PCP, 26 of 35 (74%) did not have autism based on the reference standard (node 5). Of those biomarker-negative cases with an EAE Hub autism diagnosis,",Eye Tracking Biomarkers and Autism Diagnosis,8,eye_tracking
9311a1c3-3d94-4479-8645-6a5b8a02e982,"14 of 22 (64%) had a reference standard diagnosis of autism (node 4). In those cases, if the EAE Hub autism diagnosis was highly certain, biomarker-negative cases were more likely to have reference standard diagnosis of autism (12 of 15 [80%]; node 9) compared with when certainty was low (2 of 7 [29%]; node 8). Based on the CART analysis, diagnostic decisions of autism, nonautism, and referral for additional assessment were selected, resulting (when compared with reference standard diagnosis) in",Eye Tracking Biomarkers and Autism Diagnosis,8,eye_tracking
a530a6b7-3054-432f-aeff-41810d2631d0,"consistent outcomes for 114 of 127 cases (90%). Chance-corrected diagnostic agreement was substantial (κ = 0.73 [95% CI, 0.60-0.89]) with 90.7% sensitivity (95% CI, 83.3%-95.0%), 86.7% specificity (95% CI, 70.3%-94.7%), PPV of 95.7% (95% CI, 89.3%-98.3%), and a NPV of 74.3% (95% CI, 57.9%-85.8%). A 5-fold cross-validation analysis confirmed good performance for the selected model. Specifically, the presented model was selected in 3 of 5 CART training runs, with 2 slightly different models",Eye Tracking Biomarkers and Autism Diagnosis,8,eye_tracking
9793e3c1-2c2a-4aaf-861d-c685688e6595,"selected in the remaining 2 CART training runs, indicating reasonably good model stability. Figure 2. Decision Tree From Classification and Regression Tree Analysis Refer for additional assessment Refer for additional assessment Diagnose with autism Do not diagnose with autism Diagnose with autism Diagnose with autism Diagnose with autism 2 5 Node 8 7 Low diagnostic certainty Autism (29%) Nonautism (71%) 12 3 Node 9 15 High diagnostic certainty Autism (80%) Nonautism (20%) Node 1 146 Cases 102",Eye Tracking Biomarkers and Autism Diagnosis,8,eye_tracking
5876f29a-d668-412a-912f-7391d5825b9e,Autism 44 Nonautism Node 4 22 EAE Hub diagnosis autism 14 Autism (64%) 8 Nonautism (36%) Node 5 35 EAE Hub diagnosis nonautism 9 Autism (26%) 26 Nonautism (74%) Node 6 57 EAE Hub diagnosis autism 57 Autism (100%) 0 Nonautism Node 7 32 EAE Hub diagnosis nonautism 22 Autism (69%) 10 Nonautism (31%) Node 2 57 Biomarker negative 23 Autism (40%) 34 Nonautism (60%) Node 3 89 Biomarker positive 79 Autism (89%) 10 Nonautism (11%) Node 10 10 With >1 biomarker Autism (100%) Nonautism 10 0 Node 11 22 With 1,Eye Tracking Biomarkers and Autism Diagnosis,8,eye_tracking
48148fbc-17fc-42c2-8993-96b831150757,"biomarker Autism (55%) Nonautism (45%) 12 10 9 1 Node 12 10 Low diagnostic certainty Autism (90%) Nonautism (10%) 3 9 Node 13 12 High diagnostic certainty Autism (25%) Nonautism (75%) At each split, the number of reference standard autism and nonautism cases and the percentage of the total cases within each split are presented. Final decisions (diagnose with autism, do not diagnose with autism, and refer) are displayed after each terminal node. EAE indicates Early Autism Evaluation. JAMA Network",Eye Tracking Biomarkers and Autism Diagnosis,8,eye_tracking
2d96f82d-a415-43c2-898a-499af46ee5b7,"Open | Pediatrics Eye-Tracking Biomarkers and Autism Diagnosis in Primary Care JAMA Network Open. 2024;7(5):e2411190. doi:10.1001/jamanetworkopen.2024.11190 (Reprinted) May 14, 2024 8/14",Eye Tracking Biomarkers and Autism Diagnosis,8,eye_tracking
794c5403-f203-4c46-b4c7-e6992d841bb7,"Furthermore, the mean AUC for the 3 training runs that selected our model was 0.93 and their mean cross-validation AUC was 0.90, which was slightly higher than the other 2 models identified, indicating superior performance for the selected model, and its mean cross-validated AUC (0.90) was very high, demonstrating excellent out-of-sample performance. Discussion The present diagnostic study acquired eye-tracking measures associated with autism likelihood in a diverse sample of young children",Eye Tracking Biomarkers and Autism Diagnosis,9,eye_tracking
d4f74558-e861-4406-bfce-98645d08f6d3,"evaluated for autism in the primary care setting. To our knowledge, this is the first study to collect eye-tracking biomarkers as part of community-based primary care autism diagnostic evaluation. Six eye-tracking indices differentiated children with autism from children with other developmental disabilities and provided unique information above and beyond PCP-based autism diagnosis and certainty. Our integrated CART diagnostic model demonstrated 90.7% sensitivity and 86.7% specificity.",Eye Tracking Biomarkers and Autism Diagnosis,9,eye_tracking
49d73950-865d-4176-964d-2ea175ebc7be,"Eye-Tracking Diagnostic Biomarkers Classification of Autism in a High-Risk Community-Referred Sample Given the phenotypic heterogeneity associated with autism, a single biomarker, especially one focused on reducing false-positive findings, is unlikely to capture all children on the autism spectrum. Therefore, the present study acquired multiple biomarkers with the goal of identifying unique cases among discrete markers. Our results are consistent with previous work indicating that nonsocial",Eye Tracking Biomarkers and Autism Diagnosis,9,eye_tracking
286ad3a9-5408-4e88-9a63-c08271726f30,"preference28-30 is a potent biomarker for identifying autism in young children. Additionally, findings of impairments in nonsocial attentional disengagement and shorter latency and increased amplitude of the PLR are consistent with previous research from other laboratory-based prospective longitudinal studies of infants at elevated likelihood for autism.35-37 Additionally, we found longer fixation durations for 2 distinct tasks in autism. This contrasts with previous findings of shorter fixation",Eye Tracking Biomarkers and Autism Diagnosis,9,eye_tracking
55d682dd-eeb0-43d3-bb74-18fb1d47e601,"durations in infants later diagnosed with autism41; however, differences in child developmental levels and ages across these and other studies35,40 may explain differences across some biomarker metrics. Nevertheless, our biomarker composite (biomarker-positive) performed similarly to recent studies of eye-tracking–based measures used to identify autism in a specialty clinical setting32 and highlights the utility of these indices for identification of autism in a community- referred sample.",Eye Tracking Biomarkers and Autism Diagnosis,9,eye_tracking
d8e27c64-43df-4b9c-a109-e04ede49cd13,"Eye-Tracking Biomarkers and Additional Classification Accuracy Beyond PCP Diagnosis While diagnostic biomarkers represent a novel tool to promote earlier and more accurate identification of autism, they are more likely to supplement clinical judgement rather than replace it.32 As such, if biomarkers do not contribute unique information in the diagnostic process, their utility is limited. The present study demonstrated that each individual biomarker, as well as the composite biomarker, contribute",Eye Tracking Biomarkers and Autism Diagnosis,9,eye_tracking
fa130cd0-098a-49fd-bc7d-35584d03ba7c,"classification value beyond PCP diagnosis, certainty, and their interaction. In the context of autism diagnosis in the primary care setting, these biomarkers may give PCPs, who are not specialists in autism evaluation, further evidence necessary for accurate diagnostic decision making. Integrating Eye-Tracking Biomarkers Within Diagnostic Decision-Making Approximately 30% to 40% of autism diagnoses made by clinicians, including PCPs in the present study, lack complete certainty.56,57 Results of",Eye Tracking Biomarkers and Autism Diagnosis,9,eye_tracking
a4263aa7-54cc-4a4d-9338-9af69d18a2ee,"the present study show that when incorporated into diagnostic decision-making, biomarkers may aid in identifying incorrect nonautism diagnoses (ie, misses), including those made with low certainty. For example, our CART model showed that 90% of children with an incorrect low certainty EAE Hub nonautism diagnosis were correctly identified based on having a positive composite biomarker (node 12 [Figure 2]). Thus, our results support an JAMA Network Open | Pediatrics Eye-Tracking Biomarkers and",Eye Tracking Biomarkers and Autism Diagnosis,9,eye_tracking
7f0cc108-b498-4783-ae6b-772a10f780fd,"Autism Diagnosis in Primary Care JAMA Network Open. 2024;7(5):e2411190. doi:10.1001/jamanetworkopen.2024.11190 (Reprinted) May 14, 2024 9/14",Eye Tracking Biomarkers and Autism Diagnosis,9,eye_tracking
c59929d5-dcac-44eb-af91-96e786f0970d,"innovative method of autism diagnosis for young children in the primary care setting, which integrates clinical assessment by general pediatric PCPs with use of eye-tracking biomarkers to improve diagnostic accuracy. Limitations This study has some limitations. Although confirmed using 5-fold cross-validation, the CART model was developed with the full dataset; future research with a larger sample is needed to assess the generalizability and performance of the model in other datasets. While we",Eye Tracking Biomarkers and Autism Diagnosis,10,eye_tracking
a353c756-73e0-4dda-9bd4-0d5a231175b2,"included a prospective, consecutively referred sample of children evaluated for autism, a class imbalance was present; such an imbalance has the potential to overinflate accuracy metrics,58 and thus our findings should be interpreted with caution. Although 95% of children provided at least 1 usable eye-tracking measure, the percentage of usable data across each task varied significantly (50%-94%) (eResults in Supplement 1). However, this is consistent with previous laboratory-acquired data for",Eye Tracking Biomarkers and Autism Diagnosis,10,eye_tracking
bc165cce-de0b-41c6-bdc6-bbac2c8b217c,"these paradigms,30,59,60 and no other group differences were present for quality control metrics. Conclusions At the population health level, equipping PCPs with a validated, multimethod approach to early diagnosis has the potential to substantially improve access to timely, accurate diagnosis in local communities where the availability of neurodevelopmental experts is scarce. The findings of this diagnostic study suggest that multiple eye-tracking indices may be sensitive to autism, provide",Eye Tracking Biomarkers and Autism Diagnosis,10,eye_tracking
415bf797-d915-401b-af4c-c6085f128d60,"additional information beyond PCP diagnostic outcome and certainty, and, when integrated with these measures, may facilitate more accurate autism diagnosis. ARTICLE INFORMATION Accepted for Publication: March 12, 2024. Published: May 14, 2024. doi:10.1001/jamanetworkopen.2024.11190 Open Access: This is an open access article distributed under the terms of the CC-BY License. © 2024 Keehn B et al. JAMA Network Open. Corresponding Author: Brandon Keehn, PhD, Department of Speech, Language, and",Eye Tracking Biomarkers and Autism Diagnosis,10,eye_tracking
b114aaea-e207-41b7-b8c4-1d5dd22c25e4,"Hearing Sciences, Purdue University, 715 Clinic Dr, Lyles-Porter Hall, West Lafayette, IN 47907 (bkeehn@purdue.edu). Author Affiliations: Department of Speech, Language, and Hearing Sciences, Purdue University, West Lafayette, Indiana (Keehn); Department of Psychological Sciences, Purdue University, West Lafayette, Indiana (Keehn); Department of Biostatistics and Health Data Science, Indiana University School of Medicine, Indianapolis (Monahan); Department of Pediatrics, Indiana University School",Eye Tracking Biomarkers and Autism Diagnosis,10,eye_tracking
855cfcf6-cf22-4c13-9af1-91a34b34eecc,"of Medicine, Indianapolis (Enneking, Ryan, Swigonski, McNally Keehn). Author Contributions: Drs Keehn and McNally Keehn had full access to all of the data in the study and take responsibility for the integrity of the data and the accuracy of the data analysis. Concept and design: Keehn, Ryan, McNally Keehn. Acquisition, analysis, or interpretation of data: Keehn, Monahan, Enneking, Swigonski, McNally Keehn. Drafting of the manuscript: Keehn, Monahan, McNally Keehn. Critical review of the",Eye Tracking Biomarkers and Autism Diagnosis,10,eye_tracking
3d79e287-b394-44c3-9404-36c8477299f5,"manuscript for important intellectual content: All authors. Statistical analysis: Keehn, Monahan, McNally Keehn. Obtained funding: Keehn, Swigonski, McNally Keehn. Administrative, technical, or material support: Keehn, Ryan, McNally Keehn. Supervision: Keehn, Swigonski. Conflict of Interest Disclosures: Dr McNally Keehn reported receiving payment for provision of workshops on use of the Autism Diagnostic Observation Schedule–Second Edition. No other disclosures were reported. JAMA Network Open |",Eye Tracking Biomarkers and Autism Diagnosis,10,eye_tracking
598abcab-6b5f-40fe-938f-bac5b8dff1ae,"Pediatrics Eye-Tracking Biomarkers and Autism Diagnosis in Primary Care JAMA Network Open. 2024;7(5):e2411190. doi:10.1001/jamanetworkopen.2024.11190 (Reprinted) May 14, 2024 10/14",Eye Tracking Biomarkers and Autism Diagnosis,10,eye_tracking
d0708e97-d542-4229-bcdb-76f17a1fcb73,"Funding/Support: This study was supported by grant R21-MH121747 from the National Institute of Mental Health (Drs Keehn, Swigonski, and McNally Keehn), the Riley Children’s Foundation (Drs Keehn and McNally Keehn), and grant K12-TR004415 from Indiana Clinical and Translational Sciences Institute (Dr McNally Keehn). Role of the Funder/Sponsor: The funders had no role in the design and conduct of the study; collection, management, analysis, and interpretation of the data; preparation, review, or",Eye Tracking Biomarkers and Autism Diagnosis,11,eye_tracking
77290b0c-2f57-4a05-b4bb-25d6e3d0ecf9,"approval of the manuscript; and decision to submit the manuscript for publication. Data Sharing Statement: See Supplement 2. Additional Contributions: Mary Ciccarelli, MD (Early Autism Evaluation [EAE] Hub codirector), Angela Paxton (project manager), and Mary Delaney (practice liaison), Department of Pediatrics, Indiana University School of Medicine, supported the EAE Hub system, for which Ms Paxton was compensated. Ann Marie Martin, PhD, Department of Pediatrics, Indiana University School of",Eye Tracking Biomarkers and Autism Diagnosis,11,eye_tracking
a92947d4-c00f-49ee-a9fe-8d47707700b1,"Medicine, Lisa Hamrick, PhD, Department of Psychological Sciences, Purdue University, and Girija Kadlaskar, PhD, Department of Speech, Language, and Hearing Sciences, Purdue University, helped with data collection, for which Dr Martin was compensated. We are indebted to the EAE Hub clinicians for their commitment to the children and families of Indiana, our learning collaborative network, and their participation in this research. Finally, and most importantly, we are grateful to the children and",Eye Tracking Biomarkers and Autism Diagnosis,11,eye_tracking
3e8756fe-79c1-4d98-a0bd-3a95568e32b8,"caregivers who participated in this study. REFERENCES 1. Maenner MJ, Warren Z, Williams AR, et al. Prevalence and characteristics of autism spectrum disorder among children aged 8 years—Autism and Developmental Disabilities Monitoring Network, 11 sites, United States, 2020. MMWR Surveill Summ. 2023;72(2):1-14. doi:10.15585/mmwr.ss7202a1 2. Pierce K, Gazestani VH, Bacon E, et al. Evaluation of the diagnostic stability of the early autism spectrum disorder phenotype in the general population",Eye Tracking Biomarkers and Autism Diagnosis,11,eye_tracking
5c844842-0ea4-4b50-be1c-753d3f70d31c,"starting at 12 months. JAMA Pediatr. 2019;173(6):578-587. doi:10. 1001/jamapediatrics.2019.0624 3. Aylward BS, Gal-Szabo DE, Taraman S. Racial, ethnic, and sociodemographic disparities in diagnosis of children with autism spectrum disorder. J Dev Behav Pediatr. 2021;42(8):682-689. doi:10.1097/DBP. 0000000000000996 4. Zeleke WA, Hughes TL, Drozda N. Disparities in diagnosis and service access for minority children with ASD in the United States. J Autism Dev Disord. 2019;49(10):4320-4331.",Eye Tracking Biomarkers and Autism Diagnosis,11,eye_tracking
6167ee72-5bb9-4314-9529-010ffbc34442,"doi:10.1007/s10803-019-04131-9 5. Wiggins LD, Durkin M, Esler A, et al. Disparities in documented diagnoses of autism spectrum disorder based on demographic, individual, and service factors. Autism Res. 2020;13(3):464-473. doi:10.1002/aur.2255 6. Murphy MA, Ruble LA. A comparative study of rurality and urbanicity on access to and satisfaction with services for children with autism spectrum disorders. Rural Spec Educ Q. 2012;31(3):3-11. doi:10.1177/ 875687051203100302 7. Petruccelli M, Ramella L,",Eye Tracking Biomarkers and Autism Diagnosis,11,eye_tracking
9d82e991-3053-4606-8ce7-e857cacbb106,"Schaefer AJ, et al. A taxonomy of reported harms in pediatric autism spectrum disorder screening: provider and parent perspectives. J Autism Dev Disord. 2022;52(2):647-673. doi:10.1007/s10803-021- 04964-3 8. Patten E, Baranek GT, Watson LR, Schultz B. Child and family characteristics influencing intervention choices in autism spectrum disorders. Focus Autism Other Dev Disabl. 2013;28(3):138-146. doi:10.1177/1088357612468028 9. Pickard KE, Ingersoll BR. Quality versus quantity: the role of",Eye Tracking Biomarkers and Autism Diagnosis,11,eye_tracking
5d2663ae-2277-4b16-8801-1cf1f5d553df,"socioeconomic status on parent-reported service knowledge, service use, unmet service needs, and barriers to service use. Autism. 2016;20(1):106-115. doi:10.1177/ 1362361315569745 10. Porterfield SL, McBride TD. The effect of poverty and caregiver education on perceived need and access to health services among children with special health care needs. Am J Public Health. 2007;97(2):323-329. doi:10. 2105/AJPH.2004.055921 11. Bridgemohan C, Bauer NS, Nielsen BA, et al. A workforce survey on",Eye Tracking Biomarkers and Autism Diagnosis,11,eye_tracking
32939ca8-649c-4ce9-8ca4-4a8c11833405,"developmental-behavioral pediatrics. Pediatrics. 2018;141(3):e20172164. doi:10.1542/peds.2017-2164 12. Weitzman CC, Baum RA, Fussell J, et al. Defining developmental-behavioral pediatrics. Pediatrics. 2022;149 (4):e2021054771. doi:10.1542/peds.2021-054771 13. Cidav Z, Munson J, Estes A, Dawson G, Rogers S, Mandell D. Cost offset associated with early start Denver model for children with autism. J Am Acad Child Adolesc Psychiatry. 2017;56(9):777-783. doi:10.1016/j.jaac.2017. 06.007 14. Penner M,",Eye Tracking Biomarkers and Autism Diagnosis,11,eye_tracking
23687da8-9c57-4d34-b4fb-3ac01fb78e8b,"Rayar M, Bashir N, Roberts SW, Hancock-Howard RL, Coyte PC. Cost-effectiveness analysis comparing pre-diagnosis autism spectrum disorder (ASD)-targeted intervention with Ontario’s autism intervention program. J Autism Dev Disord. 2015;45(9):2833-2847. doi:10.1007/s10803-015-2447-0 JAMA Network Open | Pediatrics Eye-Tracking Biomarkers and Autism Diagnosis in Primary Care JAMA Network Open. 2024;7(5):e2411190. doi:10.1001/jamanetworkopen.2024.11190 (Reprinted) May 14, 2024 11/14",Eye Tracking Biomarkers and Autism Diagnosis,11,eye_tracking
13dd7bd9-b987-456b-b02a-f22c9acb6191,"15. Peters-Scheffer N, Didden R, Korzilius H, Matson J. Cost comparison of early intensive behavioral intervention and treatment as usual for children with autism spectrum disorder in the Netherlands. Res Dev Disabil. 2012;33 (6):1763-1772. doi:10.1016/j.ridd.2012.04.006 16. Zwaigenbaum L, Penner M. Autism spectrum disorder: advances in diagnosis and evaluation. BMJ. 2018; 361:k1674. doi:10.1136/bmj.k1674 17. Mazurek MO, Brown R, Curran A, Sohl K. ECHO autism. Clin Pediatr (Phila).",Eye Tracking Biomarkers and Autism Diagnosis,12,eye_tracking
b3a02cbb-4777-4b7f-99ca-dc3da6aa796c,"2017;56(3):247-256. doi:10.1177/ 0009922816648288 18. Mazurek MO, Curran A, Burnette C, Sohl K. ECHO Autism STAT: accelerating early access to autism diagnosis. J Autism Dev Disord. 2019;49(1):127-137. doi:10.1007/s10803-018-3696-5 19. Swanson AR, Warren ZE, Stone WL, Vehorn AC, Dohrmann E, Humberd Q. The diagnosis of autism in community pediatric settings: does advanced training facilitate practice change? Autism. 2014;18(5):555-561. doi: 10.1177/1362361313481507 20. Warren Z, Stone W, Humberd",Eye Tracking Biomarkers and Autism Diagnosis,12,eye_tracking
ee9e33d8-72ce-4574-b35f-83c58089e49c,"Q. A training model for the diagnosis of autism in community pediatric practice. J Dev Behav Pediatr. 2009;30(5):442-446. doi:10.1097/DBP.0b013e3181ba0e4e 21. Ahlers K, Gabrielsen TP, Ellzey A, et al. A pilot project using pediatricians as initial diagnosticians in multidisciplinary autism evaluations for young children. J Dev Behav Pediatr. 2019;40(1):1-11. doi:10.1097/DBP. 0000000000000621 22. McNally Keehn R, Ciccarelli M, Szczepaniak D, Tomlin A, Lock T, Swigonski N. A statewide tiered system",Eye Tracking Biomarkers and Autism Diagnosis,12,eye_tracking
e28eb115-57b0-4924-aa99-31578f752e3b,"for screening and diagnosis of autism spectrum disorder. Pediatrics. 2020;146(2):e20193876. doi:10.1542/peds. 2019-3876 23. Frazier TW, Coury DL, Sohl K, et al. Evidence-based use of scalable biomarkers to increase diagnostic efficiency and decrease the lifetime costs of autism. Autism Res. 2021;14(6):1271-1283. doi:10.1002/aur.2498 24. Shic F. Eye tracking as a behavioral biomarker for psychiatric conditions: the road ahead. J Am Acad Child Adolesc Psychiatry. 2016;55(4):267-268.",Eye Tracking Biomarkers and Autism Diagnosis,12,eye_tracking
6bd5e14d-5d3a-4e58-a9c7-0528244e06be,"doi:10.1016/j.jaac.2016.02.002 25. Frazier TW, Klingemier EW, Parikh S, et al. Development and validation of objective and quantitative eye tracking-based measures of autism risk and symptom levels. J Am Acad Child Adolesc Psychiatry. 2018;57(11): 858-866. doi:10.1016/j.jaac.2018.06.023 26. McPartland JC. Considerations in biomarker development for neurodevelopmental disorders. Curr Opin Neurol. 2016;29(2):118-122. doi:10.1097/WCO.0000000000000300 27. Frazier TW, Strauss M, Klingemier EW, et al.",Eye Tracking Biomarkers and Autism Diagnosis,12,eye_tracking
8746d01d-8710-48f6-a3f0-3305fc68d068,"A meta-analysis of gaze differences to social and nonsocial information between individuals with and without autism. J Am Acad Child Adolesc Psychiatry. 2017;56(7): 546-555. doi:10.1016/j.jaac.2017.05.005 28. Pierce K, Conant D, Hazin R, Stoner R, Desmond J. Preference for geometric patterns early in life as a risk factor for autism. Arch Gen Psychiatry. 2011;68(1):101-109. doi:10.1001/archgenpsychiatry.2010.113 29. Pierce K, Marinero S, Hazin R, McKenna B, Barnes CC, Malige A. Eye tracking",Eye Tracking Biomarkers and Autism Diagnosis,12,eye_tracking
83cd52e6-c3b4-4fd6-8283-d1cf6494ef62,"reveals abnormal visual preference for geometric images as an early biomarker of an autism spectrum disorder subtype associated with increased symptom severity. Biol Psychiatry. 2016;79(8):657-666. doi:10.1016/j.biopsych.2015.03.032 30. Wen TH, Cheng A, Andreason C, et al. Large scale validation of an early-age eye-tracking biomarker of an autism spectrum disorder subtype. Sci Rep. 2022;12(1):4253. doi:10.1038/s41598-022-08102-6 31. Jones W, Klaiman C, Richardson S, et al. Development and",Eye Tracking Biomarkers and Autism Diagnosis,12,eye_tracking
23d36a3d-6b8d-4d1b-bace-062624538eb6,"replication of objective measurements of social visual engagement to aid in early diagnosis and assessment of autism. JAMA Netw Open. 2023;6(9):e2330145. doi:10.1001/jamanetworkopen.2023.30145 32. Jones W, Klaiman C, Richardson S, et al. Eye-tracking–based measurement of social visual engagement compared with expert clinical diagnosis of autism. JAMA. 2023;330(9):854-865. doi:10.1001/jama.2023.13295 33. Bryson S, Garon N, McMullen T, et al. Impaired disengagement of attention and its relationship",Eye Tracking Biomarkers and Autism Diagnosis,12,eye_tracking
d5d58f4f-b0c1-4a53-a409-c27364c99c4b,"to emotional distress in infants at high-risk for autism spectrum disorder. J Clin Exp Neuropsychol. 2018;40(5):487-501. doi:10. 1080/13803395.2017.1372368 34. Elison JT, Paterson SJ, Wolff JJ, et al; IBIS Network. White matter microstructure and atypical visual orienting in 7-month-olds at risk for autism. Am J Psychiatry. 2013;170(8):899-908. doi:10.1176/appi.ajp.2012.12091150 35. Elsabbagh M, Fernandes J, Webb SJ, Dawson G, Charman T, Johnson MH; British Autism Study of Infant Siblings Team.",Eye Tracking Biomarkers and Autism Diagnosis,12,eye_tracking
d8ffaf57-d6c3-4620-b482-3a519069770a,"Disengagement of visual attention in infancy is associated with emerging autism in toddlerhood. Biol Psychiatry. 2013;74(3):189-194. doi:10.1016/j.biopsych.2012.11.030 36. Nyström P, Gredebäck G, Bölte S, Falck-Ytter T; EASE team. Hypersensitive pupillary light reflex in infants at risk for autism. Mol Autism. 2015;6:10. doi:10.1186/s13229-015-0011-6 JAMA Network Open | Pediatrics Eye-Tracking Biomarkers and Autism Diagnosis in Primary Care JAMA Network Open. 2024;7(5):e2411190.",Eye Tracking Biomarkers and Autism Diagnosis,12,eye_tracking
b7e2e474-9a1d-4ab5-b855-e241d0bf9284,"doi:10.1001/jamanetworkopen.2024.11190 (Reprinted) May 14, 2024 12/14",Eye Tracking Biomarkers and Autism Diagnosis,12,eye_tracking
32a230cc-08dd-47d4-960b-0b72730b7771,"37. Nyström P, Gliga T, Nilsson Jobs E, et al. Enhanced pupillary light reflex in infancy is associated with autism diagnosis in toddlerhood. Nat Commun. 2018;9(1):1678. doi:10.1038/s41467-018-03985-4 38. de Vries LM, Amelynck S, Nyström P, et al; TIARA Team. Investigating the development of the autonomic nervous system in infancy through pupillometry. J Neural Transm (Vienna). 2023;130(5):723-734. doi:10.1007/ s00702-023-02616-7 39. Kercher C, Azinfar L, Dinalankara DMR, Takahashi TN, Miles JH,",Eye Tracking Biomarkers and Autism Diagnosis,13,eye_tracking
3206e04e-267a-476f-8f4f-280130e3fef1,"Yao G. A longitudinal study of pupillary light reflex in 6- to 24-month children. Sci Rep. 2020;10(1):1205. doi:10.1038/s41598-020-58254-6 40. Anderson CJ, Colombo J, Unruh KE. Pupil and salivary indicators of autonomic dysfunction in autism spectrum disorder. Dev Psychobiol. 2013;55(5):465-482. doi:10.1002/dev.21051 41. Wass SV, Jones EJ, Gliga T, Smith TJ, Charman T, Johnson MH; BASIS team. Shorter spontaneous fixation durations in infants with later emerging autism. Sci Rep. 2015;5:8284.",Eye Tracking Biomarkers and Autism Diagnosis,13,eye_tracking
ef6b2338-3f7c-4cac-868f-1d85bdf2d938,"doi:10.1038/srep08284 42. Bast N, Mason L, Freitag CM, et al; EU-AIMS LEAP Group. Saccade dysmetria indicates attenuated visual exploration in autism spectrum disorder. J Child Psychol Psychiatry. 2021;62(2):149-159. doi:10.1111/jcpp.13267 43. Loth E, Ahmad J, Chatham C, et al. The meaning of significant mean group differences for biomarker discovery. PLoS Comput Biol. 2021;17(11):e1009477. doi:10.1371/journal.pcbi.1009477 44. Slinger G, Stevelink R, van Diessen E, Braun KPJ, Otte WM. The",Eye Tracking Biomarkers and Autism Diagnosis,13,eye_tracking
24952c2d-a416-4d9e-9c95-d690cdf804fb,"importance of discriminative power rather than significance when evaluating potential clinical biomarkers in epilepsy research. Epileptic Disord. 2023;25(3): 285-296. doi:10.1002/epd2.20010 45. McNally Keehn R, Swigonski N, Enneking B, et al. Diagnostic accuracy of primary care clinicians across a statewide system of autism evaluation. Pediatrics. 2023;152(2):e2023061188. doi:10.1542/peds.2023-061188 46. Lord C, Rutter M, DiLavore PC, Risi S, Gotham K, Bishop S. Autism Diagnostic Obervation",Eye Tracking Biomarkers and Autism Diagnosis,13,eye_tracking
dbddd2a3-67f6-436d-a04e-809f126a79b3,"Schedule. 2nd ed. Western Psychological Services; 2012. 47. Sparrow SS, Cicchetti DV, Saulnier CA. Vineland Adaptive Behavior Scale. 3rd ed. Pearson; 2016. 48. Mullen EM. Mullen Scales of Early Learning. American Guidance Service Inc; 1995. 49. American Psychiatric Association. Diagnostic and Statistical Manual of Mental Disorders. 5th ed. American Psychiatric Association; 2013. 50. Holmqvist K, Nyström M, Andersson R, Dewhurst R, Jarodzka H, Van de Weijer J. Eye Tracking: A Comprehensive Guide",Eye Tracking Biomarkers and Autism Diagnosis,13,eye_tracking
50ceda80-b3b3-47c3-8fc0-2d42ff6a9f15,"to Methods and Measures. Oxford University Press; 2011. 51. Klin A. Biomarkers in autism spectrum disorder: challenges, advances, and the need for biomarkers of relevance to public health. Focus (Am Psychiatr Publ). 2018;16(2):135-142. doi:10.1176/appi.focus.20170047 52. Penner M, Senman L, Andoni L, et al. Concordance of diagnosis of autism spectrum disorder made by pediatricians vs a multidisciplinary specialist team. JAMA Netw Open. 2023;6(1):e2252879. doi:10.1001/ jamanetworkopen.2022.52879",Eye Tracking Biomarkers and Autism Diagnosis,13,eye_tracking
6b552719-5a31-47ad-9ae3-4d7ebfb0bd74,"53. Zhang H, Singer B. Recursive Partitioning in the Health Sciences. Springer; 1999. doi:10.1007/978-1- 4757-3027-2 54. Reilly BM, Evans AT. Translating clinical research into clinical practice: impact of using prediction rules to make decisions. Ann Intern Med. 2006;144(3):201-209. doi:10.7326/0003-4819-144-3-200602070-00009 55. Wieckowski AT, Zuckerman KE, Broder-Fingert S, Robins DL. Addressing current barriers to autism diagnoses through a tiered diagnostic approach involving pediatric",Eye Tracking Biomarkers and Autism Diagnosis,13,eye_tracking
a0b96c33-3084-4ce5-b183-65881caa471f,"primary care providers. Autism Res. 2022;15(12): 2216-2222. doi:10.1002/aur.2832 56. Klaiman C, White S, Richardson S, et al. Expert clinician certainty in diagnosing autism spectrum disorder in 16-30-month-olds: a multi-site trial secondary analysis. J Autism Dev Disord. 2024;54(2):393-408. doi:10.1007/ s10803-022-05812-8 57. McDonnell CG, Bradley CC, Kanne SM, Lajonchere C, Warren Z, Carpenter LA. When are we sure? predictors of clinician certainty in the diagnosis of autism spectrum disorder.",Eye Tracking Biomarkers and Autism Diagnosis,13,eye_tracking
41807964-95bc-405f-a722-3759d28546d9,"J Autism Dev Disord. 2019;49(4):1391-1401. doi: 10.1007/s10803-018-3831-3 58. van den Goorbergh R, van Smeden M, Timmerman D, Van Calster B. The harm of class imbalance corrections for risk prediction models: illustration and simulation using logistic regression. J Am Med Inform Assoc. 2022;29 (9):1525-1534. doi:10.1093/jamia/ocac093 59. Chawarska K, Macari S, Shic F. Decreased spontaneous attention to social scenes in 6-month-old infants later diagnosed with autism spectrum disorders. Biol",Eye Tracking Biomarkers and Autism Diagnosis,13,eye_tracking
37062d18-5437-4e9f-a3db-0353af7f1b90,"Psychiatry. 2013;74(3):195-203. doi:10.1016/j.biopsych.2012. 11.022 JAMA Network Open | Pediatrics Eye-Tracking Biomarkers and Autism Diagnosis in Primary Care JAMA Network Open. 2024;7(5):e2411190. doi:10.1001/jamanetworkopen.2024.11190 (Reprinted) May 14, 2024 13/14",Eye Tracking Biomarkers and Autism Diagnosis,13,eye_tracking
de10a0ed-cef3-4b15-ae25-6b0cadb50937,"60. Fish LA, Nyström P, Gliga T, et al; BASIS/STAARS* team. Development of the pupillary light reflex from 9 to 24 months: association with common autism spectrum disorder (ASD) genetic liability and 3-year ASD diagnosis. J Child Psychol Psychiatry. 2021;62(11):1308-1319. doi:10.1111/jcpp.13518 SUPPLEMENT 1. eMethods. Description of Clinical Measures, Eye-Tracking Paradigms, and Eye-Tracking Data Processing eResults. Eye-Tracking Usable Data and Additional Regression Results eFigure. Significant",Eye Tracking Biomarkers and Autism Diagnosis,14,eye_tracking
7a57ff7c-940d-44d5-a019-bf9e2ed86b93,"Eye-Tracking Biomarkers eTable 1. Frequency and Percentage of Participants With Missing Biomarkers eTable 2. Biomarkers Not Significantly Associated With Reference Standard Autism Spectrum Diagnosis eTable 3. Correlation Between Significant Eye-Tracking Measures and Autism Spectrum Disorder Severity, Developmental Levels, and Adaptive Skills eTable 4. Number of Participants Within Each Group Who Have 0 to 5 Positive Biomarkers eTable 5. Correlation Matrix of Significant Biomarkers for All",Eye Tracking Biomarkers and Autism Diagnosis,14,eye_tracking
bdfad785-8ad3-4562-b429-592aa1c8496f,"Participants eTable 6. Sensitivity, Specificity, Positive Predictive Value (PPV), and Negative Predictive Value (NPV) for All Significant Biomarkers eTable 7. Multivariable Logistic Regression Models for Predicting Reference Standard Autism Spectrum Disorder Diagnosis eReferences SUPPLEMENT 2. Data Sharing Statement JAMA Network Open | Pediatrics Eye-Tracking Biomarkers and Autism Diagnosis in Primary Care JAMA Network Open. 2024;7(5):e2411190. doi:10.1001/jamanetworkopen.2024.11190 (Reprinted)",Eye Tracking Biomarkers and Autism Diagnosis,14,eye_tracking
e3430190-e23d-438b-b3d5-ad09dc7da65f,"May 14, 2024 14/14",Eye Tracking Biomarkers and Autism Diagnosis,14,eye_tracking
66afc723-23e3-406d-88d8-1ffdf3f29785,"CLINICAL REPORT Guidance for the Clinician in Rendering Pediatric Care Identiﬁcation, Evaluation, and Management of Children With Autism Spectrum Disorder Susan L. Hyman, MD, FAAP,a Susan E. Levy, MD, MPH, FAAP,b Scott M. Myers, MD, FAAP,c COUNCIL ON CHILDREN WITH DISABILITIES, SECTION ON DEVELOPMENTAL AND BEHAVIORAL PEDIATRICS abstract Autism spectrum disorder (ASD) is a common neurodevelopmental disorder with reported prevalence in the United States of 1 in 59 children (approximately 1.7%).",Identification Evaluation and Management of Children with Autism,1,identification_guide
71565cb6-36db-439d-b943-d689a655dafc,"Core deﬁcits are identiﬁed in 2 domains: social communication/interaction and restrictive, repetitive patterns of behavior. Children and youth with ASD have service needs in behavioral, educational, health, leisure, family support, and other areas. Standardized screening for ASD at 18 and 24 months of age with ongoing developmental surveillance continues to be recommended in primary care (although it may be performed in other settings), because ASD is common, can be diagnosed as young as 18",Identification Evaluation and Management of Children with Autism,1,identification_guide
6ba67da4-c19d-42d5-9087-7d0704e6d0c6,"months of age, and has evidenced-based interventions that may improve function. More accurate and culturally sensitive screening approaches are needed. Primary care providers should be familiar with the diagnostic criteria for ASD, appropriate etiologic evaluation, and co-occurring medical and behavioral conditions (such as disorders of sleep and feeding, gastrointestinal tract symptoms, obesity, seizures, attention-deﬁcit/hyperactivity disorder, anxiety, and wandering) that affect the child’s",Identification Evaluation and Management of Children with Autism,1,identification_guide
b365eccb-0b83-4afe-9607-7b148f8a4806,function and quality of life. There is an increasing evidence base to support behavioral and other interventions to address speciﬁc skills and symptoms. Shared decision making calls for collaboration with families in evaluation and choice of interventions. This single clinical report updates the 2007 American Academy of Pediatrics clinical reports on the evaluation and treatment of ASD in one publication with an online table of contents and section view available through the American Academy of,Identification Evaluation and Management of Children with Autism,1,identification_guide
6d00c47e-b953-48ec-9ca4-bcf36f162380,"Pediatrics Gateway to help the reader identify topic areas within the report. INTRODUCTION Autism spectrum disorder (ASD) is a category of neurodevelopmental disorders characterized by social and communication impairment and aGolisano Children’s Hospital, University of Rochester, Rochester, New York; bChildren’s Hospital of Philadelphia, Philadelphia, Pennsylvania; and cGeisinger Autism & Developmental Medicine Institute, Danville, Pennsylvania Clinical reports from the American Academy of",Identification Evaluation and Management of Children with Autism,1,identification_guide
33ecc504-cbc1-4d49-9523-20ac84a9dcc5,"Pediatrics beneﬁt from expertise and resources of liaisons and internal (AAP) and external reviewers. However, clinical reports from the American Academy of Pediatrics may not reﬂect the views of the liaisons or the organizations or government agencies that they represent. Drs Hyman, Levy, and Myers all participated in development of the outline of material to be covered, generation of content, and editing of the document; and all authors approved the ﬁnal manuscript as submitted. The guidance in",Identification Evaluation and Management of Children with Autism,1,identification_guide
55be746c-c76a-4e3e-bff0-75a38bfcf922,"this report does not indicate an exclusive course of treatment or serve as a standard of medical care. Variations, taking into account individual circumstances, may be appropriate. All clinical reports from the American Academy of Pediatrics automatically expire 5 years after publication unless reafﬁrmed, revised, or retired at or before that time. This document is copyrighted and is property of the American Academy of Pediatrics and its Board of Directors. All authors have ﬁled conﬂict of",Identification Evaluation and Management of Children with Autism,1,identification_guide
fe663f6c-ef1f-4ec0-992b-c032454a3cf0,"interest statements with the American Academy of Pediatrics. Any conﬂicts have been resolved through a process approved by the Board of Directors. The American Academy of Pediatrics has neither solicited nor accepted any commercial involvement in the development of the content of this publication. DOI: https://doi.org/10.1542/peds.2019-3447 Address correspondence to Susan L. Hyman. E-mail: susan_hyman@ urmc.rochester.edu To cite: Hyman SL, Levy SE, Myers SM, AAP COUNCIL ON CHILDREN WITH",Identification Evaluation and Management of Children with Autism,1,identification_guide
0cc9310e-ef52-4ba1-8c84-df89f0b9e117,"DISABILITIES, SECTION ON DEVELOPMENTAL AND BEHAVIORAL PEDIATRICS. Identiﬁcation, Evaluation, and Management of Children With Autism Spectrum Disorder. Pediatrics. 2020;145(1):e20193447 PEDIATRICS Volume 145, number 1, January 2020:e20193447 FROM THE AMERICAN ACADEMY OF PEDIATRICS Downloaded from http://publications.aap.org/pediatrics/article-pdf/145/1/e20193447/1078920/peds_20193447.pdf by guest",Identification Evaluation and Management of Children with Autism,1,identification_guide
e12ac2a6-0eed-4f1b-a6ad-97a2cf3c101e,"restricted or repetitive behaviors.1 ASD affects more than 5 million Americans, with an estimated prevalence of approximately 1.7% in children.2 The care needs of children with ASD are signiﬁcant, affect parents and siblings as well, and require substantial community resources. Direct and indirect costs of caring for children and adults with ASD in the United States in 2015 were estimated to be $268 billion, more than the cost of stroke and hypertension combined.3 The lifetime cost of education,",Identification Evaluation and Management of Children with Autism,2,identification_guide
905ea1dd-dd35-4c85-bf7b-f3d5dff571e9,"health, and other service needs for an individual with ASD ranges from $1.4 to $2.4 million dollars, depending on whether he or she has any co-occurring intellectual disabilities.4 To deliver timely and effective medical, behavioral, educational, and social services across the lifespan means that primary care providers must understand the needs of individuals with ASD and their families. ASD is more commonly diagnosed now than in the past, and the signiﬁcant health, educational, and social needs",Identification Evaluation and Management of Children with Autism,2,identification_guide
6224d2a5-4427-4e91-9a5e-5c4d82e08502,"of individuals with ASD and their families constitute an area of critical need for resources, research, and professional education. In the 12 years since the American Academy of Pediatrics (AAP) published the clinical report “Identiﬁcation and Evaluation of Children With Autism Spectrum Disorders”5 and its companion, “Management of Children With Autism Spectrum Disorders,”6 reported prevalence rates of ASD in children have increased, understanding of potential risk factors has expanded, awareness",Identification Evaluation and Management of Children with Autism,2,identification_guide
7abbb109-577b-4b11-80cb-ac161c629301,"of co-occurring medical conditions and genetic contribution to etiology has improved, and the body of research supporting evidence-based interventions has grown substantially. This updated clinical report builds on previous reports and guidance for care of children and youth with ASD. It also reﬂects changes in diagnostic criteria after publication of the Diagnostic and Statistical Manual of Mental Disorders, Fifth Edition (DSM- 5)1 in 2013. The DSM-5 established a single category of ASD to",Identification Evaluation and Management of Children with Autism,2,identification_guide
f3d75a5f-daf4-47c5-bbcb-4b4475a523ba,"replace the subtypes of autistic disorder, Asperger syndrome, and pervasive developmental disorder not otherwise speciﬁed in the Diagnostic and Statistical Manual of Mental Disorders, Fourth Edition, Text Revision (DSM-IV-TR). With the current reported prevalence rate of 1: 59 children (approximately 1.7%), all primary care providers can expect to have children and youth with ASD in their practices.2 As noted in earlier clinical reports, the primary care provider has critical access to the child",Identification Evaluation and Management of Children with Autism,2,identification_guide
3998707e-01f4-41a9-955e-33fd0376c928,"in the context of the medical home to identify symptoms of ASD early in childhood, support the family through the process of diagnosis and intervention, address etiologic evaluations, help the family understand how to interpret the evidence supporting different interventions so they can effectively engage in shared decision-making, and manage co-occurring medical conditions that may inﬂuence outcome and affect daily function. The primary care provider can help minimize disparities in age of",Identification Evaluation and Management of Children with Autism,2,identification_guide
1a587a0d-6b22-4fac-90d9-ab3b2d0d05db,"diagnosis of African American and Hispanic children and be alert to the potential for gender bias in symptom recognition.7 This updated document aims to provide primary care providers with a summary of current information in a single report that will help guide them in providing a medical home for the patient with ASD. SECTION 1: PREVALENCE Incidence is the onset of new diagnoses over time in a selected cohort. Without consistent longitudinal data in a speciﬁed cohort, incidence cannot be",Identification Evaluation and Management of Children with Autism,2,identification_guide
44f332f4-7a92-41cc-ae7a-918d9311c8c7,"determined. Because of the heterogeneity of symptoms and severity in ASD, it may be diagnosed in children at different ages. What is reported is age at recognition of symptoms, not the actual onset. As a result, prevalence is more typically reported than incidence, reﬂecting rates of ASD in the population at a point in time. The reported prevalence of children with ASD has increased over time, and primary care providers are often asked about the reasons for this increase. This increase may be",Identification Evaluation and Management of Children with Autism,2,identification_guide
c5ee7b5a-d1c0-4fd4-84a2-58503c6bc704,"attributable to several factors, including broadening in the diagnostic criteria with ongoing revisions of the Diagnostic and Statistical Manual of Mental Disorders (DSM), the more inclusive deﬁnition of pervasive developmental disorder with the adoption of the Diagnostic and Statistical Manual of Mental Disorders, Fourth Edition (DSM-IV) in 1994,8 increased public awareness of the disorder and its symptoms, recommendations for universal screening for ASD,5,9 and increased availability of early",Identification Evaluation and Management of Children with Autism,2,identification_guide
2e1946de-d269-414f-91e4-784be1a29563,"intervention and school-based services for children with ASD. In part, the increasing numbers of children with a diagnosis of ASD may reﬂect diagnostic substitution, the recognition of ASD in children previously primarily diagnosed with intellectual disability or a co-occurring genetic syndrome.10 A true increase in the prevalence of ASD associated with other biological risk factors is also possible. Prevalence rates in US populations are similar to those of other industrialized countries,11 and",Identification Evaluation and Management of Children with Autism,2,identification_guide
bbe1f208-5802-41cd-b0a3-265101349664,"lower rates are reported in resource-limited countries, where epidemiological data are more difﬁcult to collect.12 Data on national samples suggest that the prevalence of ASD is stabilizing.2,13 Ongoing epidemiological studies help to understand changes in the reported prevalence over time. Epidemiological data help to predict the need for services and identify potential risk factors. Surveillance methods include regional, state, and/or national registry systems; 2 FROM THE AMERICAN ACADEMY OF",Identification Evaluation and Management of Children with Autism,2,identification_guide
de5ea915-68aa-4079-8391-5a88531c58a7,PEDIATRICS Downloaded from http://publications.aap.org/pediatrics/article-pdf/145/1/e20193447/1078920/peds_20193447.pdf by guest,Identification Evaluation and Management of Children with Autism,2,identification_guide
019098d2-bd61-4e31-a850-9528defeebfb,"records- or services-based analyses; surveys; and other methods, including population-based case ﬁndings. In 2000, the US Centers for Disease Control and Prevention (CDC) established the Autism and Developmental Disabilities Monitoring (ADDM) Network as a population-based public health surveillance system to estimate the prevalence of ASD in children 8 years of age. ADDM reports published in 2014 and 2016 revealed comparable prevalence rates (approximately 1 in 68),14,15 but the report published",Identification Evaluation and Management of Children with Autism,3,identification_guide
b9b6d0c2-2e83-4430-80c0-02ef33f85b25,"in 20182 revealed a slightly increased rate (1 in 59). Additional data over time will help determine if rates have stabilized. The data also revealed some variation in prevalence rates across the participating states, with the highest rates in the locations where both educational and health records were available for chart abstraction and standardized application of diagnostic criteria. Regional variation in prevalence may also reﬂect availability of services, local provider practices for ASD",Identification Evaluation and Management of Children with Autism,3,identification_guide
06a6f0ae-b3c9-4cb9-95c8-d5240bb2f29e,"screening, educational policies, school and/or community resources, and insurance mandates, among other factors. The CDC also published data on the prevalence of ASD in children who were 4 years of age in 2010. A lower prevalence rate for diagnosis (1.34%) was reported in these children (approximately 30% less than that of children 8 years of age). The lower identiﬁed prevalence and higher proportional rate of children 4 years of age with ASD and intellectual disabilities may be attributable, in",Identification Evaluation and Management of Children with Autism,3,identification_guide
c3b88c45-999b-4c5e-ad47-e00bda2ea52c,"part, to later diagnosis of children with ASD and average- range cognitive abilities.16 The National Survey of Children’s Health (2011–2012) and the National Survey of Children with Special Health Care Needs (2009–2010) were analyzed for the age the parents reported diagnosis as well as for parent- reported subjective severity. The minority of children were identiﬁed as having ASD before 3 years of age. Diagnosis later than 6 years of age was reported in one-third to half of children. Later age",Identification Evaluation and Management of Children with Autism,3,identification_guide
175f309a-8e6e-483b-8b8b-d47de3a1e388,"at diagnosis was associated with reported mild presentation.16 CDC surveillance data published in 2014 revealed that white, non- Hispanic children were approximately 20% more likely to be identiﬁed with ASD before the case review than were non-Hispanic African American children and were about 50% more likely to be identiﬁed with ASD than were Hispanic children.14 Recent prevalence data reveal increasing rates of ASD in Hispanic and African American children. This may reﬂect more widespread",Identification Evaluation and Management of Children with Autism,3,identification_guide
b8075057-08d9-4393-9a54-000d979330b4,"awareness of the symptoms among parents, schools, and health care providers and improved rates of screening in health supervision care.2 Studies examining the effects of race and ethnicity on age at diagnosis are conﬂicting,7 but earlier diagnosis of ASD is associated with higher socioeconomic status and access to services. African American and Hispanic children diagnosed with ASD by age 4 years were more likely to have coexisting intellectual disability than were white, non- Hispanic children,",Identification Evaluation and Management of Children with Autism,3,identification_guide
dcb4a121-c0f6-4e47-9032-2594914e970b,"suggesting that some African American and Hispanic children with ASD and average to above-average intelligence may not have been identiﬁed.17 SECTION 2: CLINICAL SYMPTOMS Despite advances in understanding the neurobiology and genetics of ASD, the diagnosis of ASD continues to be based on identifying and reporting behaviorally deﬁned clinical symptoms. The challenges in determining accurate prevalence rates, in part, relate to the need for consistency in clinical diagnosis of a very heterogeneous",Identification Evaluation and Management of Children with Autism,3,identification_guide
be510b99-d373-4efc-bfe3-a69de9faa183,"disorder. In 2013, the DSM-5 consolidated the diagnosis of ASD into a single category and emphasized the importance of identifying coexisting developmental and behavioral disorders and symptoms. In the years since the 2007 AAP clinical reports on ASD, both professional education and public awareness have promoted recognition of symptoms that might lead to early identiﬁcation of ASD, use of standardized screening approaches, and management of associated medical and behavioral features of ASD from",Identification Evaluation and Management of Children with Autism,3,identification_guide
8c6d036b-e8af-4c17-b7ad-3bd68a8c344b,"infancy through adolescence. Core Symptoms Although symptoms of ASD are neurologically based, they manifest as behavioral characteristics that present differently depending on age, language level, and cognitive abilities. Core symptoms cluster in 2 domains (social communication/interaction and restricted, repetitive patterns of behavior), as described in the DSM- 5.1 Atypical development in several functional areas contribute to symptoms of ASD. Abnormalities in understanding the intent of",Identification Evaluation and Management of Children with Autism,3,identification_guide
a08dc4c3-bd4f-472e-a2ce-3a20562e7b09,"others, diminished interactive eye contact, and atypical use and understanding of gesture presage atypical development of social communication and pretend play as well as interest in other children. Symptoms of ASD are further shaped by deﬁcits in imitation and of processing information across sensory modalities, such as vision (gesture) and hearing (language). Repetitive behaviors and perseveration may be primary compulsions but may also be related to atypical processing of sensory information",Identification Evaluation and Management of Children with Autism,3,identification_guide
d0694d48-4ba0-448c-b6b3-2dbb151d932e,"or may reﬂect a desire to instill predictability when an individual does not understand the intent of others. The CDC “Learn the Signs. Act Early” Web site provides free resources to help families recognize developmental concerns, including autism (https://www.cdc. gov/ncbddd/actearly/), and Autism Navigator (www.autismnavigator. com) has a video glossary of early symptoms in toddlers. PEDIATRICS Volume 145, number 1, January 2020 3 Downloaded from",Identification Evaluation and Management of Children with Autism,3,identification_guide
ba106e98-99a0-4787-97fa-25628ff1a447,http://publications.aap.org/pediatrics/article-pdf/145/1/e20193447/1078920/peds_20193447.pdf by guest,Identification Evaluation and Management of Children with Autism,3,identification_guide
66fb73ff-9aaa-445a-bc2a-045fbbe3df67,"Approximately one-quarter of children with ASD will be reported to have a regression in language or social skills, most typically between 18 and 24 months of age.18,19 The reason for this loss of previously acquired milestones is not yet known. Although medical evaluation of loss of milestones is indicated, a history of regression in language and social interaction in children with ASD within the expected age range is not likely to be attributable to seizures or neurodegenerative disorders. Note",Identification Evaluation and Management of Children with Autism,4,identification_guide
32a6cec0-3d76-4e33-a28a-9b8516c05895,"that the processes underlying regression are not yet well understood. Current theories include synaptic “over pruning” in response to genetic factors.20 Diagnostic Criteria: DSM-5 The DSM has been central in establishing criteria for diagnosing mental and behavioral disorders. The diagnosis of infantile autism was introduced in the Diagnostic and Statistical Manual of Mental Disorders, Third Edition nearly 30 years after the ﬁrst edition of the DSM was published in 1952. The initial descriptions",Identification Evaluation and Management of Children with Autism,4,identification_guide
c285a9e1-d0e1-47aa-bd66-59733fb01707,"were narrow and referred to individuals with profound impairment. Publication of the DSM- IV in 1994 expanded the diagnosis to a spectrum of symptoms called pervasive developmental disorders (PDDs), which included the diagnoses of autistic disorder, Asperger disorder, pervasive developmental disorder not otherwise speciﬁed (PDD-NOS), childhood disintegrative disorder, and Rett disorder. The PDDs included individuals with lower- and higher-functioning cognitive skills. PDD-NOS was a diagnostic",Identification Evaluation and Management of Children with Autism,4,identification_guide
60191a0f-c2ed-4742-a49d-c73190b8c18d,"category requiring some, but not all, of the core symptoms necessary for other diagnoses in this category. Subsequent research has demonstrated that the subgroupings within PDD were not reproducible across research sites by using the same diagnostic data21,22 and were not stable over time. The overlap between DSM-IV–deﬁned subgroups paired with inconsistency in their application across research sites supports the decision to consolidate the subgroups into 1 diagnostic category, ASD, in the DSM-5.",Identification Evaluation and Management of Children with Autism,4,identification_guide
5f193fa2-54be-45d4-a701-843d41d1b7d3,"The DSM-IV divided the symptoms of ASD into 3 areas: qualitative impairment of social reciprocity, qualitative impairment of communication, and restricted and repetitive behaviors. In the DSM-5, core symptoms were divided into 2 domains (social communication and social interaction and restrictive, repetitive patterns of behaviors).23 To fulﬁll diagnostic criteria for ASD by using the DSM-5, all 3 symptoms of social affective difference need to be present in addition to 2 of 4 symptoms related to",Identification Evaluation and Management of Children with Autism,4,identification_guide
602d0b04-73cc-440b-8f86-ae320a042276,"restrictive and repetitive behaviors. Examples in Table 1 are illustrative but not exhaustive. The recognition of symptoms of ASD related to sensory processing led to the inclusion of sensory symptoms, such as hyper- or hyporeactivity to sensory input or unusual interests in sensory aspects of the environment. Examples include apparent indifference to pain or temperature; sensitivity to sound, taste, or textures; and intense visual interest in objects or movement. The DSM-5 notes that a diagnosis",Identification Evaluation and Management of Children with Autism,4,identification_guide
5e15c943-999d-4024-82db-eb66e1d9370b,"may be made at older ages, when the demands of the social or school environment may result in functional impairment. Almost all individuals with a diagnosis of autistic disorder or Asperger syndrome by using DSM-IV criteria would be diagnosed with ASD by using DSM-5 criteria.24 To determine if the same patients would be identiﬁed by the DSM-IV and DSM- 5 criteria, the CDC ADDM Network looked at its chart abstraction data on 8-year-old children.25 This analysis revealed that more than 80% of",Identification Evaluation and Management of Children with Autism,4,identification_guide
15bf1fdf-e770-4317-b225-22839a984232,"children diagnosed with PDD-NOS would also be diagnosed with ASD.25 It is possible that the narrative in the charts that were abstracted was inﬂuenced by knowledge of the DSM- IV criteria.26 There is a high level of agreement of surveillance data by using DSM-IV-TR and DSM-5 criteria. The DSM-5 criteria have been shown to appropriately identify younger children and those with mild symptoms.25,27 These children with milder cognitive and adaptive symptoms may be the ones most likely to have",Identification Evaluation and Management of Children with Autism,4,identification_guide
f4ef03b9-0595-4a56-9754-ef3badd32184,"signiﬁcant change with early intervention services. The DSM-5 also introduced an approach to severity rating, which is summarized in Table 2. Severity rating reﬂects the impairment of the ASD symptoms and the resultant service needs of the individual. Severity rating is not a quantiﬁable score that can be used to monitor progress at this time; in clinical use, it often reﬂects the impact of cognitive limitations.28 Measures have been published that attempt to capture severity of core",Identification Evaluation and Management of Children with Autism,4,identification_guide
271f7a2e-e0e8-4a95-999b-f476613d2f13,"symptoms29,30 and allow for measurement of improvement with intervention.31 To date, no single measure adequately reﬂects the combination of medical, behavioral, and educational severity in a fashion that will help clinicians and families determine progress with intervention across multiple functional domains. Coexisting medical disorders also affect the perception of severity and the prognosis for children with a diagnosis of ASD. The DSM-5 includes course speciﬁers that help describe the",Identification Evaluation and Management of Children with Autism,4,identification_guide
7841dec7-4ac2-46b3-b773-265a26f4bf5a,"variation in symptoms of individuals with ASD. Course speciﬁers include the presence or absence of intellectual impairment, language impairment, catatonia, medical conditions, and known genetic or environmental etiologic factors. Patients with Rett syndrome are no longer automatically considered to have a diagnosis of ASD according the DSM-5, although individuals with this neurogenetic disorder may also meet diagnostic criteria for ASD. Speciﬁc genetic causes of ASD should be recorded as",Identification Evaluation and Management of Children with Autism,4,identification_guide
755c938b-82c1-490b-b508-7c06cba68dbe,speciﬁers for individuals with ASD when identiﬁed. The DSM-5 promotes 4 FROM THE AMERICAN ACADEMY OF PEDIATRICS Downloaded from http://publications.aap.org/pediatrics/article-pdf/145/1/e20193447/1078920/peds_20193447.pdf by guest,Identification Evaluation and Management of Children with Autism,4,identification_guide
b6ae1bc4-3710-4825-8548-ba4f5cd6bab1,"notation of all coexisting diagnoses as speciﬁers. Social pragmatic communication disorder is a new diagnosis described within the DSM-5 that describes individuals who exhibit functionally impairing symptoms in social language use but do not have habitual or repetitive behaviors.1 Individuals who are affected must have deﬁcits in using language for social purposes, impaired ability to match their communication style with the context for communication, difﬁculty following the conventional rules",Identification Evaluation and Management of Children with Autism,5,identification_guide
b0c5329c-cdf8-4aa8-afdc-8d35629a927a,"for conversation, and difﬁculty with idioms and unstated meanings in language (Table 3). As with ASD, the symptoms cannot be better explained by another DSM-5 diagnosis. Research and experience with DSM-5 diagnoses over time will give clinicians a better sense of how ASD and social communication disorder are similar and different in terms of etiology, prognosis, and treatment. Evaluation of pragmatic (social) language use by a speech-language pathologist provides additional information to",Identification Evaluation and Management of Children with Autism,5,identification_guide
ded66781-b94d-4dbc-bc73-6cb15b5744f2,"consider this diagnosis.32 The characteristics of social pragmatic communication disorder and how best to address symptoms require additional study. Although the DSM-5 provides the criteria and deﬁnitions to accurately assign mental health and behavioral diagnoses, the International Classiﬁcation of Diseases, 10th Revision, Clinical Modiﬁcation is the standardized code set used for payment as well as for statistical tracking through electronic medical records. The International Classiﬁcation of",Identification Evaluation and Management of Children with Autism,5,identification_guide
224821a4-9a0f-4621-b489-b8217edb60ab,"Diseases, 10th Revision, Clinical Modiﬁcation continues to include the subtypes of diagnoses as deﬁned by the DSM-IV.33 The DSM-5 provides the clinician with criteria and deﬁnitions for diagnosis of ASD and should guide the clinician in the diagnosis and management of ASD. Co-occurring Symptoms and Conditions Co-occurring conditions are common in children with ASD and may have great effects on child and family functioning and clinical management (see also Section 5: Interventions). Examples",Identification Evaluation and Management of Children with Autism,5,identification_guide
779287e1-0e3f-4548-96a6-fa5e5c198eb5,"include medical conditions such as sleep disorders and seizures; other developmental or behavioral diagnoses, such as attention-deﬁcit/ hyperactivity disorder (ADHD), anxiety, and mood disorders; and behavioral disorders, such as food refusal, self-injury, and aggression.34 Approximately 30% of children with TABLE 1 DSM-5 Criteria for Autism Spectrum Disorder Domains Criteria: Deﬁcits Examples A. Persistent deﬁcits in social communication and social interaction across multiple contexts, as",Identification Evaluation and Management of Children with Autism,5,identification_guide
742a03bb-90e8-47cd-946c-605e6fcd812e,"manifested by the following, currently or by history; must have all 3 symptoms in this domain 1. Social-emotional reciprocity Abnormal social approach and failure of normal back- and-forth conversation; reduced sharing of interests, emotions, or affect; failure to initiate or respond to social interactions 2. Nonverbal communicative behaviors used for social interaction Poorly integrated verbal and nonverbal communication; abnormalities in eye contact and body language or deﬁcits in understanding",Identification Evaluation and Management of Children with Autism,5,identification_guide
0acc370b-0a7f-4fc3-9992-de1ae0075983,"and use of gestures; total lack of facial expressions and nonverbal communication 3. Developing, maintaining, and understanding relationships Difﬁculties adjusting behavior to suit various social contexts; difﬁculties in sharing imaginative play or in making friends; absence of interest in peers B. Restricted, repetitive patterns of behavior, interests, or activities, as manifested by at least 2 of the following, currently or by history; must have 2 of the 4 symptoms 1. Stereotyped or repetitive",Identification Evaluation and Management of Children with Autism,5,identification_guide
36e88cb8-e44b-4e27-91a9-eccf3b2faefe,"motor movements, use of objects, or speech Simple motor stereotypies, lining up toys or ﬂipping objects, echolalia, idiosyncratic phrases 2. Insistence on sameness, inﬂexible adherence to routines, or ritualized patterns or verbal nonverbal behavior Extreme distress at small changes, difﬁculties with transitions, rigid thinking patterns, greeting rituals, need to take same route or eat food every day 3. Highly restricted, ﬁxated interests that are abnormal in intensity or focus Strong attachment",Identification Evaluation and Management of Children with Autism,5,identification_guide
56401d64-6c1d-46c3-a7b6-b65985d83272,"to or preoccupation with unusual objects, excessively circumscribed or perseverative interest 4. Hyper- or hyporeactivity to sensory input or unusual interests in sensory aspects of the environment Apparent indifference to pain/temperature, adverse response to speciﬁc sounds or textures, excessive smelling or touching of objects, visual fascination with lights or movement Symptoms must be present in the early developmental period (but may not become fully manifest until social demands exceed",Identification Evaluation and Management of Children with Autism,5,identification_guide
c3ca7738-25f1-4417-87d4-8d350161368d,"limited capacities or may be masked by learned strategies in later life). Symptoms cause clinically signiﬁcant impairment in social, occupational, or other important areas of current functioning. These disturbances are not better explained by intellectual disability (intellectual developmental disorder) or global developmental delay. Intellectual disability and ASD frequently co-occur; to make comorbid diagnoses of ASD and intellectual disability, social communication should be below that",Identification Evaluation and Management of Children with Autism,5,identification_guide
0fa7b5b8-eb51-4933-bf4b-0d71d2449bb4,"expected for the general developmental level. Specify whether: with or without accompanying intellectual impairment, language impairment or associated with a known medical or genetic condition or environmental factor. Add code 293.89 if catatonia is also present. Reprinted with permission from the Diagnostic and Statistical Manual of Mental Disorders, Fifth Edition (copyright 2013). American Psychiatric Association. All Rights Reserved. PEDIATRICS Volume 145, number 1, January 2020 5 Downloaded",Identification Evaluation and Management of Children with Autism,5,identification_guide
ef3e152e-6794-4bad-8e60-6da69eb258d6,from http://publications.aap.org/pediatrics/article-pdf/145/1/e20193447/1078920/peds_20193447.pdf by guest,Identification Evaluation and Management of Children with Autism,5,identification_guide
b773e0d4-9685-44c4-9b2f-ae294855e5de,"a diagnosis of ASD will also have intellectual disability,2 and 30% are minimally verbal.35 Increasingly, researchers and clinicians recognize how co-occurring disorders help identify phenotypic differences within populations affected by ASD, which can inﬂuence prognosis and choice of interventions. Prognosis The prognosis and trajectory of development for a young child diagnosed with ASD typically cannot be predicted at the time of diagnosis. However, most children ($80%) who are diagnosed with",Identification Evaluation and Management of Children with Autism,6,identification_guide
6bf78385-3430-40c6-bc6a-5b335443c947,"ASD after a comprehensive evaluation at less than 3 years have retained their diagnosis.36,37 It may be more difﬁcult to recognize mild symptoms of ASD in children younger than 3 years of age, especially if they have average or above-average cognitive abilities.38 Across early childhood development, communication skills and social affective symptoms may improve, whereas repetitive behaviors may change, possibly reﬂecting maturation and/or intervention.39 In general, young children with ASD with",Identification Evaluation and Management of Children with Autism,6,identification_guide
cc23674a-28c0-4c9c-bfde-1a59b4463197,"language impairment appear to have more social difﬁculty than do children with ASD without language impairment. Children with ASD and intellectual disability have the most difﬁculty developing social competence.40 The prognosis for children with ASD in phenotypic and demographic subgroups (eg, girls, racial and ethnic subgroups, children with macrocephaly) needs additional study. Approximately 9% of children who are diagnosed with ASD in early childhood may not meet diagnostic criteria for ASD by",Identification Evaluation and Management of Children with Autism,6,identification_guide
afcf8cdc-81ad-45b6-be54-357392067e87,"young adulthood. Youth who no longer meet criteria for ASD are more likely to have a history of higher cognitive skills at 2 years of age, to have participated in earlier intervention services, and to have demonstrated a decrease in their repetitive behaviors over time.41 A change in clinical diagnosis (eg, to ADHD or obsessive-compulsive disorder [OCD]) is more likely in children who were diagnosed with ASD before 30 months of age or had a diagnosis of PDD-NOS per the DSM- IV.42,43 Severity",Identification Evaluation and Management of Children with Autism,6,identification_guide
15e59436-a865-4204-b5ab-ba43c8c96fbc,"scores are most likely to improve in youth who have had the greatest increase in tested verbal IQ.44 Executive function difﬁculties TABLE 2 ASD Symptoms by Level of Severity Severity Level Social Affective Restricted and Repetitive Behaviors Level 1. “Requiring support” Without supports in place, deﬁcits in social communication cause noticeable impairments. Difﬁculty initiating social interactions, and clear examples of atypical or unsuccessful response to social overtures of others. May appear",Identification Evaluation and Management of Children with Autism,6,identification_guide
c08e1d18-9db5-4bda-b394-a3536af2a233,to have decreased interest in social interactions. Inﬂexibility of behavior causes signiﬁcant interference with functioning in one or more contexts. Difﬁculty switching between activities. Problems of organization and planning hamper independence. Level 2. “Requiring substantial support” Marked deﬁcits in verbal and nonverbal social communication skills. Social impairments apparent even with supports in place. Limited initiation of social interactions and reduced or abnormal responses to social,Identification Evaluation and Management of Children with Autism,6,identification_guide
15c779c8-d060-46d7-814e-27757b6decf5,"overtures from others. Inﬂexibility of behavior, difﬁculty coping with change, or other restricted and repetitive behaviors appear frequently enough to be obvious to the casual observer and interfere with functioning in a variety of contexts. Distress and/or difﬁculty changing focus or action. Level 3. “Requiring very substantial support” Severe deﬁcits in verbal and nonverbal social communication skills cause severe impairments in functioning, very limited initiation of social interactions, and",Identification Evaluation and Management of Children with Autism,6,identification_guide
ccebb227-5d3e-4513-a3df-9b8e9e28dc46,"minimal response to social overtures from others. Inﬂexibility of behavior, extreme difﬁculty coping with change, or other restricted and repetitive behaviors markedly interfere with functioning in all spheres. Great distress at or difﬁculty with changing focus or action. Reprinted with permission from the Diagnostic and Statistical Manual of Mental Disorders, Fifth Edition (copyright 2013). American Psychiatric Association. All Rights Reserved. TABLE 3 DSM-5 Social (Pragmatic) Communication",Identification Evaluation and Management of Children with Autism,6,identification_guide
6124421f-626f-49d3-a7b6-b12654c84981,"Disorder (DSM-5 315.39) A. Persistent difﬁculties in the social use of verbal and nonverbal communication as manifested by all of the following: 1. Deﬁcits in using communication for social purposes, such as greeting and sharing information, in a manner that is appropriate for the social context. 2. Impairment of the ability to change communication to match context or the needs of the listener, such as speaking differently in a classroom than on the playground, talking differently to a child than",Identification Evaluation and Management of Children with Autism,6,identification_guide
09dd362f-1270-4d66-832d-e4c6c00b59f3,"to an adult, and avoiding use of overly formal language. 3. Difﬁculties following rules for conversation and storytelling, such as taking turns in conversation, rephrasing when misunderstood, and knowing how to use verbal and nonverbal signals to regulate interaction. 4. Difﬁculties understanding what is not explicitly stated (eg, making inferences) and nonliteral or ambiguous meanings of language (eg, idioms, humor, metaphors, multiple meanings that depend on the context for interpretation). B.",Identification Evaluation and Management of Children with Autism,6,identification_guide
a80d4fd4-b668-46df-b51b-87ff98d331c1,"The deﬁcits result in functional limitations in effective communication, social participation, social relationships, academic achievement, or occupational performance, individually or in combination. C. The onset of the symptoms is in the early developmental period (but deﬁcits may not become fully manifest until social communication demands exceed limited capacities). D. The symptoms are not attributable to another medical or neurologic condition or to low abilities in the domains or word",Identification Evaluation and Management of Children with Autism,6,identification_guide
b0924001-b82e-4c40-8f9f-37ff792e96e7,"structure and grammar and are not better explained by ASD, intellectual disability (intellectual developmental disorder), global developmental delay, or another mental disorder. Reprinted with permission from the Diagnostic and Statistical Manual of Mental Disorders, Fifth Edition (copyright 2013). American Psychiatric Association. All Rights Reserved. 6 FROM THE AMERICAN ACADEMY OF PEDIATRICS Downloaded from",Identification Evaluation and Management of Children with Autism,6,identification_guide
b705455b-1f38-47b4-af6f-2288020ae6e5,http://publications.aap.org/pediatrics/article-pdf/145/1/e20193447/1078920/peds_20193447.pdf by guest,Identification Evaluation and Management of Children with Autism,6,identification_guide
7fc93aa2-2f98-4002-a50d-e695b3d06bed,"are associated with poorer adaptive outcomes, independent of IQ.45 Measured intelligence (eg, IQ) and language ability in childhood tend to predict outcome in adulthood.46 However, reported quality of life in high-functioning adults with ASD was associated more with the presence of family and community supports than their symptoms related to ASD.47 SECTION 3: SCREENING AND DIAGNOSIS The AAP recommends screening all children for symptoms of ASD through a combination of developmental surveillance",Identification Evaluation and Management of Children with Autism,7,identification_guide
4ae2026d-7851-4a18-b7fc-2b8735b42359,"at all visits and standardized autism- speciﬁc screening tests at 18 and 24 months of age in their primary care visits5 because children with ASD can be identiﬁed as toddlers, and early intervention can and does inﬂuence outcomes.48 This autism- speciﬁc screening complements the recommended general developmental screening at 9, 18, and 30 months of age.9 Efﬁcient screening of all children would be aided by inclusion of valid screening tools in the electronic health record with appropriate",Identification Evaluation and Management of Children with Autism,7,identification_guide
6c86a7b6-8ac0-4e8d-af82-43bdaccdf8b8,"compensation for the staff and professional time necessary to complete the administration, scoring, and counseling related to screening.49 Screening tools are designed to help caregivers identify and report symptoms observed in children at high risk for ASD. The screens are based on early manifestations of symptoms of core deﬁcits related to social communication. Some of these early symptoms that may alert the provider to the risk for ASD have been called “red ﬂags” (Table 4). Developmental",Identification Evaluation and Management of Children with Autism,7,identification_guide
9090a442-4445-4d4f-ac03-7dafd3568d5c,"surveillance for ASD includes asking caregivers about concerns they have about their child’s development or behavior, informal observation, and monitoring of symptoms in the context of routine health supervision. The “Learn the Signs. Act Early” parent resources developed by the CDC may help educate families about developmental and behavioral milestones (https:// www.cdc.gov/ncbddd/actearly/ index.html). Developmental surveillance alone is not sufﬁcient to identify children who need further",Identification Evaluation and Management of Children with Autism,7,identification_guide
5ba6cdb1-0d79-46a7-98ef-239cf2acfd99,"evaluation because children with ASD may not demonstrate characteristic symptoms in brief ofﬁce visits,50 and caregivers may not volunteer social and emotional concerns unless speciﬁcally asked. Use of a standardized screening tool for ASD can help families identify potential symptoms. In a large study evaluating universal screening with the Modiﬁed Checklist for Autism in Toddlers (M-CHAT), researchers asked physicians to note whether they were concerned about ASD. Sensitivity of physician",Identification Evaluation and Management of Children with Autism,7,identification_guide
ef434026-0391-471e-8027-8f7cd8ae8cff,"clinical concern was low (0.244; 30 of 123 cases; 95% conﬁdence interval 0.17–0.32). The sensitivity of the M-CHAT when used as directed in this low-risk population was 0.91.51 Accurate early identiﬁcation has been a goal of the AAP since the publication of the 2 previous autism clinical reports in 2007, with focused continuing medical education and a tool kit (AAP Autism Toolkit: https://toolkits. solutions.aap.org/toolkits.aspx). The goal of universal screening, including screening for ASD, has",Identification Evaluation and Management of Children with Autism,7,identification_guide
b2b28751-e846-4c11-9803-0471160726b0,"been supported by public health agencies52 and family support organizations.53 Rates of screening for both developmental delays and ASD in primary pediatric care have increased steadily. In the 2015 AAP survey of screening practices, almost three- quarters of pediatricians who responded reported routine ASD screening.54 Pediatricians increasingly report including ofﬁce staff for efﬁcient workﬂow, including administration and scoring of screening tests. Although time and remuneration remain as",Identification Evaluation and Management of Children with Autism,7,identification_guide
faa2c03b-f29b-463c-a9ff-b85adc3468ec,"concerns, fewer pediatricians rate these as barriers. Referral for and tracking of evaluation and services remain a challenge associated with lack of ofﬁce-based systems for making referrals and after screen-positive outcomes.43 The authors of the 2019 AAP developmental surveillance and screening clinical report discuss strategies for billing for screening and counseling in primary care.49 The following sections describe tools commonly used to screen and diagnose ASD and emphasize the importance",Identification Evaluation and Management of Children with Autism,7,identification_guide
4a3dbaaf-0a95-4d44-a6dd-3f44d0ed6905,"of ongoing surveillance, especially in children at high risk. Screening Results of a screening test are not diagnostic; they help the primary care provider identify children who are at risk for a diagnosis of ASD and require additional evaluation. General developmental screening tools used for screening at ages 9, 18, and 30 months identify language, TABLE 4 Red Flags: Early Symptoms of ASD Symptom By 12 months • Does not respond to name By 14 months • Does not point at objects to show interest",Identification Evaluation and Management of Children with Autism,7,identification_guide
92882685-54e1-4b54-aea0-caf4e9f4d165,"By 18 months • Does not pretend play General • Avoids eye contact and may want to be alone • Has trouble understanding other people’s feelings or talking about their own feelings • Has delayed speech and language skills • Repeats words or phrases over and over (echolalia) • Gives unrelated answers to questions • Gets upset by minor changes • Has obsessive interests • Makes repetitive movements like ﬂapping hands, rocking, or spinning in circles • Has unusual reactions to the way things sound,",Identification Evaluation and Management of Children with Autism,7,identification_guide
f161249d-1701-47cf-a298-594ac6c93ac9,"smell, taste, look, or feel Information from this table is adapted from http://www.cdc.gov/ncbddd/autism/signs.html. PEDIATRICS Volume 145, number 1, January 2020 7 Downloaded from http://publications.aap.org/pediatrics/article-pdf/145/1/e20193447/1078920/peds_20193447.pdf by guest",Identification Evaluation and Management of Children with Autism,7,identification_guide
88667ffc-febc-43f8-ba8f-23eb51a101b8,"cognitive, and motor delays but may not be sensitive to social symptoms associated with identiﬁcation of ASD.43,55 This limitation associated with general developmental screening is why ASD-speciﬁc tools56 are needed to capture differences in social interaction, play, and repetitive behaviors. See the AAP clinical report “Promoting Optimal Development: Identifying Infants and Young Children With Developmental Disorders Through Developmental Surveillance and Screening,”49 Table 1 (developmental",Identification Evaluation and Management of Children with Autism,8,identification_guide
0550e84e-7f9f-4290-98a5-0c1a461da35f,"screening tests; a description of general developmental and behavioral screening tests), and Table 5 in this report for resources and guidance on developmental screening. Parent-completed questionnaires are the most common screening tests used in primary care. Commonly used autism-speciﬁc screening tools that are based on questionnaires and observation are summarized in Table 6. Many clinician-administered screening tests require speciﬁc training (eg, the Screening Tool for Autism in Toddlers and",Identification Evaluation and Management of Children with Autism,8,identification_guide
e546160d-87c1-4729-b6e1-5fc4afc4d4be,"Young Children [STAT]).5,57 A clinician- administered test like the STAT increases the likelihood of an ASD diagnosis on further testing and may be used to support a preliminary diagnosis of ASD to obtain services.58 Identiﬁcation of infants and toddlers at risk for ASD based on neurophysiologic makers or other biomarkers is discussed in the subsection The Biology of ASD in Section 4: Etiologic Evaluation. Screening by Age Group Children Younger Than Age 18 Months Earlier diagnosis of ASD may",Identification Evaluation and Management of Children with Autism,8,identification_guide
278d4e26-f7a3-4c42-9e27-1af1f5374904,"lead to earlier treatment. The M-CHAT is the most studied and widely used tool for screening toddlers for ASD. Additional tools are under investigation and are listed in Table 6 as promising autism screening tests. Language delay can be identiﬁed by using the Infant and Toddler Checklist (parent questionnaire) in low-risk infants and toddlers between 12 and 18 months of age.43,59 This questionnaire might be useful in identifying infant siblings of children with ASD who are at increased risk for",Identification Evaluation and Management of Children with Autism,8,identification_guide
f34ac956-b355-4e97-a2d2-15959ad24208,"ASD. Additional research may allow for screening of toddlers as young as 12 months by using parent- administered questionnaires such the Communication and Symbolic Behavior Scales Development Proﬁle and the Infant and Toddler Checklist.58 Primary care providers are tasked with identifying all children who would beneﬁt from early intervention, not just children at risk for ASD (see the AAP clinical report “Promoting Optimal Development: Identifying Infants and Young Children With Developmental",Identification Evaluation and Management of Children with Autism,8,identification_guide
30e7e469-cb37-4304-9a9f-cc9e18adbd15,"Disorders Through Developmental Surveillance and Screening”49 for further information). It is important to identify all clinically signiﬁcant delays in children with referral for appropriate diagnostic evaluation and intervention. Problems with sleep, eating, constipation, and state regulation are common in the general population but may be particularly challenging in young children with ASD. Pediatricians can help families with management of these symptoms. Children Ages 18 to 30 Months The most",Identification Evaluation and Management of Children with Autism,8,identification_guide
cc8bed30-9a62-495d-9b4c-fb0e0f75fa36,"commonly used questionnaire-based screening tool is the M-CHAT. It has been further validated, and the scoring has been modiﬁed for ease of administration in primary care settings for children ages 16 to 30 months.51 The Modiﬁed Checklist for Autism in Toddlers, Revised with Follow-Up (Questions) (M-CHAT-R/F) eliminates 3 questions from the previous version. Children who score $8 are at high risk for ASD or another developmental disorder and should be referred immediately for diagnostic",Identification Evaluation and Management of Children with Autism,8,identification_guide
03b124f5-ec9f-4691-9097-a1ccd2487677,"assessment. For children with scores of 3 to 7, publicly available scripted follow-up interview questions are required for the items scored as positive. Children who continue to have 3 to 7 items positive for ASD diagnosis after clarifying follow-up questions have a 47% risk of having ASD diagnosed and a 95% chance of being identiﬁed with some other developmental delay that would beneﬁt from intervention. Children screened with the M-CHAT-R/F are identiﬁed with ASD at younger ages than predicted",Identification Evaluation and Management of Children with Autism,8,identification_guide
a242fa19-524f-4181-abc9-c812c01ce9ff,"by national statistics.49 Children who do not pass ASD screening tests or who score as at risk for a diagnosis should be referred for both diagnostic assessment and intervention services. A deﬁnitive diagnosis is not necessary to institute services for documented delays that would be served through early intervention or school services. Although the M-CHAT-R/F appears to be useful for general screening of diverse populations,60 decreasing the disparity in early diagnosis will require adapting and",Identification Evaluation and Management of Children with Autism,8,identification_guide
66cda175-43d1-4bec-93c2-ba97a796f8a6,"validating measures and addressing cultural and linguistic barriers to screening.61 Measures under development may provide rapid screening while addressing clinician concerns for compatibility with an electronic record system and open access.62 TABLE 5 Resources and Guidance for Developmental Screening • AAP Bright Futures: Guidelines for the Health Supervision of Infants, Children, and Adolescents • AAP early childhood screening • AAP clinical report: “Promoting Optimal Development: Identifying",Identification Evaluation and Management of Children with Autism,8,identification_guide
0d3fbfac-f83c-4cf9-b018-20403d833377,Infants and Young Children With Developmental Disorders Through Developmental Surveillance and Screening”49 • Additional guidance for developmental and behavioral screening can be found in “Birth to 5: Watch Me Thrive!” which contains helpful information for the primary care provider about how to present the results of developmental screening (available at: https://www.acf.hhs.gov/sites/default/ﬁles/ecd/ pcp_screening_guide_march2014.pdf). 8 FROM THE AMERICAN ACADEMY OF PEDIATRICS Downloaded from,Identification Evaluation and Management of Children with Autism,8,identification_guide
439dc475-2ce0-418b-a492-a4affdee29f8,http://publications.aap.org/pediatrics/article-pdf/145/1/e20193447/1078920/peds_20193447.pdf by guest,Identification Evaluation and Management of Children with Autism,8,identification_guide
1d660b0d-030f-482a-899f-0fa5c3146912,TABLE 6 Commonly Used ASD Screening Tests Autism Screening Tests Description Age Range Average No. Items Administration Time Forms Available EHR compatible Psychometric Properties Scoring Method Cultural Considerations Source Key References M-CHAT-R/F Parent-completed questionnaire designed to identify children at risk for autism from the general population; follow-up clinician- administered questions and repeat questionnaire required for speciﬁcity 16–30 mo 20 5–10 min Yes Standardization sample,Identification Evaluation and Management of Children with Autism,9,identification_guide
5927e179-e7f6-4165-93f8-e47fc364e182,"included 16 071 children screened; 115 had positive screen results, 348 needed evaluation, 221 were evaluated, and 105 diagnosed with an ASD; validated by using the ADI- R, ADOS-G, CARS, and DSM-IV-TR; sensitivity: 0.91; speciﬁcity: 0.95 for low-risk 18- and 24-mo-old children with follow-up questionnaire and interview; 45% of children with a score $3 on the initial screen and $2 on follow-up had ASD; 95% had clinically signiﬁcant developmental delay Risk categorization for questionnaire",Identification Evaluation and Management of Children with Autism,9,identification_guide
d78f6763-6f44-4f5b-a1dd-9121e2d6222b,"(pass/need interview/ fail); after interview (pass/fail) Available in multiple languages; see test information for details http://mchatscreen. com/ Ref 51 SCQ Parent-completed questionnaire; designed to identify children at risk for ASD from the general population; based on items in the ADI-R 41 y 40 5–10 min No Validated by using the ADI-R and DSM-IV on 200 subjects (160 with pervasive developmental disorder, 40 without pervasive developmental disorder); for use in children with mental age of at",Identification Evaluation and Management of Children with Autism,9,identification_guide
8557baee-f1fd-46e4-af6a-f7ef0f6e7f22,"Risk categorization (pass/fail) Available in multiple languages; see test information for details. Western Psychological Corporation: www. wpspublish.com Refs 77 and 572 PEDIATRICS Volume 145, number 1, January 2020 9 Downloaded from http://publications.aap.org/pediatrics/article-pdf/145/1/e20193447/1078920/peds_20193447.pdf by guest",Identification Evaluation and Management of Children with Autism,9,identification_guide
de9a21c5-89f8-4bec-8342-dcafe14e701f,"TABLE 6 Continued Autism Screening Tests Description Age Range Average No. Items Administration Time Forms Available EHR compatible Psychometric Properties Scoring Method Cultural Considerations Source Key References least 2 y and chronologic age 41 y; available in 2 forms: lifetime and current. overall test: sensitivity: 0.85 (moderate), speciﬁcity: 0.75 (moderate); sensitivity can be improved with lowering cutoff for children younger than 5 y and 5–7 y, speciﬁcity poor for younger children STAT",Identification Evaluation and Management of Children with Autism,10,identification_guide
265a9747-05f9-4781-acb9-d9274a8b2889,"Clinician-directed, interactive, and observation measure; requires training of clinician for standardized administration; not for population screening 24–35 mo; ,24 mo (exploratory) 12 20–30 min No Validated by comparison with ADOS-G results in 52 children 24–35 mo (26 with autism, 26 with developmental delay); sensitivity: 0.83, speciﬁcity: 0.86, PPV: 0.77, NPV: 0.90, for ,24 mo: sensitivity: 0.95, speciﬁcity: 0.73, PPV: 0.56, NPV: 0.97; screening properties improved for children .14 mo 12",Identification Evaluation and Management of Children with Autism,10,identification_guide
bab35c0c-8656-4489-84dc-9bf84d6055a7,"activities to observe early social- communicative behavior; risk categorization (high risk/low risk) English http://stat. vueinnovations. com/ Refs 573 and 574 Promising autism screening tests The Infant/Toddler Checklist (Communication and Symbolic Behavior Scales Parent questionnaire: screens for language delay 6–24 mo 24 15 min No PPV DD: 0.43 (6–8 mo); PPV DD: 0.79 (21–24 mo) Identiﬁes language delays (alone/ with ASD); risk for ASD; risk status for social, Available in multiple languages;",Identification Evaluation and Management of Children with Autism,10,identification_guide
901f7ca4-bcd8-4575-82be-ef72e06fcf7d,see test Paul H. Brookes Publishing Co Inc: 800-638-3775 or www. Ref 59 10 FROM THE AMERICAN ACADEMY OF PEDIATRICS Downloaded from http://publications.aap.org/pediatrics/article-pdf/145/1/e20193447/1078920/peds_20193447.pdf by guest,Identification Evaluation and Management of Children with Autism,10,identification_guide
c3a9162f-8512-4be4-9e27-ed0eaa743a2c,"TABLE 6 Continued Autism Screening Tests Description Age Range Average No. Items Administration Time Forms Available EHR compatible Psychometric Properties Scoring Method Cultural Considerations Source Key References Developmental Proﬁle) speech, symbolic composites, and total score information for details brookespublishing. com Early Screening for Autism and Communication Disorders Parent questionnaire: research edition, 47 items 12–36 mo 47 10–15 min No Sensitivity: 0.85–0.91; speciﬁcity:",Identification Evaluation and Management of Children with Autism,11,identification_guide
ec17b93b-8ae8-40d0-84ba-ee7f1ffa29ae,"0.82–0.84; PPV: 0.55–0.81; NPV: 0.88–0.98 Investigation ongoing of subset (24 items) English https:// ﬁrstwordsproject. com/screen- my-child/ Not in peer- reviewed literature First-Year Inventory Parent questionnaire; promising in high-risk population to identify risk in 12-mo-old infants 12 mo 63 10 min No Sensitivity, speciﬁcity, PPV not reported Scores at risk; promising in high-risk (infant sibling) cohort (Rowberry et al575) English https://www.med.unc. edu/ahs/pearls/ research/ﬁrst-",Identification Evaluation and Management of Children with Autism,11,identification_guide
c972861c-29e1-45f4-9ca5-39e975a6684f,"year-inventory-fyi- development/ Ref 575 Parent’s Observations of Social Interactions Parent questionnaire used to assess autism risk; ASD screening included on 18-, 24-, and 30-mo The Survey of Well-Being of Young Children: forms 16–35 mo 7 ∼5 min Available through patient tools, epic, and CHADIS; available for free download as pdfs from www. theswyc.org Sensitivity: 83%–93%, average 88.5%; speciﬁcity: 42%–75%, average 56.9% 3 of 7 symptoms in at-risk range Available in multiple languages; see",Identification Evaluation and Management of Children with Autism,11,identification_guide
4b1c0c35-b616-4177-81dc-a064f001fd16,"test information for details Free download from www.theswyc.org Publications and User’s Manual available at www. theswyc.org; Refs 576 and 577 Rapid Interactive Screening Test for Autism in Toddlers 13 Clinician observation: administered by trained examiner 12–36 mo 9 interactive items 20–30 min No Cutoff .15; sensitivity: 1; speciﬁcity: 0.84; PPV: 0.88; NPV: 0.94; needs further study in larger samples 9 interactive activities; total score summed, cutoff score of 15 (for that sample) English",Identification Evaluation and Management of Children with Autism,11,identification_guide
d18cb7d8-34b5-42dd-a38c-fe41c6ceb9de,"https://umassmed. edu/AutismRITA-T/ about-the-test/ Ref 578 The AAP does not approve/endorse any speciﬁc tool for screening purposes. This table is not exhaustive, and other tests may be available. ADOS-G, Autism Diagnostic Observation Schedule – Generic; CARS, Childhood Autism Rating Scale; CHADIS, Comprehensive Health and Decision Information System; EHR, electronic health record; ICD-10, International Classiﬁcation of Diseases, 10th revision; IMFAR, International Meeting for Autism Research;",Identification Evaluation and Management of Children with Autism,11,identification_guide
373c8874-a980-43dd-873d-d0885836cd45,"NPV, negative predictive value; PPV, positive predictive value. PEDIATRICS Volume 145, number 1, January 2020 11 Downloaded from http://publications.aap.org/pediatrics/article-pdf/145/1/e20193447/1078920/peds_20193447.pdf by guest",Identification Evaluation and Management of Children with Autism,11,identification_guide
5b967f21-06f2-437b-b04d-53ec39f76932,"Further adaptations of the Communication Symbolic Behavior Scale for use in screening for language delays in addition to ASD have the potential to identify children at risk for both disorders (functional communication; ages 6–24 months).49,59 Use of this or other screening tools may be coupled with the online support of a video glossary of symptoms of ASD, such as that in the Autism Navigator (http://www. autismnavigator.com/). These and other online approaches to support screening strategies may",Identification Evaluation and Management of Children with Autism,12,identification_guide
b381c806-00f5-48b3-b32f-fcf879b9d00b,"be integrated into efﬁcient patterns of practice. Results of screening conducted online, in community settings, and in preschools should be communicated to the primary care provider to ensure appropriate evaluation of etiology, co-occurring conditions, referral for diagnosis, and follow-up to ensure that intervention is accessed.49 A systematic review by the US Preventive Services Task Force (USPSTF) concluded that the literature on existing screening tools did not demonstrate sufﬁcient",Identification Evaluation and Management of Children with Autism,12,identification_guide
70cf8a17-dbfb-40b2-a542-f8733274efd6,"speciﬁcity to justify universal screening.63 The USPSTF noted that no study has directly examined whether children with ASD detected by early screening have better outcomes than those detected by other means. However, such a study would require random assignment of large representative samples from across the country to either a screening or nonscreening condition, with follow-up of long- term outcomes and societal costs. Given that early treatment of children younger than 36 months has been",Identification Evaluation and Management of Children with Autism,12,identification_guide
caeec156-4c99-4af4-b7c9-277afc6349b1,"shown to result in positive outcomes,43,64 such a study would be challenging to support. The USPSTF concluded that further research is indicated to evaluate the appropriate ages and populations of children who should be screened for ASD and that more accurate and culturally sensitive measures should be developed. The AAP continues to recommend screening using the most valid of current measures at 18 and 24 months of age. Pediatricians cannot assume that early intervention systems will screen",Identification Evaluation and Management of Children with Autism,12,identification_guide
c5515bd4-ef7c-4685-b7d4-321b01d8e864,"participants being served for language or global delays for ASD at the recommended ages. Universal screening is recommended because symptoms of ASD can be identiﬁed in early childhood, and a diagnosis of ASD by skilled professionals is accurate in children as young as 18 months of age.65 Diagnostic stability is high for children who are diagnosed with ASD at 18 to 36 months of age.43 Early screening does not identify many children with milder symptoms and typical cognitive ability as at risk for",Identification Evaluation and Management of Children with Autism,12,identification_guide
ab02b7f8-585b-4aa4-8bb0-602c7a786669,"ASD; therefore, ongoing surveillance remains necessary.16 Participation in early intervention in general is greatest among children who had screening and surveillance.66 Children Older Than 30 Months At present, for children older than 30 months, there are no validated screening tools available for use in pediatric practice, nor are there current recommendations by the AAP for universal screening for ASD in that age group. The Social Communication Questionnaire (SCQ) (see Table 6) has been",Identification Evaluation and Management of Children with Autism,12,identification_guide
7c5a973a-c9c5-480b-baa3-4f87971aead1,"studied in different populations (eg, clinical sample, population reference sample, community sample, and convenience sample), with best results in population samples67 when using the lifetime version, and appears to have reasonable psychometric properties. However, questionnaires like the SCQ may identify symptoms that overlap with other conditions, such as ADHD, that affect function at school age.68,69 Further validation of population- based screening tools for children older than 30 months is",Identification Evaluation and Management of Children with Autism,12,identification_guide
6b3d746a-9ac6-4368-94e5-532d19665c73,"needed before recommendations for universal screening of school-aged children can be made. At this time, ongoing surveillance in the context of primary care is recommended. Barriers to Identifying Risk for ASD Children with milder symptoms and/or average or above-average intelligence may not be identiﬁed with symptoms until school age, when differences in social language or personal rigidities affect function. Some children who are later diagnosed with ASD are initially believed to have",Identification Evaluation and Management of Children with Autism,12,identification_guide
1be1acba-751b-42bc-9c55-bced5a9a77c1,"precocious language, reading, or math skills, and it is not until the social demands of school that the social language symptoms become problematic. It has also been suggested that girls may have lesser intensity of symptoms and fewer externalizing behaviors. These differences may, in part, result in underdiagnosis in girls.70 Speciﬁc coexisting conditions may prevent clinicians from recognizing symptoms of ASD in early childhood. For example, 1 study revealed that children who were initially",Identification Evaluation and Management of Children with Autism,12,identification_guide
2736d57e-93fe-4e91-b712-ec937d89eb05,"identiﬁed with ADHD in primary care were diagnosed with ASD 3 years later compared with children who did not have earlier symptoms of ADHD.69 Recognition and referral for older children with social-skill deﬁcits would be facilitated by the development of accurate and brief screening tests for use in primary care and school settings. Population surveillance data reveal later age at diagnosis for African American and Hispanic children, suggesting that there are barriers to screening and",Identification Evaluation and Management of Children with Autism,12,identification_guide
7bee919d-2cb2-4b9c-b497-1083f8b19a62,"surveillance and referral for diagnosis in groups with other unmet health needs.2 Race, ethnicity, and socioeconomic status did not affect the accuracy of routine screening tests for ASD in low-risk toddlers, suggesting that screening with appropriate supports for follow- up care can lower the age at diagnosis in diverse populations.60 Language barriers, inaccurate translations, and low parental literacy may compromise use of parent-completed questionnaires.71 Limited understanding of cultural",Identification Evaluation and Management of Children with Autism,12,identification_guide
f4a6f082-d18c-48c6-a2b3-e427f002ea6b,differences experienced by the patient’s family 12 FROM THE AMERICAN ACADEMY OF PEDIATRICS Downloaded from http://publications.aap.org/pediatrics/article-pdf/145/1/e20193447/1078920/peds_20193447.pdf by guest,Identification Evaluation and Management of Children with Autism,12,identification_guide
36cbdde2-8e2f-42c3-8d31-280cff683057,"and lack of trust in the health care provider may further limit identiﬁcation and reporting of symptoms of autism.72 Screening tools need to be developed for populations of individuals whose primary language is not English and who are also sensitive to cultural barriers that may limit reporting of symptoms of ASD.73 Diagnostic Evaluation Once a child is determined to be at risk for a diagnosis of ASD, either by screening or surveillance, a timely referral for clinical diagnostic evaluation and",Identification Evaluation and Management of Children with Autism,13,identification_guide
3c9acd69-539c-4957-80cd-af2f7cb12543,"early intervention or school services, depending on his or her age, is indicated.74 Children with developmental delay with or without an ASD diagnosis should be referred to early intervention or school services, in which cognitive and language testing may be completed. The primary care provider should discuss with the family the importance of both the assessment of developmental status and evaluation for an ASD diagnosis and assist the family in navigating through the process, including",Identification Evaluation and Management of Children with Autism,13,identification_guide
384efb32-6894-49d6-8a9a-c4f9b95bcd87,"connecting them with community resources. Families with low income or language barriers may need additional attention to take the next steps. Although most children will need to see a specialist, such as a developmental-behavioral or neurodevelopmental pediatrician, psychologist, neurologist, or psychiatrist, for a diagnostic evaluation, general pediatricians and child psychologists comfortable with application of the DSM-5 criteria can make an initial clinical diagnosis. Having a clinical",Identification Evaluation and Management of Children with Autism,13,identification_guide
715705c3-6f86-4ebd-87d3-4d9c17b56ad9,"diagnosis may facilitate initiation of services. At this time, there are no laboratory tests that can be used to make a diagnosis of ASD, so careful review of the child’s behavioral history and direct observation of symptoms are necessary.75,76 To meet diagnostic criteria, the symptoms must impair function. Formal assessment of language, cognitive, and adaptive abilities and sensory status is an important component of the diagnostic process. Short clinical visits may not allow even a skilled",Identification Evaluation and Management of Children with Autism,13,identification_guide
6dc89ef8-46ed-43b7-a5b7-1855ec078d30,"clinician the opportunity to accurately recognize symptoms of ASD.50 An accurate history needs to reﬂect a longitudinal experience with the individual and reﬂect the effects of symptoms on the patient’s ability to function in family, peer, and school settings. This history is obtained by interview with the patient and caregivers, reports of behavior in other environments (such as school), and descriptions of behavior during formal testing. The history of symptoms of ASD can be supported by",Identification Evaluation and Management of Children with Autism,13,identification_guide
1e8546af-c446-40c9-95a4-014735141747,"questionnaires such as the SCQ77 or Social Responsiveness Scale (SRS).78 None of these questionnaires is sufﬁcient alone to make a diagnosis of ASD, but all provide a structured approach to elicit symptoms of ASD. Measures such as the Behavior Assessment System for Children,79 Diagnostic Interview for Social and Communication Disorders (DISCO),80,81 and the Child Behavior Checklist82 are used to assess children and youth for other behavioral health conditions but may also identify behavioral",Identification Evaluation and Management of Children with Autism,13,identification_guide
37085782-43e5-42de-8c3e-327a7e33ef05,"proﬁles consistent with ASD. In some clinical and research settings, the behaviors associated with ASD are reported through the Autism Diagnostic Inventory- Revised (ADI-R), a lengthy, semistructured parent interview.83,84 It supports a knowledgeable clinician in applying diagnostic criteria of ASD. The SCQ was designed to elicit similar information to the ADI-R in an abbreviated questionnaire format. The SRS is a 65-item questionnaire that may be used to measure autistic traits on a continuum as",Identification Evaluation and Management of Children with Autism,13,identification_guide
81248809-bcd7-4f43-850d-e381663f333e,"part of a more complete evaluation of ASD.78,85 Elevated scores may be seen with greater severity of symptoms of ASD as well as with intellectual disability, communication difﬁculties, and behavioral challenges. Structured observation of symptoms of ASD during clinical evaluation is helpful to inform the diagnostic application of the DSM-5 criteria. Validated observation tools used to provide structured data to conﬁrm the diagnosis include the Autism Diagnostic Observation Schedule, Second",Identification Evaluation and Management of Children with Autism,13,identification_guide
e06b4630-da68-4b02-ae29-a113fe62cdd6,"Edition (ADOS-2) and the Childhood Autism Rating Scale, Second Edition (CARS-2).86 No single observation tool is appropriate for all clinical settings. The observation tool is meant to support application of the DSM-5 criteria informed by history and other data. The ADOS-2 was developed to elicit atypical social language and behaviors. With the ADOS-2, modules are speciﬁc for use across the age span of toddlers to adults.87,88 The ADOS-2 requires intensive training to accurately administer and",Identification Evaluation and Management of Children with Autism,13,identification_guide
dd7a543b-569d-4ada-b37c-0cd83a6f0d61,"score and takes 30 to 45 minutes to administer. It is often a component of both research and clinical evaluations. The information obtained from the ADOS- 2 is used by the clinician in conjunction with the history of peer interactions, social relationships, and functional impairment from symptoms to determine if the DSM-5 criteria are met. The CARS-2 is another structured approach a clinician might use to support a clinical diagnosis of ASD.89 The clinician completes a 15-point scale that is",Identification Evaluation and Management of Children with Autism,13,identification_guide
ffc61af9-e91c-43be-85f5-a9961a5c6f21,"based on history and observation. The ADOS-2, CARS-2, and SRS (Parent and Teacher) all rate children similarly in approximately half of identiﬁed cases.90 The integration of historical information and objective observation by a clinician trained to diagnose autism and related conditions to inform the DSM-5 diagnostic criteria is the PEDIATRICS Volume 145, number 1, January 2020 13 Downloaded from http://publications.aap.org/pediatrics/article-pdf/145/1/e20193447/1078920/peds_20193447.pdf by guest",Identification Evaluation and Management of Children with Autism,13,identification_guide
4a7e521b-617b-4e24-9473-5ac75d5b010b,"critical element to diagnostic evaluation. Evaluation of Co-occurring Developmental Conditions Patients with ASD may have intellectual disabilities, learning disabilities, ADHD, anxiety disorders, or speech and language disorders, among others. These conditions may inﬂuence the presentation of the symptoms of ASD. These conditions may inﬂuence the presentation of symptoms of ASD and may inﬂuence the social and functional impairment of the individual in different ways at different ages. Valid",Identification Evaluation and Management of Children with Autism,14,identification_guide
f277c268-7cfb-44c8-b8b6-25567ce835bb,"assessment of cognitive and language ability is an important component of the diagnostic evaluation. In the United States, early intervention services and school systems will evaluate children in these domains to assess educational needs. In some areas, initial evaluations are performed in clinical settings and paid for by insurance. Cognitive Testing A range of standardized measures are used to determine developmental levels of younger children and IQ in children older than 3 years. The",Identification Evaluation and Management of Children with Autism,14,identification_guide
a7bb2753-7156-4c17-940b-01059dbc33ca,"intelligence test selected by the psychologist will depend on the age and language level of the child. Administration of a valid cognitive test is important in ascribing symptoms to ASD as part of the initial diagnosis but also helps to establish co-occurring diagnoses with ASD, such as intellectual disability. There are valid tests that can be used in children who are nonverbal. Although the prevalence of a diagnosis of ASD is increased in children with an intellectual disability,91 other",Identification Evaluation and Management of Children with Autism,14,identification_guide
e719955d-56b9-4119-a249-1b2b4dbfb3d1,children diagnosed with intellectual disability may have some symptoms of ASD without meeting diagnostic criteria for the disorder. Language Testing Inherent in the core symptoms of ASD are differences in the use of verbal and nonverbal communication for social interaction. Formal assessment of communication by a speech or language pathologist at the time of diagnosis should include the documentation of expressive and receptive language skills as well as the pragmatic or conversational use of,Identification Evaluation and Management of Children with Autism,14,identification_guide
4c3230de-d7de-447d-bc09-438b49dd6cd7,language.92 Adaptive Function Testing A caregiver report and/or teacher report of adaptive functioning complements objective cognitive testing. Determining the extent that ASD affects daily function is necessary to establish eligibility for some publicly funded programs as well as to identify and monitor developmental goals for treatment. Adaptive behaviors are typically delayed in people who have intellectual disability with ASD but can be impaired in people with ASD and an average-range,Identification Evaluation and Management of Children with Autism,14,identification_guide
0a197d29-2f2b-4e07-a93c-4af84e2071c0,"IQ.93,94 Commonly used adaptive measures include the Vineland Adaptive Behavior Scales and the Adaptive Behavior Assessment System.95 Motor Assessment Children with ASD are more likely to have mild delays in gross motor skills and coordination compared with children in the general population and may meet DSM-5 criteria for developmental coordination disorder in addition to ASD.96 General screening tests or adaptive measures may suggest motor delays that would beneﬁt from formal evaluation by an",Identification Evaluation and Management of Children with Autism,14,identification_guide
40c245c3-d6ca-44cf-bd47-16c510b22dfb,"occupational or physical therapist. A relationship of early motor delays and subsequent language and adaptive development in children with ASD has been proposed.97,98 Sensory Assessment: Hearing Children with language delay or inattention to language should have an evaluation of their hearing as part of their initial evaluation.99 Hearing loss may co-occur with ASD and needs to be considered in children with language delays, behavior problems, or inattention. Appropriate ampliﬁcation should be",Identification Evaluation and Management of Children with Autism,14,identification_guide
0e0d2375-7ff5-4ea2-bf62-1b3f993db8e2,"offered, if indicated. The clinical utility of auditory processing evaluations available in current practice remain an area of study.100,101 Sensory Assessment: Vision Visual function should be considered in the initial evaluation of children who are visually inattentive, have stereotypical behaviors (such as eye poking or close visual scrutiny), or do not make eye contact. Decreased visual acuity may affect interactive gaze and require accommodations in the educational setting.102 Children with",Identification Evaluation and Management of Children with Autism,14,identification_guide
1beccc12-e96c-4f46-8f16-889173177986,"visual impairment may also demonstrate stereotyped motor behaviors. Sensory Assessment: Sensory Processing The DSM-5 includes sensory symptoms in the diagnostic criteria for ASD. The DSM-5 does not include sensory processing disorder as a discrete diagnosis. Commonly used evaluation tools (such as the Short Sensory Proﬁle and others) quantify parent perception of sensory differences relative to smell, taste, vision, hearing, and touch.103,104 In addition to capturing what is conventionally",Identification Evaluation and Management of Children with Autism,14,identification_guide
6cb9e528-eda6-4d09-bbb8-657d3da29cea,"considered as a sensory disturbance, questionnaires that are used to assess sensory symptoms also capture motor hyperactivity and hypoactivity as sensory-seeking or sensory-avoiding behaviors. These latter symptoms may reﬂect co-occurring ADHD. Sensory symptoms may be more evident at younger ages and may deﬁne subtypes of the disorder.105,106 SECTION 4: ETIOLOGIC EVALUATION Children with a diagnosis of ASD should be assessed for potential etiology and common coexisting medical conditions. At the",Identification Evaluation and Management of Children with Autism,14,identification_guide
cb969bf4-c115-40f1-a346-2062c0c4ad25,"time of the 2007 AAP clinical reports on autism, karyotype and DNA testing for fragile X syndrome were the state-of-the-art 14 FROM THE AMERICAN ACADEMY OF PEDIATRICS Downloaded from http://publications.aap.org/pediatrics/article-pdf/145/1/e20193447/1078920/peds_20193447.pdf by guest",Identification Evaluation and Management of Children with Autism,14,identification_guide
ab1c0069-ce7a-474e-900c-5507efd939dd,"etiologic investigations. Soon thereafter, chromosomal microarray (CMA) was endorsed by the American College of Medical Genetics and Genomics and the American Academy of Child and Adolescent Psychiatry as the most appropriate initial test for etiologic evaluation of children with ASD.76,107–110 Despite rapid technological advances in neuroimaging and other areas, many of the recommendations for clinical evaluation published in 2007 are unchanged. This section summarizes recent advances in",Identification Evaluation and Management of Children with Autism,15,identification_guide
ab2b7f23-d4da-421b-87f5-4d5f1c752a4f,understanding the etiologies of ASD and how they translate into recommendations for clinical practice. Medical Workup of the Child With ASD Genetic Testing Advances such as the development of CMA and next-generation sequencing technologies and the application of these technologies to well- characterized patient cohorts have led to progress in the understanding of the complex genetics of ASD and other neurodevelopmental disorders in the last decade. Identifying a genetic etiology provides,Identification Evaluation and Management of Children with Autism,15,identification_guide
7cedbde7-3622-4483-b329-7fbdaa9c777f,"clinicians with more information for families about prognosis and recurrence risk and may help to identify and treat or prevent co-occurring medical conditions, guide patients and families to condition-speciﬁc resources and supports, and avoid ordering unnecessary tests (Table 7).111–117 Most parents ﬁnd this information to be useful.118 As research progresses, genetic testing may contribute to identifying effective interventions related to speciﬁc etiologies. Etiologic investigation begins with",Identification Evaluation and Management of Children with Autism,15,identification_guide
eb9c6759-4e00-406f-9d10-ab105b226de2,"a careful medical, developmental- behavioral, and family history and a thorough physical and neurologic examination.109 The history should include potential prenatal exposure to teratogens (such as medications, alcohol, drugs) and other factors that increase risk for ASD.109,119 The physical examination should include assessment of growth relative to typical curves (including head circumference), dysmorphic features, organomegaly, skin manifestations of neurocutaneous disorders (eg, tuberous",Identification Evaluation and Management of Children with Autism,15,identification_guide
5c3741dd-1bfa-4015-b915-a7540bc9e843,"sclerosis and neuroﬁbromatosis), and neurologic abnormalities.109 Genetic evaluation should be recommended and offered to all families as part of the etiologic workup. A stepwise general approach is provided in Table 8 as a practical guideline.110,120 The presence of dysmorphic features or intellectual disability is generally associated with TABLE 7 Potential Beneﬁts of Establishing a Genetic Etiologic Diagnosis • Improving accuracy of counseling provided to patients and families: o Prognosis or",Identification Evaluation and Management of Children with Autism,15,identification_guide
e5db5c81-1e3b-4b20-aa9d-4def48b3942a,"expected clinical course o Recurrence risk for the family and the individual affected • Providing condition-speciﬁc family support, such as: o Improving psychosocial outcomes for patients and their families (eg, knowledge and sense of empowerment, parental quality of life) • Preventing morbidity and treating medical conditions associated with the genotype, such as: o Conditions or anomalies likely to be present at diagnosis o Conditions that may develop later • Reﬁning treatment options,",Identification Evaluation and Management of Children with Autism,15,identification_guide
40cc0040-8952-4d0e-8f05-e2fd08896457,"including: o Avoiding therapeutic interventions that may be based on unfounded etiologic theories o Avoiding ineffective or potentially harmful treatments o Providing access to emerging etiology-speciﬁc treatments • Facilitating acquisition of needed services and access to research treatment protocols • Avoiding additional diagnostic tests, which may be unnecessary, expensive, and/or uncomfortable Adapted from Sun F, Oristaglio J, Levy SE, et al. Genetic Testing for Developmental Disabilities,",Identification Evaluation and Management of Children with Autism,15,identification_guide
c0387675-effe-499d-84e2-4afc00faca1a,"Intellectual Disability, and Autism Spectrum Disorder. Rockville, MD: Agency for Healthcare Research and Quality (US); 2015; Amiet C, Couchon E, Carr K, Carayol J, Cohen D. Are there cultural differences in parental interest in early diagnosis and genetic risk assessment for autism spectrum disorder? Front Pediatr. 2014;2:32; Srivastava S, Cohen JS, Vernon H, et al. Clinical whole exome sequencing in child neurology practice. Ann Neurol. 2014;76(4):473–483; Iglesias A, Anyane-Yeboa K, Wynn J, et",Identification Evaluation and Management of Children with Autism,15,identification_guide
3932ac62-16a2-4aff-9416-ed3db05c7886,"al. The usefulness of whole-exome sequencing in routine clinical practice. Genet Med. 2014;16(12):922–931; Lingen M, Albers L, Borchers M, et al. Obtaining a genetic diagnosis in a child with disability: impact on parental quality of life. Clin Genet. 2016;89(2):258–266; Riggs ER, Wain KE, Riethmaier D, et al. Chromosomal microarray impacts clinical manage- ment. Clin Genet. 2014;85(2):147–153; and ACMG Board of Directors. Clinical utility of genetic and genomic services: a position statement of",Identification Evaluation and Management of Children with Autism,15,identification_guide
9e9b5539-167d-420e-8e9f-0eee71c3db41,"the American College of Medical Genetics and Genomics. Genet Med. 2015;17(6):505–507. TABLE 8 Genetic Etiologic Investigations in Patients With ASD Step Genetic Etiologic Investigations 1 Consider referral for pediatric genetics evaluation 2 Comprehensive history (including 3-generation family history with emphasis on individuals with ASD and other developmental, behavioral and/or psychiatric, and neurologic diagnoses) Physical examination (including dysmorphology, growth parameters [including",Identification Evaluation and Management of Children with Autism,15,identification_guide
0fb2b161-3dc8-4fc4-b540-1c589e02fe26,"head circumference], and skin examination) • If syndrome diagnosis or metabolic disorder is suspected, go back to step 1 (genetics and/ or metabolism referral) and/or order the appropriate targeted testing • Otherwise, proceed to step 3 3 Laboratory studies • Discuss and offer CMA analysis • Discuss and offer fragile X analysis; if family history is suggestive of sex-linked intellectual disabilities, refer to genetics for additional testing • If patient is a girl, consider evaluation for Rett",Identification Evaluation and Management of Children with Autism,15,identification_guide
14e42a44-96cf-4dce-a9f6-abd51609dec5,"syndrome, MECP2 testing • If these studies do not reveal the etiology, proceed to step 4 4 Consider referral to genetics, workup might include WES Adapted from Schaefer GB, Mendelsohn NJ; Professional Practice and Guidelines Committee. Clinical genetics evaluation in identifying the etiology of autism spectrum disorders: 2013 guideline revisions. Genet Med. 2013;15(5):399–407; Srivastava S, Love-Nichols JA, Dies KA, et al; NDD Exome Scoping Review Work Group. Meta-analysis and multidisciplinary",Identification Evaluation and Management of Children with Autism,15,identification_guide
84fa23fb-e71d-4d11-b676-5ff5442c8668,"consensus statement: exome sequencing is a ﬁrst-tier clinical diagnostic test for individuals with neurodevelopmental disorders [published online ahead of print June 11, 2019]. Genet Med. and Shevell M, Ashwal S, Donley D, et al; Quality Standards Subcommittee of the American Academy of Neurology; Practice Committee of the Child Neurology Society. Practice parameter: evaluation of the child with global developmental delay: report of the Quality Standards Sub- committee of the American Academy of",Identification Evaluation and Management of Children with Autism,15,identification_guide
8b453a59-bbbe-4c49-bbb9-7cbe4fa41fae,"Neurology and the Practice Committee of the Child Neurology Society. Neurology. 2003;60(3):367–380. PEDIATRICS Volume 145, number 1, January 2020 15 Downloaded from http://publications.aap.org/pediatrics/article-pdf/145/1/e20193447/1078920/peds_20193447.pdf by guest",Identification Evaluation and Management of Children with Autism,15,identification_guide
2b61d786-e0cb-4ff3-bbf2-edcf2e61a25a,"increased likelihood of ﬁnding a genetic abnormality.121 However, authors of some clinical studies have identiﬁed similar yield for genetic testing in children without these risk factors.122,123 In some cases, individuals with clinical genetic syndromes, such as fragile X syndrome, tuberous sclerosis complex, and others (such as those described in Supplemental Table 13), also meet criteria for ASD.124,125 When a speciﬁc syndrome or metabolic disorder is suspected, the clinician should proceed",Identification Evaluation and Management of Children with Autism,16,identification_guide
2d16b713-5b4a-4776-895c-e8b562fb0de5,"with the appropriate targeted testing or referral to a pediatric geneticist or neurologist. For example, a girl with signiﬁcant developmental delays, deceleration in head growth velocity, and characteristic midline hand movements should prompt genetic testing for a mutation or deletion or duplication of MECP2, the gene implicated in Rett syndrome.109,126 Another speciﬁc example would be a boy with ASD with marked macrocephaly and pigmented macules on the penis, ﬁndings that would warrant",Identification Evaluation and Management of Children with Autism,16,identification_guide
5f91d4b0-19c0-4450-9392-8a491ffcfb0d,"sequencing and deletion or duplication analysis of the PTEN gene.127 Descriptions of these and other clinical syndromes associated with ASD are provided in Supplemental Table 13. CMA is recommended if the etiology for developmental disability is not known. CMA identiﬁes copy number variants (CNVs) at this time, which are DNA duplications or deletions that alter the function of genes (Table 8, step 2). CMA reveals a deﬁnitively pathogenic CNV in 5.4% to 14% (median 9%) of individuals with ASD in",Identification Evaluation and Management of Children with Autism,16,identification_guide
0a4924da-2869-40a5-916e-8ee372cbd4d3,"clinical samples.121,128–135 When CNVs of uncertain signiﬁcance are included, approximately 17% to 42% of patients with ASD have ﬁndings on the CMA. Some of the variants of uncertain signiﬁcance may be determined as pathogenic in the future. The most commonly identiﬁed recurrent pathogenic CNVs among individuals with ASD are provided in Supplemental Table 14. Because fragile X syndrome increases risk for ASD, DNA testing for fragile X syndrome should be recommended for all children with ASD, but",Identification Evaluation and Management of Children with Autism,16,identification_guide
23d2faa0-c3f7-4b9b-adfd-7304138418d2,"especially for boys and children with a suggestive family history of male members with intellectual disability. Physical examination might reveal the common features of a large head size, prominent jaw, large ears, ligamentous laxity, and, in male patients, large testes after puberty. The cytosine-guanine-guanine trinucleotide repeat expansion that is responsible for fragile X syndrome is not detected on CMA and must be ordered as a separate test. The current estimate is that approximately 0.45%",Identification Evaluation and Management of Children with Autism,16,identification_guide
d6d9d173-834d-491d-afa6-772d87b666a3,"of individuals with ASD have the full mutation for fragile X syndrome, and many of them are female.130,132,135–137 Because fragile X syndrome testing is relatively inexpensive and the condition has important genetic counseling implications, it is reasonable to consider testing both male and female patients with ASD, at least until more data become available to clarify the issue. When the history and physical examination, CMA, and fragile X analysis do not identify an etiology, the next step at",Identification Evaluation and Management of Children with Autism,16,identification_guide
0139f2c5-33aa-4ac2-992e-7c79cb350e77,"this time in the etiologic evaluation for ASD is whole- exome sequencing (WES). WES technology allows for the identiﬁcation of single-nucleotide variants, including pathogenic loss-of- function mutations and missense mutations, which have been found to be associated with ASD.138–142 Examples of ASD risk genes identiﬁed or conﬁrmed in WES studies are provided in Supplemental Table 15. As with other tests, clinicians ordering this test should be familiar with both pretest counseling and",Identification Evaluation and Management of Children with Autism,16,identification_guide
ad3daa71-f643-4299-ba66-51afecb36eba,"interpretation of the results. A genetic counselor is helpful in explaining the reason for testing as well as the results. Large clinical WES studies have consistently been used to identify a molecular diagnosis in 26% to 29% of individuals for whom neurodevelopmental disorders were the primary indication for testing.143–145 Authors of studies of clinical populations with ASD have reported diagnostic yields of 8% to 20%.121,144 The yield of WES is higher when both the parents and the child who is",Identification Evaluation and Management of Children with Autism,16,identification_guide
3a4e2faa-0746-41a7-b4a2-7f0278b912f1,"affected are evaluated144 to allow for comparison of the child with parents who are unaffected. Some geographic areas may have limited availability of pediatric subspecialists (eg, in genetics or metabolism) who can guide the genetic workup, so primary care providers may be in the position to consider and direct etiologic evaluation. The complexity of genetic testing is such that most primary care providers may want to consult with a specialist to plan testing and interpret results. The clinical",Identification Evaluation and Management of Children with Autism,16,identification_guide
3527e93d-20e0-476d-ba24-386d8e7a2ded,"etiologic evaluation should be tailored to the individual patient, taking into consideration information from the history and physical examination109,110 and the values and wishes of the family. The stepwise general approach summarized in Table 8 can be used to guide this process. It is important for families to understand that genetic tests may explain the cause of their child’s ASD or provide information about the statistical risk of ASD, but they are not diagnostic of ASD; the diagnosis of ASD",Identification Evaluation and Management of Children with Autism,16,identification_guide
125d716e-51a2-4948-a887-2342445a8e87,"is made on the basis of clinical symptoms. Unlike CMA and WES, commercially marketed tests may not have the potential to provide a molecular etiologic diagnosis. Genomic testing technology is evolving rapidly, as is our understanding of the genetic architecture of ASD, and these recommendations for testing will need to be updated as new studies are published.146 For example, it is anticipated that CMA and WES will soon be combined because of 16 FROM THE AMERICAN ACADEMY OF PEDIATRICS Downloaded",Identification Evaluation and Management of Children with Autism,16,identification_guide
28b50a24-68a8-4f92-aba8-55e5f6e121c6,from http://publications.aap.org/pediatrics/article-pdf/145/1/e20193447/1078920/peds_20193447.pdf by guest,Identification Evaluation and Management of Children with Autism,16,identification_guide
9b30a5a0-22e3-4b9e-aadf-1dc145041c79,"improvements in accurate identiﬁcation of CNVs using sequence data and that sequencing of the exome will be replaced by sequencing of the entire genome as issues with interpretation and cost become more manageable.121,130,147–150 Parents of a child with ASD should be counseled regarding recurrence risk in subsequent offspring, and the nature of the counseling depends greatly on whether a speciﬁc genetic cause of the child’s ASD has been identiﬁed. When a speciﬁc genetic etiology has been",Identification Evaluation and Management of Children with Autism,17,identification_guide
4a712095-fa93-4f61-9cfe-0aa115be3db2,"determined, the family can be provided with information about the risk of recurrence in subsequent offspring. However, when genetic testing has not been completed or has not revealed the etiology of the child’s ASD, recurrence risk counseling is based on group averages derived from the existing literature. For a couple with 1 child with ASD of unknown cause, the current best estimate of recurrence in a subsequent child is approximately 10% (range 4%–14%151–153). If a couple already has $2",Identification Evaluation and Management of Children with Autism,17,identification_guide
66bcd8a0-5df7-4675-b3b8-18c815ac70e0,"children with ASD of unknown etiology (idiopathic), the chance of a subsequent child having ASD may be as high as 32% to 36%.151,154 However, the risk is not limited to ASD. Siblings of children with ASD who do not have ASD themselves may have a 20% to 25% risk for language disorders and other neurodevelopmental and psychiatric disorders.152,155,156 Neuroimaging Speciﬁc clinical neuroimaging ﬁndings are not more prevalent in ASD compared with other neurodevelopmental disorders, nor do speciﬁc",Identification Evaluation and Management of Children with Autism,17,identification_guide
62de800b-f2a1-4814-82b4-ab3bff98a417,"abnormalities correlate with clinical, etiologic, or pathophysiological aspects of ASD.120,157,158 Incidental ﬁndings are common in neuroimaging studies obtained in the workup of children diagnosed with ASD but rarely provide etiologic information or require intervention.159,160 The need for clinical MRI should be directed by a history and physical examination. MRI may be indicated in the evaluation of atypical regression, microcephaly, macrocephaly, seizures, intracranial manifestations of",Identification Evaluation and Management of Children with Autism,17,identification_guide
97b67ccc-3ac8-44e3-b0cc-0827fae3166a,"genetic disorders, abnormal neurologic examination, or other clinical indications.76,109,161,162 Imaging technology used to examine brain structure and function provides valuable insight into the neurobiology of ASD in research settings and may lead to useful clinical applications in the future. Metabolic Testing The yield of routine metabolic testing for children with ASD is low and not recommended for regular use.163–167 However, large population-based studies are lacking, so accurate",Identification Evaluation and Management of Children with Autism,17,identification_guide
99a9b4b1-5339-4b6f-baf4-bb8d25170374,"prevalence and diagnostic yield estimates are not available. Metabolic workup should be informed by history, family history, symptoms, and examination and might include measurement of fasting plasma amino acid levels, urine organic acid levels, and acylcarnitine metabolite levels and other testing for speciﬁc metabolic disorders. History of atypical regressions (later than 2 years of age, motor regression, or multiple regressions), family history of early childhood death or diagnosed metabolic",Identification Evaluation and Management of Children with Autism,17,identification_guide
c9ce12fd-5780-4180-a83a-0c1c3d98c1e5,"disorders, and physical features, such as signiﬁcant hypotonia or weakness, visual and hearing impairment, and dysmorphic features, would suggest consultation with a specialist to guide evaluation for metabolic or mitochondrial disorders.109,168 Children who present with motor delay should be evaluated with creatine kinase and thyroid-stimulating hormone testing, according to AAP recommendations.9,49 Although metabolic disorders are uncommon causes of ASD, the potential impact is high because",Identification Evaluation and Management of Children with Autism,17,identification_guide
e1cf0da0-b681-4002-9e89-da12fe7de0dd,"treatment may be available and the inheritance pattern may be known.109,124 Examples of metabolic conditions that may be associated with an ASD phenotype are provided in Supplemental Table 16. There is no evidence at this time for routine testing of hair, blood, or urine for environmental toxins or heavy metals outside of laboratory screening for lead exposure.169 EEG Children with ASD have an increased risk for seizures, and EEG abnormalities are common in the absence of clinical seizures (see",Identification Evaluation and Management of Children with Autism,17,identification_guide
8da0e580-b515-4cb0-8670-6e0aee4729ab,"Seizures section for more information).170–175 However, EEG is not recommended as a routine baseline evaluation in the absence of clinical concern about seizures, atypical regression, or other neurologic symptoms on history or examination that would suggest an EEG is indicated.161,170,172,176 Late or atypical loss of language, as might be observed in electrical status epilepticus of sleep with loss of language, should be evaluated with an overnight EEG.161,170,172,176 Primary care clinicians",Identification Evaluation and Management of Children with Autism,17,identification_guide
bba235b0-d1ef-4a1e-8430-4a4f3e81431d,"should discuss the increased risk and the signs and symptoms of seizures with the families of children diagnosed with ASD, maintain a high index of clinical suspicion for seizures, and consult with a pediatric neurologist when concerned about atypical regression or the possibility of seizures.170,172,176 The Biology of ASD Genetics and ASD ASD is clinically and etiologically heterogeneous yet highly heritable. The rate of ASD in siblings is much higher than the rate in the general population.",Identification Evaluation and Management of Children with Autism,17,identification_guide
63e71b69-1e3f-4768-af68-282d50602b50,"Twin studies demonstrate substantially higher concordance rates for symptoms of ASD in monozygotic twins than in dizygotic twins.177 A meta-analysis involving 6413 twin pairs revealed a 98% concordance in monozygotic twins, a 53% to 67% concordance in dizygotic twins, and heritability estimates from 64% to 91%.177,178 PEDIATRICS Volume 145, number 1, January 2020 17 Downloaded from http://publications.aap.org/pediatrics/article-pdf/145/1/e20193447/1078920/peds_20193447.pdf by guest",Identification Evaluation and Management of Children with Autism,17,identification_guide
1fe9c055-61d7-4cbc-a098-69d05b3d0833,"Siblings may also be at risk for symptoms related to ASD that do not meet the threshold for a diagnosis of ASD and have been described as the broader autism phenotype.141,179 These data provide strong evidence for a genetic contribution to ASD risk.180–184 Risk for ASD also is increased in the children of both older fathers and older mothers.185–187 The increased risk with parental age may be related to germline mutations in older fathers.143,188 Mechanisms mediating the effect of advancing",Identification Evaluation and Management of Children with Autism,18,identification_guide
968b2a25-6c84-405b-bac6-15ea4a415268,"maternal age on ASD risk are less clear.143 Increased maternal and paternal age are independently associated with ASD risk, and a joint effect seems to occur as well.185–187 Important aspects of the genetics of ASD are still poorly understood, including the role of common variants, epistasis (gene-gene interactions), and environmental modiﬁcation of genotype effects. In contrast, advances such as CMA and next-generation sequencing technologies have resulted in identiﬁcation of large-effect",Identification Evaluation and Management of Children with Autism,18,identification_guide
00b2d651-a2c0-4ba8-aa9b-69ac165bb019,"(pathogenic) rare variants that appear to be causally associated with ASD, including CNVs, which are deletions or duplications $1000 bp in size that alter the dosage of genes, and sequence-nucleotide variants.189–192 Pathogenic rare variants may arise de novo or be inherited as autosomal dominant, autosomal recessive, or X-linked mutations. Researchers of CMA and WES studies have established that although de novo and inherited rare variants of large effect size are collectively common, no",Identification Evaluation and Management of Children with Autism,18,identification_guide
28c42cdb-bc48-4b3c-a79d-6ea49e9e38ea,"individual pathogenic variant accounts for more than 1% of cases of ASD.* Genes that contribute to ASD are involved in a variety of biological functions, with convergence on aspects of brain development and function, including synaptic structure and function, intracellular signaling, transcription regulation, and chromatin remodeling.139,190,191,196 It is important to note that no speciﬁc mutation has been identiﬁed that is unique to ASD; there is substantial genetic overlap between ASD and other",Identification Evaluation and Management of Children with Autism,18,identification_guide
2903b161-b500-4c4f-854e-f4d1a033dd8e,"neurodevelopmental disorders, including intellectual disability, epilepsy, and schizophrenia.197–204 Genes, Environmental Exposures, and ASD The potential environmental factors that may be related to increased reported prevalence of ASD is an area of active study that, as yet, is without ﬁrm conclusions.119 Environmental factors associated with ASD include in utero exposure to medications such as valproate and thalidomide. Other prenatal inﬂuences, such as short interpregnancy interval, multiple",Identification Evaluation and Management of Children with Autism,18,identification_guide
e3a58ef4-b60a-4d42-aea0-ca4c40d06291,"gestation, maternal obesity, gestational bleeding, gestational diabetes, advanced parental age, and infections (eg, rubella and cytomegalovirus), may be associated with increased risk for ASD.205–209 Perinatal factors, such as preterm birth, low birth weight, fetal growth restriction (ie, small for gestational age), intrapartum hypoxia, and neonatal encephalopathy, are associated with increased ASD risk.205,210–212 Environmental factors may present independent risk to prenatal brain development",Identification Evaluation and Management of Children with Autism,18,identification_guide
d27f2c76-9eb0-4bae-9101-9f782a82a5c6,"or may affect gene function in individuals with genetic predisposition.213 Population-level associations with ASD have been examined for organophosphates and certain other pesticides, metals, volatile organic compounds, and air pollution, particularly particulate matter and nitrogen dioxide.214–216 Research on environmental exposures may be of great importance in identifying modiﬁable risk factors related to ASD and other developmental disorders. It is prudent to limit exposure of children and",Identification Evaluation and Management of Children with Autism,18,identification_guide
dfa0ec8f-0334-4f81-8c55-a60e559a7b04,"pregnant women to known neurotoxicants. Genes, Immunologic Exposures, and ASD It has been proposed that children with ASD-associated CNVs may be more susceptible to environmental insult in the form of maternal immune activation. Report of maternal infection or fever during pregnancy may be associated with increased severity of ASD-related symptoms in offspring who are affected.217 The pathogenic role of circulating maternal antibodies directed to fetal brain tissue and the potential value of",Identification Evaluation and Management of Children with Autism,18,identification_guide
f84f40a2-f818-489c-9919-3f603ea3821e,"maternal antibody panels as biomarkers of ASD are currently being studied.218–222 Unless otherwise indicated (eg, history suggestive of autoimmune or immunologic disorder), no immune testing is recommended in the etiologic workup of a child with ASD. Epigenetics Epigenetic modiﬁcations, such as DNA methylation and posttranslational histone modiﬁcation, produce heritable changes in gene expression that do not involve a change in the DNA sequence. Some genetic disorders associated with ASD (eg,",Identification Evaluation and Management of Children with Autism,18,identification_guide
461f026d-76cd-443c-a097-70a0f31cc63a,"Rett syndrome; CHARGE syndrome; 15q duplication; Angelman syndrome; and fragile X syndrome), involve genes that either encode epigenetic regulators or are sensitive to alterations in their epigenetic regulation.223,224 Because epigenetic modiﬁcations can be inﬂuenced by environmental factors, such as prenatal maternal exposures and postnatal experience, they represent 1 interface between genes and environment. However, epigenetic modiﬁcations are not the only mechanisms by which gene expression",Identification Evaluation and Management of Children with Autism,18,identification_guide
c5714467-7918-4944-b928-c04705b5c44e,"is regulated, and epigenetics should not be conﬂated with the broader category of environmental effects.223,225 Currently, the evidence that alteration of gene expression by environmental factors plays a causal role in ASD is very limited.223–228 Investigation of * Refs 121, 144, 189–195. 18 FROM THE AMERICAN ACADEMY OF PEDIATRICS Downloaded from http://publications.aap.org/pediatrics/article-pdf/145/1/e20193447/1078920/peds_20193447.pdf by guest",Identification Evaluation and Management of Children with Autism,18,identification_guide
8a19a313-2ae5-4634-bd23-7cf8621ef339,"the role of epigenetic and other nongenetic modiﬁcations that alter gene activity without changing the DNA sequence is an active area of etiologic research in ASD. Vaccines The scientiﬁc literature does not support an association of vaccination as an environmental factor that increases the risk for ASD. Children with ASD should be vaccinated according to the recommended schedule. Epidemiological studies do not demonstrate any association of the measles-mumps-rubella vaccine, mercury exposure by",Identification Evaluation and Management of Children with Autism,19,identification_guide
2c5c15dd-dd68-4c07-b902-5a21d0bdec70,"thimerosal- containing vaccines, aluminum in vaccines, or increased level of immunologic exposure attributable to a larger number of vaccines (either given at 1 time or cumulatively) with ASD.214,229–246 Vaccines used for children in the United States have not contained thimerosal since 2001. The authors of a 2012 Cochrane review234 and a 2014 quantitative meta-analysis of pooled data from cohort studies involving 1 256 407 children and case-control studies involving 9920 children reviewed the",Identification Evaluation and Management of Children with Autism,19,identification_guide
e93bf88e-f41c-4e38-85cd-8076a0c5806f,"scientiﬁc literature and came to this conclusion.231 Evidence implicating immunizations as a “second hit” conferring ASD risk in genetically susceptible subgroups is lacking. It has been shown that the measles- mumps-rubella vaccine is not associated with increased risk for ASD, even among children who are already at higher risk because of having an older sibling with ASD.229 Media coverage of vaccine issues may inﬂate the perception of uncertainty by equal coverage of vaccine proponents and",Identification Evaluation and Management of Children with Autism,19,identification_guide
64976ec4-b8d2-498c-9d4b-76e665f2ce29,"opponents. The overwhelming weight of evidence supports vaccine safety.247 Communicating information about vaccine safety is a critical component of pediatric practice.248 Brain Structure and ASD: Neuropathology Neuropathological research has been limited by the small number of postmortem brains available for study. Developmental brain abnormalities in people with ASD are reported in the cerebral neocortex; limbic system structures, including the hippocampal formation and amygdala; basal ganglia;",Identification Evaluation and Management of Children with Autism,19,identification_guide
e4500611-5e9b-4b9d-b511-a7e8ba277da6,"thalamus; brainstem; and cerebellum. These brain abnormalities include dysplasia, altered neurogenesis, and abnormal neuronal migration.249–251 The vast majority of abnormalities described originate during prenatal brain development.249,251,252 Findings in the cerebral cortex may include focal disruption of neuronal migration, minicolumnar abnormalities, and variations in neuronal density.249,251,252 A decreased number of Purkinje cells in the cerebellum is 1 of the most consistently reported",Identification Evaluation and Management of Children with Autism,19,identification_guide
1c293236-0fba-4bc1-aaec-ddc840aaa852,"neuropathologic ﬁndings associated with ASD. Although it was initially thought to be of prenatal onset, evidence now indicates that this phenomenon is more likely to be an acquired process that occurs postnatally, potentially related to seizures, medications, and/or ischemia near the time of death or factors other than ASD.249 No uniform neuropathology has been identiﬁed in people with ASD. Biomarkers Objectively measured biological characteristics, or biomarkers, of ASD could potentially be used",Identification Evaluation and Management of Children with Autism,19,identification_guide
e898e1b8-6ff5-48d2-b974-3bd4c68236fb,"to predict ASD risk, enhance screening, and permit presymptomatic detection. Their use could improve the reliability and validity of clinical diagnosis (identifying clinically meaningful subgroups that would allow for prediction of prognosis or treatment response), identify mechanisms for developing treatment, and conﬁrm the need for a speciﬁc intervention.221,253–255 Early Brain Overgrowth Cross-sectional and longitudinal studies suggest that as a group, children later diagnosed with ASD may",Identification Evaluation and Management of Children with Autism,19,identification_guide
3b0b6f8e-753c-41df-ad4b-12d66b03d628,"have an average or below- average head circumference at birth, with an acceleration in brain growth before 2 years of age.256 This rapid brain growth leads to signiﬁcantly above-average head circumferences and MRI brain volumes in toddlers, followed by a plateau in brain growth, with brain volumes in adolescence and adulthood similar to those of controls.257,258 Almost 16% of young children with ASD have a head circumference greater than the 97th percentile.258 A preliminary study suggested that",Identification Evaluation and Management of Children with Autism,19,identification_guide
6a3e1a2d-ad83-4d8f-a8a3-6265550055c7,"infant siblings of children with ASD who exhibited a larger head circumference at 12 months and showed more slowing of head circumference growth from 12 to 24 months had an increased chance of demonstrating symptoms of ASD.259,260 Although this ﬁnding raises the possibility that patterns of brain growth might be used for early identiﬁcation, the rate of head growth did not predict which infants developed ASD in the ﬁrst 3 years of life in a large prospective study of high-risk infants.261 It is",Identification Evaluation and Management of Children with Autism,19,identification_guide
2afaad73-d79d-4e35-8562-7b759f79cd84,"possible that a large head size is unrelated to ASD and/or may be part of general somatic overgrowth.262–265 Neuroimaging Patterns Associated With ASD in Research Studies Although there are conﬂicting ﬁndings, structural MRI volumetric studies suggest that young children with ASD differ from controls in total brain volume, cortical gray and white matter volume (particularly frontal, temporal, and cingulate cortices), extraaxial cerebral spinal ﬂuid volume, and amygdala volume.266–271 A",Identification Evaluation and Management of Children with Autism,19,identification_guide
02eebda9-1324-4afd-9536-79bed3a59cb7,"research-level analysis also has identiﬁed asymmetries in multiple brain structures in people with ASD.272 Diffusion tensor imaging has been used to identify altered patterns in white matter by 6 months of age in PEDIATRICS Volume 145, number 1, January 2020 19 Downloaded from http://publications.aap.org/pediatrics/article-pdf/145/1/e20193447/1078920/peds_20193447.pdf by guest",Identification Evaluation and Management of Children with Autism,19,identification_guide
2616dd68-b2e3-48f0-8681-1600919877d2,"infants later diagnosed with ASD.270,273 Functional MRI has demonstrated differences in people with ASD relative to controls in efﬁciency of visual processing, executive function, language, and basic and complex social processing skills.274,275 Functional MRI in research settings demonstrate differences in the mechanisms of attention to social stimuli, modulation in response to task demands or intensity of stimuli, and executive function in people with ASD.274 Functional underconnectivity has",Identification Evaluation and Management of Children with Autism,20,identification_guide
f9c27123-ee7b-425a-b338-ba68e40259c1,"also been demonstrated across a wide variety of the brain regions that support language, executive function, social cognition, emotion processing, and motor tasks, especially for long-range, frontal- posterior networks.274,276,277 Electrophysiologic Testing and Measurement of Eye Tracking Electrophysiologic research studies demonstrate differences in auditory processing (including language processing), visual processing (including face processing), somatosensory response, multisensory",Identification Evaluation and Management of Children with Autism,20,identification_guide
3200f26a-8389-4620-aa22-c1b848a2ba1b,"integration, attentional shifting, selective attention, recognition memory, and neural connectivity in people with ASD.278–281 Continuous measures of resting-state and task-related quantitative EEG are used to calculate and describe spectral power, complexity, and coherence. Although promising, the clinical utility of these measures as biomarkers requires additional study.279 Eye tracking has been used to determine if infants who are younger siblings of children with ASD and, therefore, at",Identification Evaluation and Management of Children with Autism,20,identification_guide
26ddcfda-50a9-467a-8683-1d162d371bf4,"increased risk for ASD exhibit differences in ﬁxation on faces.282-284 Preliminary evidence suggests that infants later diagnosed with ASD exhibit a decline in gaze ﬁxation from age 2 to age 6 months.285 Other Potential Biomarkers Although some studies have attempted to differentiate people with and without ASD on the basis of differences in laboratory proﬁles of platelet serotonin, plasma melatonin, urine melatonin sulfate, redox status, placental trophoblast inclusions, and immune function,",Identification Evaluation and Management of Children with Autism,20,identification_guide
ac1df5ae-2a4f-49f9-a2a4-8eb4e7aab536,"currently no diagnostic laboratory tests have been approved for ASD.286,287 To date, none of these potential biomarkers under study has sufﬁcient evidence to be recommended. Biomarkers: Future Directions Proposed biomarkers for ASD risk include genetic and biochemical ﬁndings in blood, urine, or brain tissue; placental pathology; maternal autoantibody proﬁles; structural and functional MRI patterns; electrophysiological test results on EEG, including event-related potentials; responses in eye",Identification Evaluation and Management of Children with Autism,20,identification_guide
e0074194-681a-403f-860d-9850a660a3cc,"tracking; and physical parameters such as head circumference growth trajectory. Although none of these proposed biomarkers has demonstrated sufﬁcient predictive validity for clinical use at this time,221,253–255,288 the search for biomarkers is a major research focus. Biomarker research has important ethical issues,253 and concerns have appropriately been raised regarding premature translation of research data into commercially available tests marketed to patients and families.221,253,289,290",Identification Evaluation and Management of Children with Autism,20,identification_guide
1d0f2247-fd1c-467f-a615-a8193ac50391,"However, the capabilities to screen large numbers of bioactive compounds, examine the entire genome, and simultaneously analyze large data sets have accelerated research into the neurobiology of ASD and may result in the identiﬁcation of valid biomarkers.221,255,291 SECTION 5: INTERVENTIONS The goals of treatment of children with ASD are to (1) minimize core deﬁcits (social communication and interaction and restricted or repetitive behaviors and interests)1 and co-occurring associated",Identification Evaluation and Management of Children with Autism,20,identification_guide
bfe87f06-284f-41e9-b43e-bf5064b5a707,"impairments292-294; (2) maximize functional independence by facilitating learning and acquisition of adaptive skills; and (3) eliminate, minimize, or prevent problem behaviors that may interfere with functional skills.6,295,296 Treatments should be individualized, developmentally appropriate, and intensive, with performance data relevant to treatment goals to evaluate and adjust intervention.6,297 All interventions should be based on sound theoretical constructs, rigorous methodologies, and",Identification Evaluation and Management of Children with Autism,20,identification_guide
848c7a03-dda2-4383-8822-f37043801f2a,"objective scientiﬁc evidence of effectiveness. Since the publication of the 2007 AAP clinical reports on autism, a substantial published literature has examined the effectiveness of interventions.48,295,297,298 Legal mandates in education law in the United States, which include the Individuals with Disabilities Education Improvement Act of 2004 (IDEA) (Public Law 108–446) and the No Child Left Behind Act of 2001 (Public Law 107–110) and its successor, the Every Student Succeeds Act of 2015 (",Identification Evaluation and Management of Children with Autism,20,identification_guide
f54c49b6-bcca-41bb-8f48-e3b76ab57e4e,"Public Law 114–95), require the use of practices supported by scientiﬁcally based research (IDEA and the No Child Left Behind Act of 2001) or evidence-based practices (Every Student Succeeds Act of 2015) (https://www.ed.gov/). Early intervention services under part C of IDEA provide for assessment and intervention for children younger than 3 years with developmental delays, including ASD. Interventions for children with ASD are provided through educational practices, developmental therapies, and",Identification Evaluation and Management of Children with Autism,20,identification_guide
a62a677e-f5f0-402e-9509-d7a79e980bf1,"behavioral interventions. Treatment strategies may vary by the age and strengths and weaknesses of the child. For example, intervention for a toddler with a recent diagnosis of ASD may include behavioral and developmental approaches (individually or in the context of 20 FROM THE AMERICAN ACADEMY OF PEDIATRICS Downloaded from http://publications.aap.org/pediatrics/article-pdf/145/1/e20193447/1078920/peds_20193447.pdf by guest",Identification Evaluation and Management of Children with Autism,20,identification_guide
b29fb3ba-6a3e-4651-a3c9-15577b2afe28,"comprehensive approach) and, as he or she progresses, involvement in a specialized or typical preschool program. For older children, intervention is more likely to occur in educational settings, with integration of behavioral and developmental therapies to promote skill development. In addition to variation by age of the child, interventions differ in theoretical approach and scope (eg, focused and targeted or comprehensive), settings and/or modality of delivery (eg, individual versus group or",Identification Evaluation and Management of Children with Autism,21,identification_guide
33dd1edc-b566-4bda-94b7-bd7eeae26b5a,"classroom, delivered by a professional versus a trained parent, and school versus home setting), and targets of intervention.48,297 Interventions may be provided through public and/or not-for-proﬁt agencies, schools, and early intervention services, and some may be paid for through insurance.299 Families should be involved in the selection of intervention approaches and remain an involved participant in subsequent educational and therapeutic decisions. There is regional variation in the",Identification Evaluation and Management of Children with Autism,21,identification_guide
180e1231-50e1-45d5-9b3e-3ab3969305fd,"availability of various types of therapy and providers that sometimes results in long waits for service, less-than- desired intensity, or inability to obtain a desired intervention altogether. By law, students with ASD should receive an appropriate educational program, although it may not include all of the components desired by the family. Advocacy is often necessary to obtain desired services through schools or through mechanisms paid for by insurance. It is noted that many of the interventions",Identification Evaluation and Management of Children with Autism,21,identification_guide
bee2d0e6-0a98-48f2-bfbf-063b1004e0d3,"in common use do not have a strong evidence base. Some types of intervention may not be paid for by insurance. Systematic reviews of the evidence base for treatment have been completed on early intensive intervention,44,300 medical treatments,301 behavioral interventions,294,298 and evidence- based practice guidelines.292,302 Wong et al295 described 2 categories of evidence-based interventions, the comprehensive treatment model (CTM) and focused interventions. These interventions may be provided",Identification Evaluation and Management of Children with Autism,21,identification_guide
6ab0ebd1-f778-4280-ac24-6bc385bfef9c,"in different settings (eg, the home, classroom, naturalistic environment, or community), by different providers (eg, developmental specialist, behavioral therapist, educator, or trained parent), individually or in group settings, and by using a set curriculum or guide. The CTM uses a central conceptual framework to address a broad array of symptoms and is designed to address speciﬁc skill(s) or symptom(s). A CTM should be replicable, intense, and designed to address multiple therapeutic goals",Identification Evaluation and Management of Children with Autism,21,identification_guide
4cc6043c-566b-492a-811d-3cc73c1ec17a,"over a period of time. Provision of services may occur in individual instruction or class settings (specialized or inclusive), should include parents, and may involve technology-assisted intervention.303 Applied behavior analysis (ABA), developmental approaches, and/or naturalistic approaches may be used in CTMs.303 Examples of CTMs include early intensive behavioral intervention, Treatment and Education of Autistic and Related Communication-Handicapped Children (TEACCH), and the Early Start",Identification Evaluation and Management of Children with Autism,21,identification_guide
fe279358-b444-4f89-a516-ef7431813201,"Denver Model (ESDM).295,303 Focused intervention practices are designed to address a single or limited range of skills, such as increasing social communication or learning a speciﬁc task, and may be delivered over a short period of time.295,297,303 Focused intervention practices may be behavioral, developmental, and/or educational. Focused interventions may be grounded in principles of ABA, in which speciﬁc skills are taught in a stepwise progression by using principles of reinforcement or",Identification Evaluation and Management of Children with Autism,21,identification_guide
54b92878-d498-4f44-9997-0004f543ca04,"developmental theory, in which the emerging skills inherent in neurobehavioral maturation are promoted. These interventions are provided in a structured setting by an adult, in naturalistic environments with peers, or as a component of a more comprehensive approach.295 Focused interventions may be effective for promoting skill development and communication.295,297,304,305 Pediatricians may be asked to advise families on therapy choices or write prescriptions for therapies.306 It is helpful for",Identification Evaluation and Management of Children with Autism,21,identification_guide
4057b00c-6f99-45fe-b93e-5b40dbca2819,"clinicians to have an understanding of intervention terminology and of the evidence base so they can effectively communicate the rationale for medically indicated treatment recommendations with families, educators, therapists, and other service providers as well as with insurance companies, health care administrators, funding agencies, and policy makers.295 This report describes various types of interventions provided for children and youth with ASD. Additional research is needed to evaluate the",Identification Evaluation and Management of Children with Autism,21,identification_guide
edb15cb2-317e-4872-906e-f55e62921fb1,"effectiveness of current approaches and develop interventions that address core deﬁcits of ASD. At the time of diagnosis, parents of young preschool children may ask their provider to help them decide what type of intervention they should elect. Two common theoretical approaches to intervention for symptoms of ASD are ABA and developmental models.296–298,307 Although these approaches have important distinctions, they also have signiﬁcant overlap, and interventions increasingly are incorporating",Identification Evaluation and Management of Children with Autism,21,identification_guide
26ea19df-59a6-4317-bb99-970d2588a289,"aspects of both. There is considerable regional variation in the availability of various interventions. Table 9 describes common characteristics of empirically supported interventions.296,297,308,309 Approaches to Intervention ABA Most evidence-based treatment models are based on principles of ABA. ABA has been deﬁned as “the PEDIATRICS Volume 145, number 1, January 2020 21 Downloaded from http://publications.aap.org/pediatrics/article-pdf/145/1/e20193447/1078920/peds_20193447.pdf by guest",Identification Evaluation and Management of Children with Autism,21,identification_guide
91401c43-446b-4c99-acf7-e7f116521413,"process of systematically applying interventions based upon the principles of learning theory to improve socially signiﬁcant behaviors to a meaningful degree, and to demonstrate that the interventions employed are responsible for the improvement in behavior.”310 The use of ABA methods to treat symptoms of ASD suggests that behaviors exhibited can be altered by programmatically reinforcing skills related to communication and other skill acquisition.311,312 Thus, ABA treatments may target",Identification Evaluation and Management of Children with Autism,22,identification_guide
a70e29a5-9d64-4120-854e-5ed6460ad0e7,"development of new skills (eg, social engagement) and/or minimize behaviors (eg, aggression) that may interfere with a child’s progress. ABA interventions vary from highly structured adult-directed approaches (eg, discrete trial training or instruction, verbal behavior applications, and others) to interventions in natural environments that may be child led and implemented in the context of play activities or daily routines and activities and are altered on the basis of the child’s skill",Identification Evaluation and Management of Children with Autism,22,identification_guide
6ee8a8c2-5681-4f50-9d3f-56e17a7d303d,"development (eg, pivotal response training, reciprocal imitation training, and others).297,309,312,313 To determine what intervention is most appropriate, the behavioral clinician works with the family and child to determine which skills to target for development and maintenance and what goals are appropriate. ABA programs are typically designed and supervised by professionals certiﬁed in behavior analysis. The majority of states at this time have licensure for board-certiﬁed behavior analysts",Identification Evaluation and Management of Children with Autism,22,identification_guide
309b29d3-ee7a-4570-8ecc-a45ce9dcb171,"with provisions for payment by insurance. ABA may be prescribed or recommended by a physician or licensed psychologist. A comprehensive ABA approach for younger children, also known as early intensive behavioral intervention, is supported by a few randomized controlled trials (RCTs) and a substantial single-subject literature.297 When only RCTs are considered, few interventions have sufﬁcient evidence to be endorsed either for children younger than 12 years298 or for adolescents.314 Children",Identification Evaluation and Management of Children with Autism,22,identification_guide
6683c215-0348-4b7d-8e39-a3fb05400788,"younger than 12 years receiving more hours per week of ABA were found to be more likely to achieve the individualized goals identiﬁed in their programs.315 In retrospective studies, more intense ABA therapy was associated with achieving optimal developmental outcomes.316 Given the heterogeneity of the ASD phenotype, the service needs of children, youth, and adults need to be individualized by using available clinical data. In some instances, a behavioral intervention is needed to address acute",Identification Evaluation and Management of Children with Autism,22,identification_guide
6febf3dd-eff6-44b2-bdbe-80f12b3284bd,"serious problem behaviors that TABLE 9 Characteristics of Effective Interventions Features of Practice Common Characteristics of Empirically Supported Interventions Assessment and goals Systematically assess skills Include input of family (shared decision-making) Select individualized measurable goals and instructional procedures on the basis of objective assessment of each child Use assessment-based, empirically supported instructional methods to build, generalize, and maintain skills and reduce",Identification Evaluation and Management of Children with Autism,22,identification_guide
f7e22114-e874-4f84-a06f-a915aed011ed,problem behaviors Instructional methods Address core symptoms in social communication and restricted and repetitive behaviors as well as skill deﬁcits Provide a student/teacher ratio low enough to address the child’s individualized goals Interventions should be by providers who are properly trained and should maintain ﬁdelity with the treatment approach selected Ensure that multiple providers work collaboratively Services and supports Individualize services and support Make use of the child’s,Identification Evaluation and Management of Children with Autism,22,identification_guide
afbe76c5-d02d-418c-bd7c-7b4ff46a0c4a,"interests and preferences in determining reinforcement systems Incorporate preferred activities to increase engagement in activities Environment Provide a structured learning environment that helps children anticipate transition between activities, including a predictable routine and visual activity schedules Organize workspaces to minimize distraction and promote task completion Limit access to things that may distract a student The environment should promote opportunities for the student to",Identification Evaluation and Management of Children with Autism,22,identification_guide
2acec424-8dee-4257-b579-caa8b7a288ee,initiate communication and interact with peers Behavioral management Implement a functional behavioral analysis to identify the reasons why challenging behaviors occur and develop a behavior improvement plan based on this assessment (IDEA-mandated approach) Teach children more appropriate responses using the behavior improvement plan Progress Systematically measure and document the individual child’s progress Adjust instructional strategies as necessary to enable acquisition of target skills,Identification Evaluation and Management of Children with Autism,22,identification_guide
bf2abfd9-a430-4d76-956a-73b6a7cce1aa,"Family support Involve and educate families so they can use the behavioral strategies at home and in the community Transition planning Plan for transitions in school settings and to adulthood (eg, from home-based early intervention to preschool services, preschool to elementary school, elementary school to middle school, middle school to high school, high school to work or postsecondary education, and home to community living) Adapted from Smith T, Iadarola S. Evidence base update for autism",Identification Evaluation and Management of Children with Autism,22,identification_guide
91540e57-ce1b-400d-9018-6903ae470c42,"spectrum disorder. J Clin Child Adolesc Psychol. 2015;44(6):897–922; Myers SA, Pipinos II, Johanning JM, Stergiou N. Gait variability of patients with intermittent claudication is similar before and after the onset of claudication pain. Clin Biomech (Bristol, Avon). 2011;26(7):729–734; and Myers SM. Management of autism spectrum disorders in primary care. Pediatr Ann. 2009;38(1):42–49. 22 FROM THE AMERICAN ACADEMY OF PEDIATRICS Downloaded from",Identification Evaluation and Management of Children with Autism,22,identification_guide
0ac05b14-1119-4a5b-b65c-ff21697920a8,http://publications.aap.org/pediatrics/article-pdf/145/1/e20193447/1078920/peds_20193447.pdf by guest,Identification Evaluation and Management of Children with Autism,22,identification_guide
c178b128-da3d-49dd-9168-12629c51c96a,"must be given priority, for example, because of safety issues.295 Whether a student is getting formal ABA under IDEA or not, a family can request that challenging behaviors be evaluated in the school setting by using behavioral principles through a functional behavioral assessment. The target symptoms to treat may then be divided into component parts that are addressed in a stepwise fashion (task analysis).313,317 Once the reasons for the behavior are understood, a behavior improvement plan may",Identification Evaluation and Management of Children with Autism,23,identification_guide
cea38786-ca23-4453-a790-89653705c2f6,"be implemented. Developmental Relationship–Focused Interventions Intervention for young children also may be derived from developmental theory, which is focused on the relationship between the caregiver’s level of responsiveness and the child’s development of social communication.296,318–320 Through interaction with others, children learn to communicate and regulate emotions and establish a foundation for increasingly complex thinking and social interaction. Therefore, developmental models",Identification Evaluation and Management of Children with Autism,23,identification_guide
1575ac2a-2fdf-4621-9abc-5bb7b115f929,"designed to promote social development in children with ASD are focused on the relationship between the child with ASD and his or her caregiver through coaching to help increase responsiveness to the adult (ie, the interventionist or parent or caregiver) through imitating, expanding on, or joining into child- initiated play activities. This approach may address core symptoms of ASD, such as joint attention, imitation, and affective social engagement.296,297,321,322 Developmental models for",Identification Evaluation and Management of Children with Autism,23,identification_guide
69503b3f-eb34-4689-8378-ec40e52c3ded,"intervention are focused on teaching adults to engage in nondirective interactive strategies to foster interaction and development of communication in the context of play. One such approach is known as DIRFloortime (The Developmental, Individual Differences, and Relationship-Based model). In 1 RCT comparing parent coaching using this approach to community intervention alone (N = 112) in children ages 2 to 5 years, parents who were taught this approach were less directive, and their children were",Identification Evaluation and Management of Children with Autism,23,identification_guide
52562925-c1fb-4936-8b53-c494f4b21a1c,"rated as more socially responsive, although IQ and language scores were no different between groups, and half of the children in the control group improved in their affective ratings.323 A similar approach is relationship development intervention,324 and more research is needed to evaluate efﬁcacy and community use. Naturalistic Developmental Behavioral Intervention Naturalistic developmental behavioral interventions (NDBIs) incorporate elements of ABA and developmental principles, such as",Identification Evaluation and Management of Children with Autism,23,identification_guide
8e944b53-f86e-4e5a-8259-df97e2eedfd1,"emphasis on developmentally based learning targets and foundational social learning skills, with delivery of interventions in the context of naturally occurring social activities within natural environments. They use child-initiated teaching episodes, naturally occurring opportunities for learning, and turn-taking interactions within play routines and implement ABA-based approaches to address measurable goals.296 The most extensively studied NDBI approach is the ESDM, which prepares children to",Identification Evaluation and Management of Children with Autism,23,identification_guide
39b2960d-5b11-4e63-96a6-51ede995e90e,"learn in naturalistic environments.325 In a multisite trial of ESDM, early age at entry to therapy and more hours of total therapy were associated with improved outcome.326 Of note, the 48 children randomly assigned to ESDM or community treatment in the original trial were studied by using event-related potentials and spectral power on EEG while viewing faces as opposed to objects and were compared with typical controls on these tasks. This is an early demonstration of improvement on a",Identification Evaluation and Management of Children with Autism,23,identification_guide
8ac80458-e524-4a2a-bb87-8a93d6a004b8,neurophysiologic measure associated with improvement on a clinical measure of social behavior through an early intervention program.327 Combined Approaches Common factors in combined developmental and behavioral approaches include use of principles of ABA to reinforce skill building; a systematic approach with a manual for training practitioners who would use the intervention in a standard fashion; individualized treatment goals for the child and means of measuring progress; child-initiated,Identification Evaluation and Management of Children with Autism,23,identification_guide
9da4b023-3cf4-44bf-91a4-3f17b4a86cb3,"teaching, imitation, and modeling; and adult prompting that fades over time to promote independence.296 It may be difﬁcult to advise parents on speciﬁc programs in community settings because the way the program is conducted may differ from the research settings.328 However, it is always accurate to describe the common characteristics of empirically supported interventions and recommend that families seek interventions that incorporate these features (Table 9). Parent-Mediated Treatment or Parent",Identification Evaluation and Management of Children with Autism,23,identification_guide
7326b1ec-7010-4b90-8c96-c397444f3d71,"Management Training Increasing evidence reveals that focused interventions delivered by trained parents or other caregivers can be an important part of a therapeutic program.297,329–332 More RCTs have been published on parent-mediated therapies than on other nonpharmacologic interventions. What is sometimes called parent management training is divided into 2 categories: parent support and parent-mediated interventions. Parent support interventions, which are knowledge- focused and provide",Identification Evaluation and Management of Children with Autism,23,identification_guide
dbe692ce-dc5e-4444-9cfa-bb8f8303b9a1,"indirect beneﬁt to the child, include care coordination and psychoeducation. Parent- mediated interventions, which are technique-focused and provide direct beneﬁt to the child, may target core symptoms of ASD or other behaviors or skills and may be built on ABA approaches in natural settings.331 PEDIATRICS Volume 145, number 1, January 2020 23 Downloaded from http://publications.aap.org/pediatrics/article-pdf/145/1/e20193447/1078920/peds_20193447.pdf by guest",Identification Evaluation and Management of Children with Autism,23,identification_guide
1a2e0cda-1b4f-4f70-99cf-f3703aa4f314,"Training sessions for caregivers may be delivered in the home, clinic, school, or other community settings or remotely by telehealth.297,329–331,333–337 An RCT involving 86 toddlers and their primary caregivers demonstrated that 10 weeks of hands-on parent training in joint attention, symbolic play, engagement and regulation (an NDBI) was superior to a parent-only psychoeducational intervention for increasing joint engagement.338 A parent training approach may be used to promote compliance with",Identification Evaluation and Management of Children with Autism,24,identification_guide
b626c875-bf23-4551-ad1b-ddda0e7b2521,"instruction, social communication, and other identiﬁed goals of the caregiver, such as reducing maladaptive behaviors.331,339–342 Including parents in the intervention process is critically important.43,326,343 Educational Interventions Classroom-Based Models It is the expectation that school-aged children will be educated in classroom settings with supports for a broad effect on the symptoms of ASD and associated deﬁcits. Educating students with ASD in the least restrictive environment typically",Identification Evaluation and Management of Children with Autism,24,identification_guide
7604f54c-4528-4ffd-a7dd-5c71f4b05d62,"requires an individualized program that is modiﬁed to meet the Individualized Education Program (IEP) goals set by the family, student, and school team. Some students who do not qualify for an IEP by educational criteria may be supported with accommodations through a Section 504 plan or with classroom-level accommodations. Many students with ASD are educated in inclusive classrooms with supports. Other school-aged children and youth beneﬁt from disorder- speciﬁc approaches. Examples of",Identification Evaluation and Management of Children with Autism,24,identification_guide
4307a709-0e5c-4ffd-9d83-1bac6d6e1633,"classroom-based models include Learning Experiences and Alternative Programs for Preschoolers and their Parents (LEAP) and TEACCH.344 LEAP blends principles of ABA with special and general education teaching techniques for elementary- aged pupils in inclusive settings for teaching social interaction.344–346 An RCT of 294 preschool-aged children revealed that LEAP was associated with improvement in socialization, cognition, language, and challenging behavior and that LEAP was superior to a",Identification Evaluation and Management of Children with Autism,24,identification_guide
14db2210-94ca-4baa-b4a0-720372749fe9,"treatment-as-usual method.345 TEACCH class settings are visually organized to promote engagement and learning.344 The TEACCH approach to skill acquisition includes assessment-based curriculum development and an emphasis on structure, including predictable organization of activities and use of visual schedules, organization of the physical environment to optimize learning and avoid frustration (eg, by minimizing distractions and/or sensory dysregulation), and adaptation and organization of",Identification Evaluation and Management of Children with Autism,24,identification_guide
f9272d6f-5eb9-4652-a69a-c0042e11a888,"materials and tasks to promote independence from adult directions or prompts.344,347 Instruction is organized in a predictable fashion and uses visual schedules with promotion of independence in activities planned into the instruction.347 This approach is associated with a small, but measurable, beneﬁt in perceptual, motor, verbal, and cognitive skills in students with ASD, with less measured effect on adaptive and motor function347 and challenging behaviors. Rigorous studies of educational",Identification Evaluation and Management of Children with Autism,24,identification_guide
fe04dc9e-de89-4eae-9da3-2ccff923bb22,interventions for students with ASD at school age and beyond are necessary to understand the effectiveness of different models.298 A comparison of the effects of LEAP and TEACCH classrooms with those of standard special education classes taught by teachers familiar with ASD revealed that the common features of these interventions may be responsible for improvements seen in all students. TEACCH was associated with more reported improvement in ASD severity for students who had greater cognitive,Identification Evaluation and Management of Children with Autism,24,identification_guide
8f9b29fb-aff9-40f9-8bf4-779d5d94b2d0,"delays. This ﬁnding may speak to the beneﬁt of the environmental and behavioral supports.344 Research interventions may not be comparable with community-provided school programs. Future research is needed to address how best to provide evidence-based intervention in classroom settings. Education in the Least Restrictive Educational Environment Pediatricians have an important role in advocating for children and youth with special health care needs, including ASD, in the educational setting.",Identification Evaluation and Management of Children with Autism,24,identification_guide
48cd4bad-9fc7-43bd-a673-cbf3bd8185ce,"Students have a right to a free and appropriate public education. Educational programs for school-aged children with ASD should promote language, academic, adaptive, and social skills development and prepare them for postsecondary education or employment.348 Most, but not all, students with ASD will have some individualization of their education under the guidance of an IEP determined by the school multidisciplinary team in conjunction with the family. Others may receive accommodation and/or",Identification Evaluation and Management of Children with Autism,24,identification_guide
5bc5c7d4-fdce-479e-b78c-48042ec691f5,environmental modiﬁcations under Section 504 of the Rehabilitation Act of 1973.349 A medical diagnosis of ASD alone does not automatically translate into eligibility for school- based services. Functional impairment that affects participation in the typical curriculum is required to qualify for supports in the educational setting and may lead to an IEP for the educational handicap of autism. Most youth with ASD and average-range intelligence will likely require academic intervention because of,Identification Evaluation and Management of Children with Autism,24,identification_guide
fa95300a-933b-4178-aab1-68a995db2d37,"coexisting learning disabilities, executive function challenges, ADHD, motor processing deﬁcits, the effects of their pragmatic language differences on reading and writing, and/or challenges in comprehension of spoken or written language.350 Attention to the needs of the individual student must be central to the IEP process. Social skills of students with ASD may beneﬁt 24 FROM THE AMERICAN ACADEMY OF PEDIATRICS Downloaded from",Identification Evaluation and Management of Children with Autism,24,identification_guide
5c27667b-4404-4193-8eb3-b39c38617a48,http://publications.aap.org/pediatrics/article-pdf/145/1/e20193447/1078920/peds_20193447.pdf by guest,Identification Evaluation and Management of Children with Autism,24,identification_guide
4262b89e-ddbc-481b-8e0c-0a6c335d4c98,"from students being in class and on the playground with peers with typical development.351,352 However, spending more than 75% of their time in an inclusive educational setting alone was not sufﬁcient in transition-aged youth to increase rates of college attendance, high school graduation, or functional ratings.353 How to best support students with ASD in the least restricted environment requires further study. Social Skills Instruction Social skills deﬁcits may present differently depending on",Identification Evaluation and Management of Children with Autism,25,identification_guide
f6ed6800-57b9-4290-be65-996bd557db7b,"language abilities, developmental level, and age. Examples of social skills deﬁcits include the following: • challenges with entering, sustaining, and exiting interactions; • difﬁculty attending to, understanding, and using nonverbal and verbal social cues, such as eye contact, facial expressions, and gestures; • difﬁculty in understanding “unwritten” social rules of the environment; • not understanding the perspective of others; • struggling with negotiation, compromise, and conﬂict resolution;",Identification Evaluation and Management of Children with Autism,25,identification_guide
6e37fc9c-dd4d-43bb-b1d3-616807808bb3,"and • problems with interactive play or participation in leisure activities. The importance of caregiver involvement in teaching social skills to preschool-aged children needs to be emphasized for families of young children with ASD. Reinforcing social interaction is central to the success of evidence-based ABA, developmental, and NDBI approaches.296,354 Teaching and coaching social interaction involves both behavioral therapy and speech and language therapy approaches. School-aged children and",Identification Evaluation and Management of Children with Autism,25,identification_guide
eef0ec88-4599-4717-936e-ff5506c58d53,"adolescents with ASD, including those with typical academic skills, should have social skills support considered in their school and perhaps in other therapeutic settings if indicated.351,354–356 Although families identify the need to address social skill developments in settings outside of school, the success of these types of interventions is variable. Interventions may be divided into adult-mediated (skill building with the individual child), peer-mediated (skill building with the child and",Identification Evaluation and Management of Children with Autism,25,identification_guide
ca22528a-08c5-41b0-8858-5a24dd54e2d4,"typically developing classmates), and mixed approaches. Child-directed social skills interventions are often delivered individually or in small groups with other children with similar needs. Therapy may be provided in behavioral health settings to complement the social skills interventions at school. Interventions addressing social skills may increase the child’s knowledge of the cues for social behavior and teach strategies for social problem- solving. A popular method uses the social narrative",Identification Evaluation and Management of Children with Autism,25,identification_guide
078ebee7-58a9-4f78-866f-61a8cef0e5f3,"to help a child deﬁne the social context of an anticipated or experienced situation, put it in perspective, and then develop statements on how it makes the child feel and on what to do in response to the event and feelings.357 This coached rehearsal strategy may be included within other programmatic approaches. Implementation may use a cognitive behavioral intervention strategy in which the child identiﬁes feelings and thoughts and learns to substitute more socially appropriate alternatives.354",Identification Evaluation and Management of Children with Autism,25,identification_guide
dfc3dfb6-c7cf-4fc2-876c-a0115a05e40e,Video- and computer-based social skill interventions may extend access to intervention once an evidence base is established. A systematic review of RCTs of social skills training for children aged 6 to 21 years revealed that interventions improved social competence and friendship quality but did not result in differences in emotional recognition and social communication. Transfer of skills to other settings was inconsistent.356 Because child-mediated interventions taught separately from social,Identification Evaluation and Management of Children with Autism,25,identification_guide
4ee0702c-e812-4e2a-96d6-a1ae5927486d,"settings have not had consistently beneﬁcial effects, interventions have been developed for implementation in the social settings that include peers, such as the classroom and playground. These interventions demonstrate improved playground interaction between children with and without ASD and improved identiﬁcation as friends by typical peers.351 Peer-mediated intervention for students with ASD have revealed improved social connectedness and reduced social isolation and provide evidence to",Identification Evaluation and Management of Children with Autism,25,identification_guide
e561351b-e82b-4c13-9b1f-2beb1e88e86f,"support the use of these interventions in the classroom and playground. An evidence-based approach designed for group administration, the Program for the Education and Enrichment of Relational Skills, may improve both teacher-reported social functioning and adolescent-reported social cognition.358 Fewer studies are available to guide programs to promote social skills development for adults with ASD. However, the Program for the Education and Enrichment of Relational Skills group model has been",Identification Evaluation and Management of Children with Autism,25,identification_guide
17aa2fcd-d93b-43bd-ac52-379076cf740f,"demonstrated to improve social skills in young adults with ASD.359 Families should be counseled to include development of social skills with discrete goals and interventions in the IEP or educational plan as well as to be cognizant of potential opportunities to promote social interaction in the natural environment and in the context of other therapies.360 Implementing IEP goals across the day and generalizing speciﬁc skills to promote conversation and nonverbal communication, such as providing",Identification Evaluation and Management of Children with Autism,25,identification_guide
a08bbbb0-3a2c-4268-8abe-9264e7e9b8bb,"eye contact, directing facial expressions, and using appropriate gestures, is important, independent of age, and should involve both the caregivers and professionals. More information about IEPs in PEDIATRICS Volume 145, number 1, January 2020 25 Downloaded from http://publications.aap.org/pediatrics/article-pdf/145/1/e20193447/1078920/peds_20193447.pdf by guest",Identification Evaluation and Management of Children with Autism,25,identification_guide
dd7173b8-7185-4550-bbf6-6f1425abf2c6,"general can be found at http://www. wrightslaw.com/info/iep.index.htm. Other Therapeutic Interventions Speech and Language Interventions Delayed language is an early concern for many children who are later diagnosed with ASD. The communication symptoms included in the DSM-5 criteria for ASD reﬂect core deﬁcits in social communication and interaction, such as failure of back-and-forth communication, deﬁcits in nonverbal communication (such as eye gaze and use of gesture), difﬁculty adjusting",Identification Evaluation and Management of Children with Autism,26,identification_guide
5cb0102e-d0b2-450c-9001-e08833533827,"behavior to suit the social context, and restricted and repetitive behaviors leading to perseverative vocalization, echolalia, and preoccupation with restricted topics of interest. All children with ASD should have documentation of speciﬁc coexisting speech and language diagnoses so that appropriate intervention might be provided. Speech-language therapy is the most commonly identiﬁed intervention provided for children with ASD.361 The strategies used by speech- language pathologists to reinforce",Identification Evaluation and Management of Children with Autism,26,identification_guide
429318f0-49bc-4e91-b157-1fbfb9279e14,"sound repetition and word use in children with typical development are often initially used with young children with ASD. Such strategies include reinforcement of speech sounds and communicative acts, imitation of the sounds the child makes, and exaggerated imitation and slowed tempo.362 The literature offers the most support for approaches with preverbal children with ASD in which adult prompts are used for communication, prompt fading, and reinforcement of their own attempts at communication.",Identification Evaluation and Management of Children with Autism,26,identification_guide
2b1dd965-7290-4a36-be05-b0c7a15d74ac,"Intervention in naturalistic settings and involvement of caregivers may help reinforce the initiation of communication and functional use of sounds, gestures, and words. A signiﬁcant minority (up to 30%) of individuals with ASD ultimately do not acquire verbal speech.363 Delayed onset of speech may be complicated by general delays in development (intellectual disabilities) or coexisting speech disorders, such as childhood apraxia of speech. Although using communicative spoken phrases before age 4",Identification Evaluation and Management of Children with Autism,26,identification_guide
c0d1cecd-6bda-42bd-92ed-9de46d460998,"years is considered a good prognostic sign for language development in youth with ASD, emergence of phrase speech may occur to at least age 10 years, especially in children with preserved nonverbal skills and evidence of social engagement.364 When children do not spontaneously speak, augmentative and alternative communication (AAC) may be introduced. Examples of AAC strategies include sign language, the Picture Exchange Communication System, and speech-generating devices.365,366 The use of AAC",Identification Evaluation and Management of Children with Autism,26,identification_guide
ac4022c1-1d1b-4632-9869-0b5437b43611,"may help promote social interaction and understanding of the purpose of communication and does not delay onset of speech. Indeed, it may enhance emergence of spoken words by pairing nonverbal and verbal communication. The Picture Exchange Communication System is used to build communication through picture identiﬁcation and exchange as communication. With training, pictures can be sequenced to build on communicaiton.367 Picture strips that sequentially explain medical procedures, for example, take",Identification Evaluation and Management of Children with Autism,26,identification_guide
4228d263-deb3-451c-ba70-76e896832718,"advantage of this approach. Use of speech-generating devices and programs that use AAC on digital tablets also are increasing. These devices provide acoustic feedback to the child, and touch-screen tablets are relatively inexpensive and portable. Medical providers are often asked to justify the purchase of touch-screen tablets or AAC devices. It cannot be assumed that the use of AAC alone will lead to functional oral communication without a therapeutic plan.368 Current scientiﬁc evidence does not",Identification Evaluation and Management of Children with Autism,26,identification_guide
706e383a-dadd-4337-8c58-2007d151b78e,"support the use of facilitated communication in which a nonverbal individual is guided to communicate.369,370 This differs from AAC, in which the individual is taught to communicate independently. Future strategies to promote communication are expected to incorporate evolving knowledge about sensory processing and connectivity of brain functions in people with ASD. Children and youth with ASD often have deﬁcits in pragmatic language that can affect social interaction with adults and peers and",Identification Evaluation and Management of Children with Autism,26,identification_guide
c1400c2c-0762-40d3-b7f1-d4abca64b99f,"academic performance as more complex language becomes required for reading comprehension and analysis of information. In addition, literal interpretation of language and difﬁculty in understanding the intent of other people leads to behavioral challenges in some people with ASD and affects success in school, leisure activities, and employment. School- aged students with spoken language should have their pragmatic language assessed as part of their school- related reevaluations, with consideration",Identification Evaluation and Management of Children with Autism,26,identification_guide
fc325caa-d326-4efc-806c-ba301849334b,"of pragmatic language testing if academic problems and inattention are noted in the classroom. Interventions may include individual and group approaches that include teaching and practicing conversation. The pediatrician may refer the child for private speech- language therapy if he or she is not eligible for services in school or if increased intensity of intervention is desired. Although the impact of speech-language therapy on structural language improvement has not been adequately studied,",Identification Evaluation and Management of Children with Autism,26,identification_guide
7dc8cb5e-096c-4644-a248-e449e97fd6d4,improvement in ratings of conversational competence by parents and of classroom learning skills by teachers supports the recommendation for social skills and social language interventions for students with ASD.371 Motor Therapies Children with ASD may have low muscle tone or a developmental 26 FROM THE AMERICAN ACADEMY OF PEDIATRICS Downloaded from http://publications.aap.org/pediatrics/article-pdf/145/1/e20193447/1078920/peds_20193447.pdf by guest,Identification Evaluation and Management of Children with Autism,26,identification_guide
b34e2255-d24f-4788-af48-59ec995c52be,"coordination disorder. Although the ages for sitting and walking do not differ between children with ASD and children with typical development, both ﬁne and gross motor skills may be delayed in preschool-aged children with ASD.372 Attention to position in space in children with a coexisting diagnosis of ADHD may further complicate delays in coordination.373 Occupational therapy services may be indicated to promote ﬁne motor and adaptive skills, including self- care, toy use, and handwriting.",Identification Evaluation and Management of Children with Autism,27,identification_guide
1d02677c-05ac-4e9e-b90b-c10402f271ef,"Almost two-thirds of preschool-aged children with ASD are reported to receive occupational therapy services.374 Similarly, some children with ASD may have gross motor impairment on formal testing that may beneﬁt from therapeutic intervention focused on building strength, coordination, motor planning, or skill acquisition to promote safer mobility or play. Toe walking is common among children with ASD as well as in other developmental disorders in early childhood. The etiology of toe walking in",Identification Evaluation and Management of Children with Autism,27,identification_guide
b68a0541-ceb0-4cef-b963-01600090d32e,"ASD is unclear, although sensory aversion and habit or perseveration have been proposed. Common interventions for toe walking may include passive stretching, orthotics, and casting. Impairment in gross motor function may affect the capacity of a child with ASD to participate in leisure activities with the family or with peers and may impair participation in sports or interactive play beyond the effect of their social skills alone. Impaired motor skills may further decrease opportunities for",Identification Evaluation and Management of Children with Autism,27,identification_guide
4c76a108-2fd2-45b0-80d8-902472f1b665,"social skills development and active learning and may be a risk factor for overweight and obesity.375 For motor therapies to be provided in the educational setting, a signiﬁcant delay for age that affects function in school must be identiﬁed on a valid assessment measure. Sensory Therapies In 2012, the AAP published a clinical report, “Sensory Integration Therapies for Children With Developmental and Behavioral Disorders,” providing important background information and recommendations for",Identification Evaluation and Management of Children with Autism,27,identification_guide
dcc53231-ab5e-4e1f-b6af-f1658a74b95d,"pediatricians.376 Since that publication, the DSM-5 criteria now includes sensory symptoms in the diagnostic criteria for ASD in recognition of the fact that individuals with ASD have sensory challenges that may be related to repetitive and other challenging behaviors.377 Indeed, sensory symptoms exhibited by young children, such as food selectivity, covering their ears for certain sounds, and visual scrutiny of aspects of objects, may be among the earliest differences families identify in their",Identification Evaluation and Management of Children with Autism,27,identification_guide
86d7b4cb-8d44-49fc-94e9-190491c39128,"children’s development. Sensory goals may be included in treatment objectives for students with ASD. Adult-directed approaches provided through sensory-based interventions may be included in the context of motor and behavioral therapies and in educational settings. Despite the increasing scientiﬁc understanding of the neurobiological basis for sensory symptoms in individuals with ASD, empirical interventions in common practice have modest evidence to support their general use at this time.378",Identification Evaluation and Management of Children with Autism,27,identification_guide
eadfa1a3-2970-4799-a0ca-6c735eb9893d,"Commonly used sensory-based interventions, including brushing of the skin, proprioceptive stimulation by using weighted vests, or kinesthetic stimulation (such as swinging or use of specialized seating, such as a therapy ball, to modulate level of arousal), are not yet supported in the peer-reviewed literature. Proponents of sensory integration therapies distinguish them from interventions with sensory modalities because of the active engagement with the child in skill building or",Identification Evaluation and Management of Children with Autism,27,identification_guide
210f3299-d2fd-4a22-91b7-6e8cfcd4edb5,"desensitization. This type of therapy requires a trained clinician, often an occupational therapist, to work with a child by using play and sensory activities to reinforce adaptive responses. The therapist explains the child’s behaviors and responses to caregivers in sensory terms and provides them with strategies to help the caregivers accommodate the child’s sensory needs to decrease functional impairment and tolerate environmental triggers. Advocates of these interventions claim that",Identification Evaluation and Management of Children with Autism,27,identification_guide
2b9dd3ac-e7df-4558-8154-dc1fb690c726,"dysfunction in integration of sensory input contributes to inefﬁciencies in learning and to behavioral challenges and that therapeutic approaches to sensory integration need to be considered separately from focal sensory-based treatments.379 Although sensory-based therapies are among the most commonly requested therapies by caregivers,361 the evidence supporting their general use remains currently limited.378,379 As with any other intervention, speciﬁc goals for sensory-based therapies should be",Identification Evaluation and Management of Children with Autism,27,identification_guide
9591015d-bc52-404c-80c3-836a35febc21,"identiﬁed, and outcomes should be monitored so that the utility for any given child can be documented.376 Medical Management of Co-occurring Conditions Co-occurring medical and other conditions, such as seizures, sleep disorders, gastrointestinal (GI) disorders, feeding disorders, obesity, catatonia, and others, have a signiﬁcant effect on the health and quality of life for children and youth with ASD and their families.380,381 In this section, the co-existing conditions commonly observed in",Identification Evaluation and Management of Children with Autism,27,identification_guide
3b22edc9-b9ab-4535-9060-29c930f00a81,"children and youth with ASD are described, and anticipatory guidance and management strategies that primary care providers may consider are provided.380 Seizures There is both an increased risk for ASD among children and youth with epilepsy and an increased risk for seizures in those with ASD. The pooled risk for ASD among children PEDIATRICS Volume 145, number 1, January 2020 27 Downloaded from http://publications.aap.org/pediatrics/article-pdf/145/1/e20193447/1078920/peds_20193447.pdf by guest",Identification Evaluation and Management of Children with Autism,27,identification_guide
a232fca5-a6c5-40ef-a6d7-f22651ba70fd,"with epilepsy is 6.3%, with almost 5 times as many in samples with the highest rates of co-occurring intellectual disabilities.173,382,383 The rate of seizures among people with ASD in community-based populations has been reported to range from 7% to 23%, with rates as high as 46% reported in clinically ascertained samples.170 It has been suggested that the risk for seizures is not increased in individuals with ASD without intellectual disability. Risk factors for the increased likelihood of",Identification Evaluation and Management of Children with Autism,28,identification_guide
ce202c9a-0c46-4c76-9643-d6ebe15b933a,"seizures in people with ASD include intellectual disability (as noted), female sex, and lower gestational age.174 Speciﬁc genetic disorders associated with ASD, such as tuberous sclerosis, also may contribute to seizure risk in early childhood. Onset is bimodally distributed, with most ﬁrst seizures occurring in early childhood and in adolescence; 20% of ﬁrst seizures occur in adults with ASD.170 Children with ASD and seizures tend to have more behavioral challenges, independent of cognitive",Identification Evaluation and Management of Children with Autism,28,identification_guide
b6736bb7-7a55-4a07-be57-d506fd0bca03,"skills.382 Screening EEGs are not recommended for patients who are asymptomatic. An overnight EEG should be considered when the clinical history suggests seizures and atypical regression. Response to conventional antiepileptic drug therapy varies greatly, with some reports suggesting an increased risk for treatment-resistant epilepsy in individuals with early onset of seizures and delayed global development.384 GI Symptoms GI symptoms, such as abdominal pain, constipation, diarrhea,",Identification Evaluation and Management of Children with Autism,28,identification_guide
dc5f8d74-8a4c-4694-99a7-d535d88ffd20,"gastroesophageal reﬂux, and feeding problems, are more commonly reported in children and adolescents with ASD than in those with developmental delay or typical development.385–387 A large prospective cohort study revealed differences as early as 6 to 18 months of age in stooling patterns and feeding behaviors in children who were later diagnosed with ASD.388 Because of language delays and atypical sensory perception or report of pain, individuals with ASD may be less likely to report speciﬁc GI",Identification Evaluation and Management of Children with Autism,28,identification_guide
086642cd-895e-43b5-9fdb-c654924ebc12,"discomfort and may present with agitation, sleep disruption, or other behavioral symptoms rather than GI discomfort.387 Characteristics of ASD that might affect GI symptoms include resistance to change (feeding and constipation), comorbid anxiety (pain, feeding, and motility disorders),389 and altered sensory perception (pain, feeding, and constipation). At present, there is no evidence of an association of ASD with celiac disease, speciﬁc immune dysfunction, or motility disorders (eg,",Identification Evaluation and Management of Children with Autism,28,identification_guide
ecec301a-0eeb-477a-95a0-a839b48d5bb6,"gastroesophageal reﬂux) in children with ASD. It would be expected that these disorders would occur at least as frequently among individuals with ASD as among individuals in the general population, and they should be considered when the child has a history of GI symptoms or a change in behavior.390,391 Ongoing research is focused on whether differences are present in immunologic function, motility, or the microbiome in individuals with ASD.392–394 Selective eating is common in children with",Identification Evaluation and Management of Children with Autism,28,identification_guide
fff6b71a-f99c-4ef3-9d38-6626750370e7,"ASD.386 A limited diet may inﬂuence GI symptoms, such as constipation,395 and alter the intestinal microbiota. GI disorders should be considered in patients with ASD if they present with typical GI symptoms or with agitation, food refusal, or sleep disturbance.387,396 The indicated GI workup will depend on the speciﬁc symptoms. Children with ASD should be offered the same approaches to treatment of GI disorders as other children. Modiﬁcations of conventional interventions to accommodate for",Identification Evaluation and Management of Children with Autism,28,identification_guide
6ff1d113-9a19-4529-ab4c-ace0ecaaf04b,"symptoms of ASD might include consistent behaviorally informed approaches for constipation and encopresis. Feeding Disorders Up to three-quarters of children with ASD have problems related to eating, including food selectivity based on texture, color, or temperature; rituals around food presentation; and compulsive eating of certain foods.397–399 Behavioral refusal may also present as the child holding food in the mouth, volitional gagging, and emesis. Common related problems include pica (eating",Identification Evaluation and Management of Children with Autism,28,identification_guide
0889b91c-e1ff-4519-a9f9-f7862a6cbc84,"of nonfood items) and rumination (self-stimulatory emesis and reswallowing of stomach contents). By age 16 months, children who are later diagnosed with ASD are observed to be more selective in their eating patterns than are other toddlers.400 Problems around mealtime behavior and food choice often persist into adolescence. The frequency of feeding challenges in children and youth with ASD may relate to the core symptoms of restrictive and repetitive behavior and differences in sensory perception",Identification Evaluation and Management of Children with Autism,28,identification_guide
d9ae55ba-26e6-4c2e-b7ba-cccd3b80f340,"related to smell, taste, and texture.401 Children with developmental delays may also have delayed oral motor skill development and may demonstrate food refusal of textures that they cannot physically chew or swallow. Discomfort can lead to food refusal, so initial evaluation should include consideration of gastroesophageal reﬂux, dental pain, food allergies, lactose intolerance, and signiﬁcant constipation.387 If oral- motor concerns are observed, speech or occupational therapy assessment is",Identification Evaluation and Management of Children with Autism,28,identification_guide
02af9516-543e-42bd-8e65-e54752b7f734,"indicated. Because feeding problems are so common among children with ASD, a dietary history should be obtained at health supervision visits. Physiologic needs for macronutrients and micronutrients are the same for children with ASD as for other children. As with other children in the United States, insufﬁcient intake of ﬁber, vitamin D, and calcium are common.402 Rare cases of severe nutritional deﬁciencies, such as 28 FROM THE AMERICAN ACADEMY OF PEDIATRICS Downloaded from",Identification Evaluation and Management of Children with Autism,28,identification_guide
ad2c5174-5b18-43ce-bbc4-6cd7668ac72c,http://publications.aap.org/pediatrics/article-pdf/145/1/e20193447/1078920/peds_20193447.pdf by guest,Identification Evaluation and Management of Children with Autism,28,identification_guide
1b831273-9f3e-45c6-b907-c36f9d4300e8,"rickets (vitamin D),403 scurvy (vitamin C),404 and keratoconus (vitamin A),405 have been reported in children with ASD with severe food aversions. If supplements are used to correct for poor vitamin D or calcium intake, it is important to conﬁrm that the dose is sufﬁcient for the age and sex of the child.406 Food fortiﬁcation in the United States may supply adequate amounts of vitamins and minerals for some children with selective diets, so additional multivitamins may not be necessary.407",Identification Evaluation and Management of Children with Autism,29,identification_guide
ec537065-a165-411d-847b-a0b5242e8666,"Consultation with a registered dietitian may be helpful to be able to guide families regarding the nutritional sufﬁciency of their child’s diet. The clinician can counsel families about offering children routine meals and snacks, discouraging snacking through the day, promoting self- feeding, and using basic behavioral approaches to encourage mealtime structure and predictability with minimal distraction. Children with ASD need to be offered new foods multiple times to become familiar with them.",Identification Evaluation and Management of Children with Autism,29,identification_guide
9b6f3ef0-3a14-4e9e-ac1f-a05c00a31568,"Feeding problems that affect nutrition or family function or that are specialized, such as mouth packing, rumination, severe pica, and intense aversions, are likely to need the support of professionals with expertise in behavior management and/or oral-motor therapies (speech or occupational therapy).408,409 Food refusal may stem from discomfort, so consultation with a gastroenterologist may be helpful. Gastrostomy-tube placement and nonoral feeding should only be considered after appropriate",Identification Evaluation and Management of Children with Autism,29,identification_guide
a831128d-9471-4c70-b3f3-351a6b6829b7,"behavioral intervention has failed. Obesity Children and youth with ASD have greater risk for overweight and obesity than those in the general population.410–413 People with ASD have fewer opportunities and perhaps less interest for active leisure or organized sports, have repetitive eating patterns that may include energy-dense foods, and are more likely to be prescribed medications, such as atypical neuroleptics (or antipsychotic medication) and anticonvulsants, that often contribute to",Identification Evaluation and Management of Children with Autism,29,identification_guide
410373d7-30bc-498e-a0cb-0cb268833a5a,excessive weight gain. Sleep disorders may further predispose them for obesity. Primary care providers should monitor a child’s age-speciﬁc BMI percentile in the context of health supervision care and address modiﬁable risk factors through anticipatory guidance for their patients with ASD. Programs that address healthy weight for children and youth with typical development may need to be modiﬁed for successful use for patients with ASD.414 Dental Health Children with ASD commonly have unmet,Identification Evaluation and Management of Children with Autism,29,identification_guide
e453bc92-b368-4bec-91fd-d0b9507f4de6,"dental needs. Difﬁculty cooperating with hygiene and professional care are reported barriers for dental care. Even when insurance coverage is available, children with ASD have fewer visits for routine care.415 There are limited data about the prevalence of caries or gingival disease in children with ASD. As with other children, anticipatory guidance should include attention to dental hygiene and ﬂuoride use, if appropriate, from a young age. Behavioral strategies may be helpful to prevent the",Identification Evaluation and Management of Children with Autism,29,identification_guide
2dbb685d-216f-40c9-892d-50beb9a2b624,"need for dental care under sedation. Pica Children and youth with ASD may put nonfood items in their mouths long after the developmental period of early childhood, when pica is expected. Pica is reported in up to one-quarter of preschool-aged children with ASD and is documented to persist in individuals with intellectual disability.416,417 The persistence of pica may be attributable to sensory differences, perseveration or obsession, and oral exploration of the environment. Clinicians need to be",Identification Evaluation and Management of Children with Autism,29,identification_guide
cefb07c7-fa5f-44fb-b8ab-f48a5d8f376d,"aware of persistence of pica in children and youth with ASD because of the risk for toxic ingestions, risk for lead intoxication, potential for infection, and the risk for mechanical ingestions ranging from batteries to bezoars.418 Obstruction and perforation need to be considered in children with pica who have acute abdominal symptoms. Iron deﬁciency is associated with pica in the general population.419 Laboratory monitoring of blood lead and iron deﬁciency in children with pica is suggested in",Identification Evaluation and Management of Children with Autism,29,identification_guide
54de7720-24ae-4186-8c7d-ecab66426ad4,"the context of primary care. Behavioral intervention includes reinforcing appropriate behaviors, ensuring adult supervision, and putting into place environmental safeguards for prevention. Sleep Problems Sleep disturbance is common in individuals with ASD and may be associated with exacerbation of problematic daytime behavior.420–427 Problems with initiating and maintaining sleep are reported for 50% to 80% of children with ASD.428 Children who are later diagnosed with ASD are reported to have",Identification Evaluation and Management of Children with Autism,29,identification_guide
4da99a73-84bc-4a64-94a5-894d0188e90e,"had sleep problems by 30 months of age.429 Sleep problems in individuals with ASD persist; almost half of adolescents with ASD continue to have sleep symptoms.430 Adolescents are more likely to have shorter sleep duration, daytime sleepiness, and delayed sleep onset compared with younger children with ASD, who are more likely to have bedtime resistance, parasomnias, and night- waking. Reasons for the increased frequency of sleep disturbances in children and youth with ASD may include differences",Identification Evaluation and Management of Children with Autism,29,identification_guide
269cdd09-b009-4be2-9a57-b046cedd5035,"in melatonin metabolism,431 developmental disruption of other neurotransmitter systems critical to sleep, and lack of social expectations, among other explanations. Genetic disorders, such as Smith-Magenis syndrome, are associated with both ASD and sleep disruption.432 Biological reasons for disrupted sleep that are not unique to PEDIATRICS Volume 145, number 1, January 2020 29 Downloaded from http://publications.aap.org/pediatrics/article-pdf/145/1/e20193447/1078920/peds_20193447.pdf by guest",Identification Evaluation and Management of Children with Autism,29,identification_guide
df38172c-a5ca-4eeb-a7c2-636af575fee2,"children with ASD may include restless leg syndrome, which may be associated with low iron stores,433 and coexisting neurologic or behavioral diagnoses, such as epilepsy, anxiety, ADHD, or mood disorders. The most common cause of both delayed sleep onset and night wakings are learned behaviors. As with other children, the evaluation of the child with ASD with delayed sleep onset, night wakings, and/or early-morning wakings should include a history of comorbid medical conditions that might disrupt",Identification Evaluation and Management of Children with Autism,30,identification_guide
73e64b1c-4369-433a-847b-9bdaa396a0b1,"sleep, such as gastroesophageal reﬂux, seizures, asthma, allergies, eczema, or enuresis. Snoring might suggest obstructive sleep apnea and would prompt referral for additional assessment. Children who play video games or engage in other screen time close to bedtime have later bedtimes and may have more difﬁculty falling asleep.434,435 Restless sleep and night wakings would suggest a need for laboratory evaluation for ferritin and other indicators of iron sufﬁciency to determine if low iron stores",Identification Evaluation and Management of Children with Autism,30,identification_guide
1bb08853-463f-47a6-a2f1-5141053888ee,"might be present.428 An environmental history of the household may help to determine if household noise, parental work hours, or other factors may affect sleep. The bedtime routine and response to night-waking should be reviewed to determine the behavioral approaches to consider. Empirical support exists for the effectiveness of parent education and behavioral interventions for children with ASD and sleep disturbances.425,436–440 Behavioral intervention includes parents establishing bedtime",Identification Evaluation and Management of Children with Autism,30,identification_guide
43e82479-c3fa-4e59-9d40-aa93beedbf86,"routines and making clear their expectation that the child sleeps in his or her own bed. This may be difﬁcult to establish for children with ASD, who may not appreciate the social conventions around sleep time and may have repetitive rituals and comorbid anxiety or ADHD. Despite these challenges, behavioral strategies are successful when consistently implemented.440 No medication is currently approved by the US Food and Drug Administration for the treatment of insomnia in children with or without",Identification Evaluation and Management of Children with Autism,30,identification_guide
cac01e90-e1b2-49b1-aa55-3f01fcd6f9c5,"ASD. Any medication elected should be started at a low dose and monitored for adverse effects.427 Sleep onset may be aided by treatment with melatonin441,442 at doses from 1 to 6 mg443 and may be maintained with long-acting melatonin.442 Adverse effects are uncommon but may include nightmares. a-adrenergic agents (eg, clonidine) and antihistamines (eg, diphenhydramine) are often prescribed to help with sleep onset or to address night-waking in children, but the literature provides little support",Identification Evaluation and Management of Children with Autism,30,identification_guide
d2230041-9e0e-4f02-8e11-aab4907ed3de,"for their use.444,445 Disordered sleep is associated with challenging daytime behaviors in children with ASD446; addressing one may help with the other. Wandering Accidents, including drowning, are a major cause of morbidity and mortality in children and youth with developmental disabilities, including ASD.447,448 Children and youth with ASD may have decreased awareness of social convention and community rules as well as impulsivity and perseverative interests that draw them to potential dangers,",Identification Evaluation and Management of Children with Autism,30,identification_guide
51d91c71-e60f-4eb7-9123-608dda6c1789,"such as bodies of water and busy roads. Wandering off (also called elopement) places them at risk for injury. Wandering, if present, should be included in the problem list as a coexisting diagnosis in patients with ASD. In an online study, 1218 families of children with ASD were questioned about elopement.447 Nearly half of children with ASD between the ages of 4 and 10 years had tried to elope. Almost half of those children were missing long enough for their parents to contact the police. Of",Identification Evaluation and Management of Children with Autism,30,identification_guide
08a3e38f-a110-4c42-abda-dcd5063b5ce9,"those children, approximately two-thirds were at risk for trafﬁc-related injury and almost one-third were reported to have had near-drowning episodes. Data from a national survey revealed that elopement attempts in the past year were reported by approximately one-third of parents whose children had ASD with or without intellectual disability.449 Wandering may persist into adulthood. In the survey by Anderson et al,447 parents reported that the most common perceived reasons for elopement were",Identification Evaluation and Management of Children with Autism,30,identification_guide
3ce71e51-0325-486b-9385-30bc4079be0c,"enjoyment of running, attempts to get to a desired location (such as a park), pursuit of an intense interest (eg, water), and escape from situations or sensory events that made them anxious. Because the risk for elopement increases with the severity of ASD and with co-occurring intellectual disabilities, many of the individuals at greatest risk have limited language and cannot tell ﬁrst responders their names, addresses, or phone numbers if they get lost. Police may interpret aggression caused by",Identification Evaluation and Management of Children with Autism,30,identification_guide
63f0e696-581d-4e19-961e-68b85b5de3e5,"fear as combative behavior. Prevention is the most important intervention for elopement. Parents participating in a large national survey of children with special health care needs reported primarily using physical and electronic barriers to try to prevent elopement, especially in children who also had intellectual disabilities.447,449 Information on prevention and management of wandering is available for parents and clinicians (http:// nationalautismassociation.org/big- red-safety-box/).",Identification Evaluation and Management of Children with Autism,30,identification_guide
c309f2ec-448a-4497-9c5b-a03082ec584e,"Consistent, adequate adult supervision is important in all environments: school, home, and community settings. Families note that increased supervision needs result in increased family stress. Families may need to consider deadbolts, fencing, and alarm systems for safety as well as personal GPS devices and identiﬁcation bracelets or other identiﬁcation. Local law enforcement 30 FROM THE AMERICAN ACADEMY OF PEDIATRICS Downloaded from",Identification Evaluation and Management of Children with Autism,30,identification_guide
521935ff-1984-452c-ab99-c199c7eab80a,http://publications.aap.org/pediatrics/article-pdf/145/1/e20193447/1078920/peds_20193447.pdf by guest,Identification Evaluation and Management of Children with Autism,30,identification_guide
b0baf050-ca50-4e92-9595-359170cfd919,"agencies may support GPS tracking. Alerting neighbors and local law enforcement ofﬁcials as well as securing pools in the neighborhood and creating a family emergency plan are suggested. If impulsivity and motor hyperactivity contribute to elopement, examining the utility of medication as part of an overall plan may be considered. Similarly, addressing sleep issues becomes important if the child is at risk for wandering at night. Teaching safety skills and appropriate community behaviors is",Identification Evaluation and Management of Children with Autism,31,identification_guide
d3d4b37f-66b6-471e-8043-18394e93ff12,"critical to prevention. All children with ASD, no matter their level of cognitive skills, are at risk for wandering.449 Motor Disorders There is increasing appreciation that individuals with ASD may have developmental coordination disorder and other neurologic problems. Tic disorders occur with an increased frequency in children with ASD.450 Distinguishing complex tics from stereotyped movements may be challenging. Catatonia was added as a possible coexisting condition to ASD in the DSM-5. Slow",Identification Evaluation and Management of Children with Autism,31,identification_guide
2a011494-9dff-4b17-bc90-2d1b47cf840f,"initiation of movement and reported deterioration in motor performance have been treated with lorazepam, electroconvulsive therapy, and behavioral interventions, but the therapies do not have a strong literature base.451 Later loss of motor skills in adolescence should prompt evaluation by a neurologist for underlying reasons. Regression in language or social interest is reported in approximately one-quarter of children later diagnosed with ASD. It is recognized most commonly between 18 and 24",Identification Evaluation and Management of Children with Autism,31,identification_guide
7453f61f-ad6e-49bd-aa6b-cd93f78a0d9f,"months of age. Regression later in childhood requires evaluation. Co-occurring Behavioral Health Conditions Co-occurring behavioral symptoms include hyperactivity or inattention, aggression, outbursts, and self- injurious behaviors. Although these behaviors are not core features of ASD, they commonly interfere with functioning in school, at home, and in the community and contribute substantially to the challenges faced by families.293,294,381,452–457 Psychiatric conditions (such as ADHD, anxiety,",Identification Evaluation and Management of Children with Autism,31,identification_guide
26f41340-9b86-41e1-9f5a-2ad19f1f9081,"OCD, mood disorders, conduct disorders, or others) are identiﬁed in 70% to 90% of children and youth with ASD.458,459 Behavioral challenges have a signiﬁcant effect on health and quality of life for children and adolescents with ASD and their families.460 Patients with ASD, like other children and adolescents, should be regularly screened for behavioral and/or emotional conditions, as recommended by the AAP.461 The effect of behavior on home and school functioning is often assessed as part of",Identification Evaluation and Management of Children with Autism,31,identification_guide
e676a47c-1c31-4401-a549-1405a4b21f5f,"school testing by using parent and teacher questionnaires, such as the Behavior Assessment System for Children, Third Edition, Parent Rating Scales,79,462 or the Child Behavior Checklist.82,463,464 With change in behavioral symptoms, physical sources of discomfort and behavioral intervention should be considered.465 If behavioral interventions are insufﬁcient to address the challenges or are unavailable at the time, medication might be considered (see Table 10 for guidance on prescribing",Identification Evaluation and Management of Children with Autism,31,identification_guide
ae810b52-5435-4653-8cc9-4a87da82af20,"medication). ADHD Changes in DSM-5 criteria have provided ﬂexibility to diagnose other DSM-5 disorders in addition to ASD, which can help guide treatment. Approximately half of children and youth with ASD also may fulﬁll diagnostic criteria for ADHD.459 Pediatricians should keep in mind that some children who are later diagnosed with ASD may have been initially identiﬁed as having ADHD.69 Symptoms of ADHD may further compromise social skills function in children with ASD because of inattention to",Identification Evaluation and Management of Children with Autism,31,identification_guide
f3c21750-8f4c-4b94-994a-3c3f2180e5c5,"social cues and impulsivity. Standard rating scales used to assess symptoms of ADHD have not yet been validated for TABLE 10 Considerations Surrounding Medication Use No current medication corrects core social and communication symptoms of ASD Accurate diagnosis of coexisting psychiatric conditions guide therapy Medication is used to help manage • Coexisting behavioral health disorders (eg, ADHD, mood disorders, or anxiety disorders) • Associated problem behaviors or symptoms causing signiﬁcant",Identification Evaluation and Management of Children with Autism,31,identification_guide
27034044-cec6-4fa3-a3ed-8fd24b995108,"impairment and distress o Examples include the following: aggression, self-injurious behavior, sleep disturbance, mood lability, anxiety, hyperactivity, impulsivity, inattention Medication should only be considered after • Careful accounting of when the behavior started and what seems to exacerbate it • A functional behavioral assessment should guide development of a treatment plan in the school setting o Consider whether the behavior serves as communication of distress or refusal • Consider",Identification Evaluation and Management of Children with Autism,31,identification_guide
e785a487-7f37-45ff-85f9-42e08a4820c1,"referral to a behavior therapist outside of school to assess the reasons for the behavior, provide the family with strategies, and collaborate in care • Careful history and physical to look for medical factors that may cause or exacerbate challenging behaviors (eg, gastroesophageal reﬂux and acute sources of pain, such as otitis media, dental injury, fracture, and others)34,380,391,485,579 Consider medication after treatable medical conditions and behavioral factors assessed and intervention does",Identification Evaluation and Management of Children with Autism,31,identification_guide
1d1e9c19-4d6f-4f1b-9ffe-c5788f30db56,"not address the symptoms of concern Include the family and patient in shared decision making that considers their goals and values543 PEDIATRICS Volume 145, number 1, January 2020 31 Downloaded from http://publications.aap.org/pediatrics/article-pdf/145/1/e20193447/1078920/peds_20193447.pdf by guest",Identification Evaluation and Management of Children with Autism,31,identification_guide
b43ec938-f4b0-4c34-9603-8025090da2a3,"individuals with ASD. However, they are useful in determining the clinical impact of symptoms for an individual patient and in monitoring treatment. It is important, however, to consider the differential diagnosis of inattention and hyperactivity in the context of the language impairment and perseverative focus that often accompanies ASD. Children with delayed language may appear more inattentive. If they are expected to perform activities (including schoolwork) that they are not able to",Identification Evaluation and Management of Children with Autism,32,identification_guide
adbb9eed-9f13-48bf-8dba-85e64277f672,"understand or accomplish, a child with ASD may engage in behaviors to escape, which can be interpreted as inattention and hyperactivity. Patients with ASD may be focused on their perseverative interests and may be internally distracted, as opposed to distracted by the environment. Evaluation of the symptom of inattention or impulsivity includes assessing language and educational abilities. Appropriate educational modiﬁcations and use of language for instruction that the student can understand are",Identification Evaluation and Management of Children with Autism,32,identification_guide
d47c1c43-d2b5-4c6d-b6c6-34371e5b695d,"critical for successful intervention. Behavioral strategies should address reinforcement of on- task behaviors, breaking down tasks into units that can be completed successfully, breaks for activity (often included in sensory activities), and adult supervision appropriate for the demands. The same medications that are used for symptoms of ADHD in children without ASD are used in similar doses for children with ASD.466 Routine monitoring is important because children with ASD may be at greater",Identification Evaluation and Management of Children with Autism,32,identification_guide
23a776fc-7556-4a69-82d5-d87aa54fc2fd,"risk for adverse effects467 (Table 11). The evaluation of a child for a possible co-occurring diagnosis of ADHD also should include consideration of a co- occurring diagnosis of anxiety.464,466 Anxiety Disorders The DSM-5 classiﬁcation system separates anxiety disorders into separation anxiety disorder, selective mutism, speciﬁc phobia, social phobia, panic disorder, agoraphobia, and generalized anxiety disorder as well as unspeciﬁed anxiety disorder. As many as 40% to 66% of school- aged",Identification Evaluation and Management of Children with Autism,32,identification_guide
c29242ad-6d65-4c56-810c-29e8245415a0,"children and adults with ASD are reported to also have anxiety disorders.458,459 Anxiety disorders are most commonly identiﬁed in children with ASD and typical cognitive and language abilities.468,469 Symptoms may be present in early childhood and manifest as behavioral challenges, such as overreactivity. Biological predisposition to both ASD and anxiety may be attributable to common genetic factors and/or altered neurophysiologic responses to stress.470 Core symptoms of ASD decrease the ability",Identification Evaluation and Management of Children with Autism,32,identification_guide
48253302-d9a7-475b-ad8d-c527225a87e6,"of individuals with ASD to predict the actions or interpret the beliefs of others, which may lead to a constant state of heightened worry. Repetitive behaviors may, in part, serve to instill predictability, so anxiety may lead to increased stereotyped behaviors or perseverative thoughts. Evaluation of anxiety requires consideration of the language demands of the environment, academic expectations, social demands, and underlying fears or phobias. Youth with ASD may lack sufﬁcient language or",Identification Evaluation and Management of Children with Autism,32,identification_guide
c0f96947-3b3c-433a-8c9a-89de05d37785,"insight to describe their symptoms. Getting information from multiple sources and looking at the behavioral manifestations related to context will help to correctly identify anxiety in patients with ASD.471 Strong evidence from RCTs supports the use of cognitive behavioral therapy for anxiety symptoms in school-aged children with ASD, especially those with typical-range intelligence.295,298,472–475 Anxiety may be associated with reported GI and sensory symptoms.389 Some individuals ﬁnd that",Identification Evaluation and Management of Children with Autism,32,identification_guide
978dcf8a-0844-450e-847f-aaa4414c5511,"sensory redirection or sensory activities used in the context of a behavioral program are helpful to diminish feelings of anxiety. Other individuals may ﬁnd symptom relief with the introduction of routine and structure if anxiety is exacerbated by uncertainty or associated with sensory under- and overreactivity.377 Nonpharmacologic approaches, such as neurofeedback and digitally delivered approaches to self- regulation, are being evaluated for their therapeutic potential. Medications used for",Identification Evaluation and Management of Children with Autism,32,identification_guide
a0ff9032-f81f-499d-b296-0243fbcf1d76,"anxiety in the general population may be considered as part of an overall treatment plan for children and youth with ASD (see Table 11 for psychopharmacotherapy of children with ASD and anxiety). Mood Disorders Depressive disorders are more common among children and adults with ASD than in the general population. Reported rates of coexisting depression in adults and children are highly variable, ranging from 12% to 33%.458,476,477 Symptoms of depression are more likely to lead to dual mental",Identification Evaluation and Management of Children with Autism,32,identification_guide
960e89a2-b036-4f86-b091-be19a0965d4e,"health and developmental disability diagnoses in adolescents and adults with ASD than in children. The coexistence of mood disorders and ASD may be associated with genetic and neurobiological factors as well as environmental factors related to chronic stress and difﬁculty with understanding social situations. Both elevated and depressed mood may present as behavioral symptoms in youth with ASD. Changes in affect, participation, sleep habits, and eating may be symptoms of an underlying mood",Identification Evaluation and Management of Children with Autism,32,identification_guide
eaaacdcc-8dca-4a00-89f5-3fe41027dc81,"disorder. Attempted suicide is reported to occur more frequently in people with ASD than in the general population. Risk factors include peer victimization, behavioral problems, minority race or ethnicity, male sex, lower socioeconomic status, and lower level of education.478 The AAP recommends screening for depression in patients older than 12 years. Until ASD-speciﬁc measures are developed, the same approaches used for all other adolescents at increased risk for depression should be",Identification Evaluation and Management of Children with Autism,32,identification_guide
6c5df20c-0bdc-4c0a-ab16-153bfed84092,considered.479 32 FROM THE AMERICAN ACADEMY OF PEDIATRICS Downloaded from http://publications.aap.org/pediatrics/article-pdf/145/1/e20193447/1078920/peds_20193447.pdf by guest,Identification Evaluation and Management of Children with Autism,32,identification_guide
e1049c56-d157-4946-bb8d-9f3208929844,"TABLE 11 Psychotropic Medication Options for Common Target Symptoms Target Symptoms Medication Class (Examples) Comments Hyperactivity Impulsivity Inattention Distractibility Psychostimulants (methylphenidate, dexmethylphenidate, mixed amphetamine salts, lisdexamfetamine, dextroamphetamine)466,580–587 With other coexisting symptoms, medication may not appear as effective SNRIs (atomoxetine)588–590 May be more sensitive to adverse effects a-2 adrenergic agonists (clonidine, guanfacine)591–594",Identification Evaluation and Management of Children with Autism,33,identification_guide
aec36bcf-99af-4b76-b043-9ba19d177c4c,"Steps: Atypical (second generation) antipsychotics (aripiprazole, risperidone)595–598 • Behavioral approaches implemented • Problems persist, trial of medication management • Start with a low-dose stimulant (eg, methylphenidate or mixed dextroamphetamine salts) and increase as needed and tolerated May be most effective in children without comorbid intellectual disability Targets symptoms of impulsivity and hyperactivity • If there are adverse effects or if not effective: Consider atomoxetine,",Identification Evaluation and Management of Children with Autism,33,identification_guide
5eacacc2-7d94-41fb-9f6c-b411c50fd5b9,"especially if also with social anxiety Consider a-2 agonists (eg, short- or long-acting guanfacine, clonidine) Other medications (less evidence): atypical antipsychotic medications may decrease hyperactivity; their primary use is for irritability and aggression Adverse effects: Psychostimulants: appetite suppression and insomnia; also irritability, depressive symptoms, and social withdrawal; it does not appear to worsen repetitive behavior or oppositional behavior Guanfacine, clonidine:",Identification Evaluation and Management of Children with Autism,33,identification_guide
0e693ab2-208b-49e8-889d-5070c2ef83ef,"drowsiness, fatigue and irritability; may also include appetite suppression, nausea, sleep disturbance, and decreased blood pressure and heart rate; rebound if not weaned Irritability and severe disruptive behavior Atypical (second generation) antipsychotics (aripiprazole, risperidone)595–608 Medication most effective if combined with behavioral strategies addressing identiﬁed environmental causes for the behavior and developing more appropriate responses for the child • Vocal and motoric",Identification Evaluation and Management of Children with Autism,33,identification_guide
57a82fb2-95d9-42df-8167-224d4852e532,"outbursts of anger, frustration, and distress DB/PCs strong support for 2 second-generation atypical antipsychotic medications (risperidone and aripiprazole) for reducing irritability, stereotyped or repetitive movements, self-injury, and hyperactivity • Acts of aggression, self-injury, property destruction • Risperidone and aripiprazole are currently the only medications with FDA-approved labeling speciﬁc to irritability in ASD • Behaviors referred to by caregivers as “agitation,” “tantrums,”",Identification Evaluation and Management of Children with Autism,33,identification_guide
f616a620-98aa-4958-8d15-e901e7a76a6e,"“meltdowns,” or “rages” Adverse effects and monitoring: • Common adverse effects include wt gain and dyslipidemia • Monitoring: periodic assessment for extrapyramidal symptoms; measurement of wt, height, and BMI; and laboratory monitoring of glucose and lipid levels • Metformin might be a useful treatment to help control wt gain.609 Other agents in this class, such as olanzapine and quetiapine, may have utility on the basis of their adverse effect proﬁles but do not have current FDA package",Identification Evaluation and Management of Children with Autism,33,identification_guide
d154df7d-a89b-4bfd-84d9-833bda1109e3,"insert indication for use in children with ASD a-2 adrenergic agonists (clonidine, guanfacine)591,610 Small studies documenting beneﬁcial effects on irritability; need larger trials; may have better adverse effect proﬁles than atypical antipsychotics SSRIs (ﬂuvoxamine, citalopram)611,612 Few studies focused on irritability and/or aggression; some reporting improvement in irritability; insufﬁcient evidence to advise practice PEDIATRICS Volume 145, number 1, January 2020 33 Downloaded from",Identification Evaluation and Management of Children with Autism,33,identification_guide
fb2c0c7e-ff49-44cf-a515-99677d4779e2,http://publications.aap.org/pediatrics/article-pdf/145/1/e20193447/1078920/peds_20193447.pdf by guest,Identification Evaluation and Management of Children with Autism,33,identification_guide
9e43d0ee-e8aa-4303-9060-39a0109b9e93,TABLE 11 Continued Target Symptoms Medication Class (Examples) Comments Anticonvulsant mood stabilizers (valproic acid and divalproex sodium)613–618 Small studies suggestive of improvement in irritability; need larger studies; a limited number of placebo-controlled studies either do not support or are inconclusive regarding anticonvulsant medication as a treatment of irritability in patients with ASD Serotonin-norepinephrine reuptake inhibitor (venlafaxine)619 Effect size of improvement,Identification Evaluation and Management of Children with Autism,34,identification_guide
6b9cb1b1-468c-4a29-883a-b40ed4dc206d,"associated with venlafaxine was small, and irritability was not the primary outcome measured Repetitive behavior Atypical (second generation) antipsychotics (aripiprazole, risperidone)595–598,620 Multiple DB/PCs documenting improvement in repetitive behavior; short-term treatment • Stereotyped motor mannerisms Common adverse effects include increased appetite, fatigue, drowsiness, dizziness, and drooling • Compulsions More effective for targets of tantrums, aggression, and SIB • Behavioral",Identification Evaluation and Management of Children with Autism,34,identification_guide
44f46bbd-5893-449d-addb-eacaf8d27a83,"rigidity, insistence on sameness Anticonvulsants (valproic acid and divalproex sodium)613,621,622 Modest improvement has been reported with divalproex sodium treatment May have improvement with topiramate as a second agent with risperidone Most antiseizure drugs have potential for sedation, cognitive adverse events SSRI (ﬂuoxetine, ﬂuvoxamine)480,509,611,612,623–627 Studies to date have not revealed effectiveness of SSRI medications for repetitive behaviors related to ASD, although they may",Identification Evaluation and Management of Children with Autism,34,identification_guide
3b587bbd-8324-4fc8-9fdb-3d14c0b421e0,"diminish anxiety SSRIs may be effective for reducing symptoms of OCD and of anxiety when included in a comprehensive approach to treatment Need comprehensive behavioral approaches to minimize repetitive behaviors Anxiety, depression SSRIs469,628 Anxiety relief has been reported in trials of citalopram and buspirone, with ﬂuvoxamine revealing some effect in female patients with ASD; documented utility in children and youth without ASD a-adrenergic (clonidine, guanfacine) Hyperactivation is an",Identification Evaluation and Management of Children with Autism,34,identification_guide
c4fdeb0a-0b6a-466f-82c0-58510ecf8f7f,"adverse effect of SSRIs in children and youth with ASD that may result in stopping the medication The anxiety disorders most amenable to treatment are generalized anxiety disorder, separation anxiety disorder, and social phobias Atypical (second generation) antipsychotics469,620 If a mood dysregulation disorder is identiﬁed, treatment with a mood stabilizer and/or a second-generation antipsychotic is recommended, although an SSRI may be used to treat comorbid anxiety, OCD, or depression;",Identification Evaluation and Management of Children with Autism,34,identification_guide
58f09e7a-e915-4201-a270-e752aea1c882,"behavioral activation with hypomanic or manic switches has been reported First-line treatment is a program of cognitive behavioral therapy to reduce symptoms472–475 Few studies have examined the speciﬁc effects for these symptoms; clinicians may consider use of these agents; although SSRIs, SNRIs, and/or buspirone may be effective for the treatment of anxiety in children with ASD, they have not been rigorously evaluated for this purpose507,626,627,629,630 Medications to consider include",Identification Evaluation and Management of Children with Autism,34,identification_guide
7887868e-20cb-4dc3-ba38-e07c51d04890,"sertraline, ﬂuoxetine, citalopram, or escitalopram for symptoms of anxiety and a-2 agonists (eg, guanfacine and clonidine and b-blockers such as propranolol), which may be useful for anxiety- related physiologic symptoms and behavioral dysregulation, and a short-acting benzodiazepine, such as lorazepam, could be considered for event related anxiety DB/PC, double-blind placebo-controlled trial; FDA, US Food and Drug Administration; SIB, self-injurious behavior; SNRI, selective norepinephrine",Identification Evaluation and Management of Children with Autism,34,identification_guide
7e7e0045-27d8-4616-bf67-a7ae22c378b9,"reuptake inhibitor. Adapted from Riddle MA. Pediatric Psychopharmacology for Primary Care. 1st ed. Elk Grove Village, IL: American Academy of Pediatrics; 2016. 34 FROM THE AMERICAN ACADEMY OF PEDIATRICS Downloaded from http://publications.aap.org/pediatrics/article-pdf/145/1/e20193447/1078920/peds_20193447.pdf by guest",Identification Evaluation and Management of Children with Autism,34,identification_guide
9f6dfe83-cd3a-4bdb-9ff1-fac5123fa3b6,"As in children and youth with typical development, assessment of depression and other mood disorders must include family history, history of environmental stressors, the potential for toxic ingestions, and evaluation for comorbid conditions. Interventions for depression include supportive therapy, cognitive behavioral therapy, and medication, if indicated, as coordinated interventions (see Table 11 for medication use). Antidepressant use in people with ASD has not been demonstrated to address",Identification Evaluation and Management of Children with Autism,35,identification_guide
a05b0e0a-3da7-4d9b-b044-3db97b6f9c59,"aggression and has inconsistent effect on anxiety.480 Medication recommendations are based on data from the general pediatric population and expert consensus.469 The DSM-5 criteria for bipolar illness include changes in activity, energy, and mood. It may be difﬁcult to make a diagnosis in people with ASD with limited language. The co-occurrence of bipolar illness and ASD in individuals with typical intelligence ranges from 6% to 21%.481 Lifetime diagnosis of bipolar illness in adults with ASD is",Identification Evaluation and Management of Children with Autism,35,identification_guide
95dc4204-8348-4434-ad2f-b914ed40acea,"reported to be 9%.458 OCD-Related Disorders Although restricted and repetitive behaviors are symptoms of ASD, some individuals with ASD may also have coexisting OCD. Obsessions are recurrent, unwanted, and persistent thoughts, images, or urges that cause distress. Compulsions are repetitive behaviors or thoughts with rigid rules performed to reduce anxiety. Unlike the stereotypic behaviors of ASD, compulsions usually follow an obsession, diminish anxiety, and are not desired by the individual or",Identification Evaluation and Management of Children with Autism,35,identification_guide
cac923e1-aae9-47df-8525-1a9f071b68a3,"perceived as pleasurable.482 Under the DSM-5, OCD-related disorders include hoarding disorder, excoriation (skin-picking) disorder, trichotillomania, substance- or medication-induced obsessive- compulsive and related disorder, and obsessive-compulsive and related disorder due to another medical condition. The perseverations associated with ASD may be qualitatively different and less sophisticated than the repetitive and intrusive thoughts and actions associated with OCD.483 Repetitive behaviors",Identification Evaluation and Management of Children with Autism,35,identification_guide
e8882627-2c3d-4768-8556-2c9edf5b7e5b,"in general may help an individual with ASD regain a sense of predictability. Anxiety, phobias, and/ or depression may coexist with OCD in youth with ASD. Behavioral approaches are recommended as the ﬁrst line of treatment of symptoms of OCD, depending on the language and cognitive level of the patient. Cognitive behavioral therapy, including exposure and response prevention with or without a selective serotonin reuptake inhibiter, has been demonstrated to be the most effective treatment for youth",Identification Evaluation and Management of Children with Autism,35,identification_guide
0f4b9d72-0589-428a-af90-54678a01121a,"with OCD who do not have ASD. Cognitive behavioral therapy may be less effective, with fewer remissions, in youth who also have ASD484 (see Table 11 for medication management). Disruptive Behavior Disorders: Aggression, Self-Injurious Behavior, and Tantrums Disruptive behaviors, such as aggression, self-injury, and tantrums, may complicate home and community management of individuals with ASD. Behavioral outbursts may occur in response to stressful events in the environment, in reaction to a",Identification Evaluation and Management of Children with Autism,35,identification_guide
9cba9dd4-98bc-4746-b805-a6f3feb283c4,"medical condition, as functional communication, or as a symptom supporting diagnosis of a co- occurring mental health disorder.485 Functional behavioral analysis and implementation of behavioral strategies can be an important initial step in management.486 A proposed pathway for the primary care setting for management of irritability that leads to disruptive behaviors in youth with ASD is proposed by McGuire et al.485 Disruptive behaviors may serve as communication to escape from a demand or an",Identification Evaluation and Management of Children with Autism,35,identification_guide
fdd5e228-fe8a-40a2-bbce-2977a8b78241,"undesired situation. If successful, they may become part of a behavioral pattern. New onset of severe behaviors requires consideration of potential medical reasons (see Table 12). Pharmacologic treatment should be considered if no medical etiology is identiﬁed and if the behavior is associated with irritability, is not responsive to available behavioral interventions, or is related to a co- occurring diagnosable behavioral health disorder, such as anxiety, mood TABLE 12 Common Presentations of",Identification Evaluation and Management of Children with Autism,35,identification_guide
78b0148f-a996-47b8-873e-f19f418a0bbc,"Self-Injurious Behavior and the Medical Conditions to Consider If New Onset Type of Self-Injury Potential Associated Conditions Potential Associated Injury Head banging Headache, toothache, sinus infection, ear infection Detached retina, abrasions, contusions Head hitting or slapping Headache, toothache, sinus infection, ear infection Fracture of bones in hand, detached retina, abrasions, contusions Eye poking Vision loss, eye pain Eye abrasion Gum or tooth digging or banging Dental pain,",Identification Evaluation and Management of Children with Autism,35,identification_guide
d37e3f8c-f066-4c4e-b8e3-4fb806002351,"gingivitis Gum injury, tooth autoextraction, tooth fracture Scratching and skin picking Allergy, eczema, drug reaction, skin infection or infestation (eg, ﬂeas, scabies) Infection, scarring Finger and toenail biting or picking Pain Infection, nail removal, ingrown nails, paronychia Kicking or stomping Restless leg syndrome, leg pain Bruises, fractures Rumination Gastroesophageal reﬂux, eosinophilic esophagitis Esophageal ulceration and bleeding, dental damage, nutritional compromise, precancerous",Identification Evaluation and Management of Children with Autism,35,identification_guide
84af935a-7694-4f2b-bcbd-e096f5966ff7,"lesions of esophagus PEDIATRICS Volume 145, number 1, January 2020 35 Downloaded from http://publications.aap.org/pediatrics/article-pdf/145/1/e20193447/1078920/peds_20193447.pdf by guest",Identification Evaluation and Management of Children with Autism,35,identification_guide
8967f19d-11cb-4db5-ba93-6566a788bfd9,"disorders, thought disorders, and/ or ADHD. It has been reported that between 8% and 68% of children with ASD demonstrate aggressive behavior, depending on how stringent the deﬁnition is.454 Aggressive behaviors were reported on the Child Behavior Checklist for one-quarter of children attending an ASD clinic, with similar rates from 2 to 16 years of age. Aggression was associated with hyperactivity, lower cognitive skills, sleep problems, and internalizing behaviors such as anxiety. There was no",Identification Evaluation and Management of Children with Autism,36,identification_guide
eb9b96a1-f13c-4b9f-b6df-7622e82123a7,association with sex. Researchers of other studies have observed increased rates of physical aggression in children with ASD who have lower adaptive skills and frequent repetitive behavior.487 Management of co- occurring sleep problems and hyperactivity may be helpful in a treatment plan488 that includes behavioral intervention to address aggression and targeted pharmacotherapy.487 Self-injurious behaviors are reported in 40% to 50% of individuals with ASD at some point across the lifespan489 and,Identification Evaluation and Management of Children with Autism,36,identification_guide
2b9e979c-50ad-4e61-aac5-0abc14fefd12,"may occur more frequently in people with ASD who also have aggressive behaviors and sleep problems.490 Self-injurious behaviors in individuals with ASD may be repetitive and self- stimulatory (such as scratching, pica, or rumination). Head banging and self-hitting may occur as part of a tantrum. Like aggression and other disruptive behaviors, self-injurious behaviors may serve as communication to escape from demands or situations that the individual does not want to be in. The type of",Identification Evaluation and Management of Children with Autism,36,identification_guide
c5e8b175-f834-4957-93f1-d20d09805a6f,"self-injurious behavior may change if the intervention of prevention or blocking is not associated with addressing the underlying reason for the behavior. Persistence of self-injurious behaviors in individuals with ASD is associated with more limited cognitive and language abilities, hyperactivity, impulsivity, repetitive behavior, and more challenges with social interaction.491 There is an association of self-injury with speciﬁc genetic disorders that are not associated with ASD, such as the",Identification Evaluation and Management of Children with Autism,36,identification_guide
6c177cd9-fc63-4d27-b8b8-56a4df0bd20f,"severe self-biting of Lesch-Nyhan syndrome. Self-injurious behavior is associated with genetic disorders that are also associated with ASD, such as Cornelia de Lange syndrome, fragile X syndrome, and Smith-Magenis syndrome.492 In the case of aggressive, self-injurious, and disruptive behaviors, the primary care provider needs to assess the safety of the child and family in an ongoing fashion. Referral to community services and for behavioral intervention should take place if behaviors are unsafe",Identification Evaluation and Management of Children with Autism,36,identification_guide
64cae0ee-6822-4004-9dd6-2aa2e7f1552c,"or if the patient is not responding to the treatment plan. Psychopharmacologic Approaches to Management The use of medications to treat behavioral and psychiatric symptoms in children and youth with ASD has increased signiﬁcantly since the publication of the 2007 AAP clinical reports.493,494 With a shortage of specialists, more medication management, including prescription of atypical antipsychotic medications, is taking place in the primary care setting.495,496 Large national studies of",Identification Evaluation and Management of Children with Autism,36,identification_guide
7de91b5a-4fe5-4d87-9a6e-bfe83424d6c9,"insurance claim data from Medicaid and commercial insurers reveal rates of psychopharmacology prescription for patients with ASD to be 56% to 65%.476,493,497 One or more psychotropic medications are prescribed for 1% of children with ASD younger than 3 years, for 10% to 11% of children aged 3 to 5 years, for 38% to 46% of children aged 6 to 11 years, and for 64% to 67% of adolescents aged 12 to 17 years.498,499 Psychotropic medication use increases with increased age, lower range of cognitive",Identification Evaluation and Management of Children with Autism,36,identification_guide
21148520-a580-4f10-a2a8-4448f9b5d345,"skills and/or presence of intellectual disability, and higher prevalence levels of challenging behavior or coexisting psychiatric diagnoses.476,497–501 Prescription of medication also appears to be affected by demographic factors, such as race, ethnicity, and geography.497,498,502 Reported polypharmacy rates range from 12% in a registry cohort recruited from diagnostic clinics499 to 29% to 35% in large studies of Medicaid claims data.476,493 Medication may be helpful to address co-occurring",Identification Evaluation and Management of Children with Autism,36,identification_guide
15d50424-64a7-425e-bd73-f7fd16f58faf,"symptoms or disorders. Clinicians should carefully weigh potential risks and beneﬁts before prescribing medication for behavior and use psychotropic medications as part of a comprehensive treatment approach. The prescribing clinician should understand the indications and contraindications, dosing, potential adverse effects, drug-drug interactions, and monitoring requirements of the medications they prescribe.6 Table 10 provides guidance for principles of prescribing medication, and Table 11 lists",Identification Evaluation and Management of Children with Autism,36,identification_guide
9869d816-ebcf-4b87-b756-ffe5c8765b13,"pharmaceutical options for common behavioral-symptom clusters. Psycho- pharmacogenomic testing for genetic variants that increase the likelihood of adverse effects is an emerging area for precision medicine. Prescribers should consider CYP2D6 and CYP2C19 metabolizer status in making medication decisions for selective serotonin reuptake inhibitors (SSRIs), for example, despite limited data at present to guide practice.503,504 The limited data on the utility of psycho- pharmacogenomic testing at",Identification Evaluation and Management of Children with Autism,36,identification_guide
ad463db6-b017-4e55-9bff-1f12c92fe5cc,"the time of this publication limits insurance coverage for many patients. Recommendations for testing are expected to rapidly change with ongoing research.503–505 Areas of Psychopharmacologic Research As the neurobiology of ASDs are better understood, novel psychopharmacologic agents might be developed that will better manage 36 FROM THE AMERICAN ACADEMY OF PEDIATRICS Downloaded from http://publications.aap.org/pediatrics/article-pdf/145/1/e20193447/1078920/peds_20193447.pdf by guest",Identification Evaluation and Management of Children with Autism,36,identification_guide
db92d3be-1ffe-48ef-9040-ecb6fe192519,"co-occurring symptoms and/or address core deﬁcits. Some potentially important lines of research involve medications that modulate metabolism of excitatory neurotransmitters (such as glutamate and g-aminobutiric acid), block acetylcholinesterase and/or nicotinic acid receptors, and act as hormones that naturally promote social afﬁliation (such as oxytocin and vasopressin). Drug trials involve newly formulated agents as well as repurposing exiting medications used for other purposes.506–509 Better",Identification Evaluation and Management of Children with Autism,37,identification_guide
f44a329e-0142-4f61-80c5-66489e52a313,"understanding of the neurobiology responsible for the symptoms of ASD will allow for the identiﬁcation of targeted psychopharmacologic interventions. The use of psycho- pharmacogenomics to identify which patients might genetically be at greater likelihood of beneﬁt or at increased risk for adverse effects from speciﬁc medications is an important area of research.510 Integrative, Complementary, and Alternative Therapies Despite the advances in understanding the neurobiology of ASD, many unanswered",Identification Evaluation and Management of Children with Autism,37,identification_guide
f75d3163-9f61-4a67-ac10-84671377f675,"questions remain about why ASD occurs and how best to treat it. Families often consider nutritional interventions and nonmedical therapies without a scientiﬁc evidence base to address the symptoms that conventional interventions cannot rapidly address, or there is limited access to conventional services in their community. Primary care providers are often asked about nonstandard interventions that are used in integrative practice or are promoted on the Internet, in the popular press, by other",Identification Evaluation and Management of Children with Autism,37,identification_guide
7a809659-fc8b-4a2c-b91e-7a1ccffaa82a,"families, and by celebrities.511–516 The National Center for Complementary and Integrative Health maintains a Web site in which current information on novel therapies in popular use for people with ASD is reviewed.517 In the past decade, an increasing number of interventions based on theories of causation of ASD that are, as yet, unproven have been examined in clinical trials. Appropriately designed trials have provided evidence to support some interventions, such as the dietary supplement",Identification Evaluation and Management of Children with Autism,37,identification_guide
8e5a3f4b-2aab-4cb1-addc-29294ba16fd7,"melatonin, and have disproven others, such as secretin.518 Many interventions, although still widely used, remain unproven. Complementary therapies are often attractive to families because they are purported to correct putative biological causes of behavioral symptoms and may be discussed with an optimism about outcome that is often not conveyed with the recommendation for conventional therapies. Between 28% and 74% of children with ASD are given at least 1, and usually more than 1, complementary",Identification Evaluation and Management of Children with Autism,37,identification_guide
b6fee068-64f4-4355-98bf-738a0caadd03,"therapy.519–521 Although use of novel therapies is common among children with a range of developmental disabilities, children with ASD who are irritable or overactive or who are reported to have food allergies may be more likely to be given additional therapies.522 Complementary, alternative, and integrative therapies used for ASD can be grouped into 3 general areas: (1) natural products (including herbs, vitamins and minerals, and probiotics), (2) mind and body practices (including yoga,",Identification Evaluation and Management of Children with Autism,37,identification_guide
561e3d3f-3283-4c0f-900d-94b5072ede45,"chiropractic, massage, acupuncture, progressive relaxation, and guided imagery), and (3) other therapies (including traditional medicine and naturopathy).517 Dietary interventions used to treat symptoms of ASD are perceived by many families as beneﬁcial because they are natural and without adverse effects. Dietary elimination of gluten- and casein-containing foods is often implemented in an attempt to ameliorate core symptoms of ASD, not on the basis of allergy or celiac disease.523,524 The",Identification Evaluation and Management of Children with Autism,37,identification_guide
45265a2d-a2af-4fef-9a6a-4f879a4c303a,"double-blind clinical trials to date have not demonstrated a treatment effect with diet.524,525 Whether a subgroup of children with GI symptoms might beneﬁt from these or other dietary interventions requires additional study. Children may be adequately nourished on a casein-free diet with calcium and vitamin D supplementation. Nutritional counseling is recommended if a trial of this diet is elected.406 It may be that improvement in unrelated conditions may inﬂuence behavioral symptoms (eg,",Identification Evaluation and Management of Children with Autism,37,identification_guide
a15805ce-58e7-45a5-bc9d-0061660089c5,"removal of dairy products may decrease irritability attributable to lactose intolerance). Dietary supplements are often given to children who are selective eaters by their families to compensate for a limited diet.406 However, many children with ASD are given vitamins and minerals to treat proposed biochemical abnormalities that have been proposed to be unique to ASD. Popular dietary supplements include vitamin D,526,527 vitamin B12,528 vitamin B6 with magnesium,529 omega-3 fatty acids,530 and",Identification Evaluation and Management of Children with Autism,37,identification_guide
f5126cc4-e8f6-4ff1-8c08-13e52ebbd9ae,"multivitamin preparations. The literature to date is controversial with respect to vitamin supplementation as a treatment of symptoms of ASD, and at this time, no conclusive evidence exists that people with ASD require different nutrient intake than that recommended in the Dietary Reference Intakes (https://www.ncbi. nlm.nih.gov/books/NBK225472/). The long-term risks of high-dose supplementation have not been studied.531 Although maternal folic acid status may provide biologically plausible risk",Identification Evaluation and Management of Children with Autism,37,identification_guide
5fcbe0d2-978d-4019-80cf-0381ac3d153e,"for ASD, there is no evidence that supplementing with B vitamins has therapeutic beneﬁt at this time, whether a child carries common variants in the MTHFR gene.532,533 Of dietary supplements in common use, melatonin has been demonstrated to be a safe and effective intervention for sleep in children with ASD.428 PEDIATRICS Volume 145, number 1, January 2020 37 Downloaded from http://publications.aap.org/pediatrics/article-pdf/145/1/e20193447/1078920/peds_20193447.pdf by guest",Identification Evaluation and Management of Children with Autism,37,identification_guide
83d8f984-576d-40f6-967a-7755862facbf,"Nonbiological interventions used for symptoms of ASD are popular and have also been increasingly studied. There has been conﬂicting evidence regarding the effect of music therapy,534 yoga,535,536 massage,537 and equine-assisted therapy538,539 on the symptoms of ASD in children, but evidence does not support these therapies for treatment of the core deﬁcits of ASD at this time. Evidence to date does not support the use of auditory integration training, in which an individual listens to altered",Identification Evaluation and Management of Children with Autism,38,identification_guide
0d714105-595e-46a8-b379-0994218ea334,"sounds through headphones in an effort to change auditory or other processing.540 Existing studies are insufﬁcient at this time to support dance therapy, drama therapy, and chiropractic therapy.541 Medical interventions used for nonstandard purposes also are sometimes prescribed for symptoms of ASD. Clinical trials do not support the use of antifungal agents, immunotherapy, or hyperbaric oxygen treatment, and concern for safety, in addition to lack of supporting data, cautions against chelation",Identification Evaluation and Management of Children with Autism,38,identification_guide
43f2a558-c293-4fcb-9c9f-8fc9a267fa0d,"therapy for children with ASD.516 As with any intervention, families electing a novel therapy should work with their therapeutic team to identify target symptoms they hope to address and develop a monitoring system to track change. Interventions should be implemented in a stepwise fashion so that proper attribution of effect is possible and confounding factors can be identiﬁed. It is important that the medical home provider and family collaborate to select and monitor safe and effective",Identification Evaluation and Management of Children with Autism,38,identification_guide
0c8085a7-47fc-4704-a0b0-139b3de96115,"interventions.542 SECTION 6: WORKING WITH FAMILIES Families play a key role in effective treatment for children with ASD. Recognition that individuals who are affected and their families are partners with the professionals in all aspects of planning a personal, local, and national agenda for ASD has emerged and has shaped approaches to community services as well as research planning.543 Provision of patient- and family-centered care requires the clinician to educate the family about the child’s",Identification Evaluation and Management of Children with Autism,38,identification_guide
9cdef838-fe3b-46b3-ae95-de86f9a64684,"health and engage in respectful dialogue. Resources to support the clinician in talking to families about the diagnosis include a toolkit developed by the Autism Speaks Autism Treatment Network (https://www. autismspeaks.org/tool-kit/atnair-p- guide-providing-feedback-families- affected-autism). Impact of ASD on the Family The impact of having a child with ASD on other family members and on society is considerable. Parents of children with ASD report more stress544,545 and increased costs546 than",Identification Evaluation and Management of Children with Autism,38,identification_guide
2083a0e0-8d82-4302-9b90-bc12e809eb09,"do parents who do not have a child with ASD. More than half of families report that a parent needs to cut back on work or stop working because of the care needs of the child.547 The largest societal costs associated with ASD are special education, residential care, and lost days of caregiver work.4 Peer support for families of children with ASD is associated with less parental stress, less negative mood, and more positive perceptions.548 Parents who understand more about their child’s ASD can",Identification Evaluation and Management of Children with Autism,38,identification_guide
f164aadf-ce52-463a-876b-540e387ea555,advocate for more intensive and appropriate services.549 Best practice includes giving families contact information for a family support group at the time of diagnosis. This support may be a local group that provides face-to-face interaction and community activities or an online community.550 Many families may not have the time or inclination at the time of diagnosis to communicate with other families affected by ASD but may ﬁnd the support useful later when they are facing the transitions of,Identification Evaluation and Management of Children with Autism,38,identification_guide
5ac53cea-120b-4bc4-9653-09e155072a05,"preschool, adolescence, or adulthood. National support groups that address a wider community of children and youth with special health care needs (such as Family Voices and Parent2Parent), autism-speciﬁc national support organizations (such as Autism Speaks and the Autism Society), and local organizations are effective in helping families obtain information and feel supported. Clinicians should familiarize themselves with national and local sources of support and information so that families can",Identification Evaluation and Management of Children with Autism,38,identification_guide
ded4145a-4734-4de1-b811-936da246ea19,be given Web sites or phone numbers at the time of diagnosis and again as indicated. State-speciﬁc information on services and Maternal and Child Health Bureau–supported programs are found online (https://mchb.hrsa. gov/maternal-child-health- initiatives/autism). It is important for providers to advocate for instructional material in other languages as well as be knowledgeable of other resources in their communities that can provide services or support to the culturally diverse groups they serve.,Identification Evaluation and Management of Children with Autism,38,identification_guide
6745645a-8cff-441e-84e4-7b3288392d6c,"Comorbid conditions, such as intellectual disability and/or psychiatric disorders, add to the impact of ASD on family functioning and access to care.551 Although families of older children and youth typically report fewer interactions with professionals, the stress on the parent related to the ASD diagnosis persists.552 Primary care providers should speak with families about the stresses associated with ASD and the health of other family members and make appropriate referrals, either for",Identification Evaluation and Management of Children with Autism,38,identification_guide
ea51c208-7312-4535-8074-284e1b14c23f,"supportive counseling for the caregivers or agencies that can address behavioral and respite needs of the child or to address unmet health needs in family members. The effect on siblings also needs to be considered in the context of both anticipatory guidance and primary care. Most siblings of children with ASD do not report having a sibling with a disability to be a negative experience; however, they, too, are at risk for increased stress and subsequent emotional problems.553 38 FROM THE",Identification Evaluation and Management of Children with Autism,38,identification_guide
55f2e5f6-4aff-461b-9b65-d045aa67fdfd,AMERICAN ACADEMY OF PEDIATRICS Downloaded from http://publications.aap.org/pediatrics/article-pdf/145/1/e20193447/1078920/peds_20193447.pdf by guest,Identification Evaluation and Management of Children with Autism,38,identification_guide
228c06d7-82cb-4f37-a7af-5bfc3a0ad524,"Siblings may have precocious involvement in the care of the child with ASD, and some resent the amount of attention and resources the child with ASD requires or the family’s inability to participate in activities in which they see their peers engaging. Proactively teaching siblings about ASD and providing them with peer support may be helpful (Autism Speaks Sibling tool kit: http://www.autismspeaks.org/ sites/default/ﬁles/a_siblings_guide_ to_autism.pdf). Many areas have groups to provide",Identification Evaluation and Management of Children with Autism,39,identification_guide
b98de6d8-c3bc-4911-aff1-738869eb7f29,"education and support to siblings. It appears that positive parental attitudes and a supportive family setting are associated with better sibling adjustment as well. The pediatrician should monitor the well-being and need for behavioral health supports of siblings as well as parents. Medical Home In the AAP’s medical home model, primary care is envisioned as accessible, continuous, comprehensive, family centered, coordinated, compassionate, and culturally sensitive for all children and youth,",Identification Evaluation and Management of Children with Autism,39,identification_guide
7f201cd4-d0a6-4e2d-bbd8-4bde0a9d7448,"including those with special health care needs. Children with ASD represent a population that has had difﬁculty accessing comprehensive coordinated services. The chronic care model provides the structure for clinicians to collaborate with patients and their families.554 Parents of children with ASD perceive care to be less comprehensive, less well coordinated, and less family centered than they desire and report that they are less satisﬁed with their care compared with parents of children with",Identification Evaluation and Management of Children with Autism,39,identification_guide
65f0f2d1-eded-4fe6-987a-e924a7152f56,"other special health care needs.555 Parents also perceive their providers as less well informed regarding treatments for ASD, especially complementary, alternative, and integrative therapies, than they would like them to be. Pediatricians report that they lack the knowledge to provide this support to patients with ASD556 as well as the time and resources for specialized care.555,557 Parents of children and youth with ASD would like better access to specialty care and report greater unmet medical",Identification Evaluation and Management of Children with Autism,39,identification_guide
a7e7d771-7616-441c-a5d9-b4d00081d008,"and behavioral health care needs558 and a higher ﬁnancial burden for care compared with parents of children without ASD.559 Increasing family awareness and understanding of the medical home can promote partnership of the parents and primary care provider in planning and coordinating the child’s care and advocating for their needs. National survey data reveal that family-centered and coordinated care through a medical home results in fewer unmet needs,558 including dental needs.560 Organizations,",Identification Evaluation and Management of Children with Autism,39,identification_guide
f6ccdc0f-dbd3-4148-8409-6bb37168a033,"such as Family Voices and Family-to- Family Health Information Centers, can provide information and support as well as resources for guiding families in developing care notebooks for their child. Through their ongoing relationship, providers can help children understand their own diagnosis at their developmental level. Clinicians can remind their patients with ASD of their strengths, such as focus, memory, visual-spatial problem-solving, and others, as well as their personal accomplishments in",Identification Evaluation and Management of Children with Autism,39,identification_guide
efcf1023-d18e-45d7-956f-8429b1b099c1,"building skills and mastering barriers to achieve goals. Recognition of achievement of milestones, whether it is toilet training or college graduation, should be acknowledged. Shared decision-making promotes a collaborative process for planning care through dialogue among the individual who is affected, caregivers, and clinicians. It can be particularly useful when the evidence for an intervention is either controversial or if there is not a uniformly accepted approach.561 Shared decision-making",Identification Evaluation and Management of Children with Autism,39,identification_guide
2a18768d-7123-49b4-9c84-2c1057802d9e,"requires clarity of the question to be answered, the options to be understood, and the family context and beliefs to be respected. It is often a process rather than a single conversation. Helping children and youth with ASD understand their diagnosis within the context of their developmental level can help them understand their symptoms and participate in decision-making.562 Transition to Adulthood Planning for children with ASD to understand and participate in their own health care should begin",Identification Evaluation and Management of Children with Autism,39,identification_guide
3614e1ec-ce7b-419a-9199-d103b026a98a,"early in adolescence, with adaptation for developmental abilities. The AAP clinical report “Supporting the Health Care Transition From Adolescence to Adulthood in the Medical Home” provides guidance on the steps necessary to address health care transitions for all patients with chronic conditions.563 Got Transition recommends 6 core elements that need to be addressed for health care transition without disruption in care, including (1) a transition policy for the practice, (2) tracking and",Identification Evaluation and Management of Children with Autism,39,identification_guide
df3142e6-d27d-4aa8-b47d-04145d5d836c,"monitoring transition, (3) assessing transition readiness for youth and/or family, (4) actively planning the details of transition, (5) transfer of care, and (6) transition completion.564 The pediatric health care provider is also in a position to advise the family about teaching their adolescent with ASD about sexuality.565 Planning for wellness requires considering young adult opportunities for exercise and leisure activities. Planning for medical transition for all aspects of health care",Identification Evaluation and Management of Children with Autism,39,identification_guide
08450b5a-418c-434c-befd-f9727c48dea7,"should start around ages 12 to 14 years. Educational transition starts at the school level at age 14 years and should involve the student as much as possible. As a child approaches legal adulthood, the family may need to consider guardianship, either full guardianship in cases in which an adult child cannot make health, ﬁnancial, or other decisions because of cognitive impairment; limited guardianship in cases in which an individual can participate in decision- making; or conservatorship in cases",Identification Evaluation and Management of Children with Autism,39,identification_guide
08f37791-4a65-4fcd-a2e6-090727032115,"in which the oversight extends only to PEDIATRICS Volume 145, number 1, January 2020 39 Downloaded from http://publications.aap.org/pediatrics/article-pdf/145/1/e20193447/1078920/peds_20193447.pdf by guest",Identification Evaluation and Management of Children with Autism,39,identification_guide
e112a054-983b-46eb-a9be-56e631c29b6b,"ﬁnancial decision-making. Many young adults with ASD will be capable of independent decision- making and should be prepared for transition to adulthood like other teenagers. The young adult with ASD may be eligible for Supplemental Security Income (SSI) beneﬁts. SSI is a federal program that provides funds for the care of individuals with developmental disabilities who will not be able to support themselves independently. Because of the strict guidelines regarding cognitive and adaptive delays,",Identification Evaluation and Management of Children with Autism,40,identification_guide
40d65932-d4e4-4d92-9503-08799f8bbb3b,"some adults with ASD may not be eligible for SSI even if their disability is a barrier to employment. Families may wish to meet with a counselor who can advise them on ﬁnancial planning, with attention to the needs of an adult child with developmental disability. Students with disabilities who plan to continue their education need to be advised of the transitioning process into postsecondary education. Students with disabilities are protected under IDEA (1990; amended 1997 and 2004); Section 504",Identification Evaluation and Management of Children with Autism,40,identification_guide
4da9e9cd-1596-42f4-a446-eaa3b92f88f2,"of the Rehabilitation Act of 1973; the Americans with Disabilities Act (1990); and the ADA Amendments Act of 2008. Some colleges may provide accommodations to students with developmental disabilities with proper documentation of their needs, including recent academic testing. College students with ASD may beneﬁt from continued supports around social skills development, medication monitoring, and mentoring on living independently.566 Although resources are still insufﬁcient, attention is growing",Identification Evaluation and Management of Children with Autism,40,identification_guide
b31c7a83-0b59-454a-bdb3-48b4c97a689c,for the need to provide social skills training for youth with ASD with and without intellectual disabilities to enter the workforce in competitive employment as well as job skill development. There are insufﬁcient group-home and supported community–living arrangements for adults with ASD to meet the demands in most communities. The clinician should initiate discussions with parents regarding their plans for where their child with ASD will progress to postsecondary school education and/or,Identification Evaluation and Management of Children with Autism,40,identification_guide
8a2d31b8-a999-4685-b7b9-79f7be840ac0,"employment and their plans for where their child will live in adulthood early in adolescence so the family can plan appropriately with community agencies. Families should work with their child’s school throughout adolescence to target the skills their child will need to master to be successful in young adult programs, the workforce, or postsecondary education. Goals for increasing skills may include academic, social, communication, leisure, and self-care goals. Families need information to be as",Identification Evaluation and Management of Children with Autism,40,identification_guide
9082e50f-3e54-4af6-a4c9-8964e39fd53b,"proactive as possible in planning for health, academic, job, and residential needs in young adulthood. Additional research is needed to develop and evaluate evidence-based and effective interventions for this age group.314 The pediatric health care provider should provide anticipatory guidance to the family in the context of ongoing health supervision and communicate with identiﬁed adult providers for smooth health care transition.567 State Programs, Supports, and Laws State laws related to",Identification Evaluation and Management of Children with Autism,40,identification_guide
6b4e7d19-e3b3-4554-8298-392cc31c11f4,"education, social service, and insurance for individuals with ASD vary signiﬁcantly. Although the federal government mandates early intervention for children at risk for developmental delay and a free and appropriate education for students aged 3 to 21 years who have speciﬁc educationally handicapping conditions, the implementation of educational services varies by state and locality. The law states that services need to be appropriate, not necessarily optimal. No legal mandate for adult services",Identification Evaluation and Management of Children with Autism,40,identification_guide
c187bb83-5e74-4434-8b3b-15730081469c,"exists, although the agencies that provide residential services, service coordination, job training, and adult day services typically are funded through the states. The social services and home- and community-based waiver services available to families whose children have developmental disabilities, including ASD, differ from state to state.568 The clinician should be familiar with the requirements for programs in their state that might lead to a Medicaid waiver (medical assistance as a secondary",Identification Evaluation and Management of Children with Autism,40,identification_guide
585cbbe5-e20e-4e5b-8ca4-c5a857bdcd64,"insurance for children with special health care needs), service coordination, respite care, and other ﬁnancial or behavioral supports afforded a family when a child has special health care needs. The clinician may need to complete a form to verify the diagnosis and needs for eligibility. Of note, some children with ASD who have typical cognitive abilities may not qualify for many special education and social service supports. However, later on, at the time of transition to adulthood, if they",Identification Evaluation and Management of Children with Autism,40,identification_guide
2177b969-1392-43d8-aa45-c87a90b76bd9,"experience difﬁculty with employment and daily-living skills, they may qualify for support services. SECTION 7: RESEARCH AND SERVICE NEEDS More than $1.5 billion of private and public research funding was devoted to ASD between 2008 and 2010.569 The passage of the Combating Autism Act of 2006 (Public Law 109–416) and its reauthorization in 2014 as the Autism Collaboration, Accountability, Research, Education and Support Act (CARES) Act (Public Law 113–157) continued a trend in funding to address",Identification Evaluation and Management of Children with Autism,40,identification_guide
6a3709d6-12b2-40b1-9471-31d109b67d1b,"the intervention needs of individuals diagnosed with ASD. Before this time, research funding was largely focused on the genetics and neurobiology of the disorder. However, this changed with the convening of the National Institutes of Health Interagency Autism Coordinating Committee in 2006. The committee was assembled to provide guidance to the agencies funding autism services, and the research agenda was expanded on the basis of the contributions of stakeholders, including families, individuals",Identification Evaluation and Management of Children with Autism,40,identification_guide
c58b5cb1-7848-421f-9583-bef2cd4e29e6,40 FROM THE AMERICAN ACADEMY OF PEDIATRICS Downloaded from http://publications.aap.org/pediatrics/article-pdf/145/1/e20193447/1078920/peds_20193447.pdf by guest,Identification Evaluation and Management of Children with Autism,40,identification_guide
9eb954ba-a30f-46ab-8253-7360c23c8f88,"affected, and federal agencies. The committee’s 2009 strategic plan, updated in 2017,570 identiﬁed 7 areas for research funding: (1) early detection, (2) underlying biology, (3) genetic and environmental risk factors, (4) treatments and interventions, (5) services and implementation science, (6) lifespan services and supports, and (7) epidemiological surveillance and infrastructure.571 The committee recommended that multiple levels of inquiry be pursued simultaneously to inform evidence-based",Identification Evaluation and Management of Children with Autism,41,identification_guide
31fb38b0-c16b-41ef-8864-256cd2fe3de7,"clinical care. These levels include the following: • basic and translational science in the areas of genetics and epigenetics, neurobiology, and psychopharmacology to understand typical and atypical brain development and function to develop ASD-speciﬁc behavioral and pharmacologic therapies; additional research is needed to identify and understand ASD risk factors that might be mitigated to reduce ASD-related disability; • research into the underlying neurobiology of sensory symptoms and",Identification Evaluation and Management of Children with Autism,41,identification_guide
bbb97982-1d5e-4f45-9a05-7f8548153c23,"restricted interests and repetitive behaviors to inform development of targeted interventions; • clinical trials to test focused interventions based on the underlying biological processes involved with ASD to determine if they are appropriate for community application; • epidemiological surveillance to gather data important for planning for current and future needs, including screening, diagnosis, and lifespan health and mental health services; and • health services research to provide guidance",Identification Evaluation and Management of Children with Autism,41,identification_guide
3e548d66-8a6b-42d8-8acb-a0bc7f7343d4,"for comprehensive, accessible, and culturally appropriate medical, educational, and behavioral care for children, youth, adults, and families affected by ASD. Research in all of these areas is critical to move forward with early diagnosis, effective treatment, and evidence-based interventions at each age. PEDIATRIC RECOMMENDATIONS To provide appropriate care to all children and families affected by ASD, health, education, and public health systems need to collaborate and build integrated and",Identification Evaluation and Management of Children with Autism,41,identification_guide
30597557-2b3e-413c-83cc-a5157a87cf23,"adequately funded and staffed systems. • Early identiﬁcation and treatment: Pediatric providers should use screening and surveillance to provide accurate and early identiﬁcation, cost- effective and timely diagnosis, prompt implementation of evidence-based interventions, and elimination of disparities to access to care for children with ASD. Clinicians should respond appropriately to family or clinical concerns and results of screening to avoid delays in diagnosis and treatment. • Collaboration",Identification Evaluation and Management of Children with Autism,41,identification_guide
6050f0c5-a807-4999-aa18-fff4ea0df6da,"of systems of care: Children with ASD should be provided evidence-based services to address social, academic, and behavioral needs at home and school; access to appropriate pediatric and mental health care; respite services; and leisure activities. • Planning for adolescence and transition to adult systems of care: Communities should build services to promote social skills appropriate for work and postsecondary education, access to appropriate medical and behavioral health services, job skills",Identification Evaluation and Management of Children with Autism,41,identification_guide
3d8df1e8-4f1a-4362-930a-9d4453d0fec3,"development, and community leisure opportunities. Pediatricians need to engage with families and youth to plan a transition to adult medical and behavioral health care. The medical home provider should support the family and youth in advocating for appropriate postsecondary work or schooling, residential supports, and activities to maintain a healthy lifestyle. • Informed individuals and families: The pediatrician can educate youth with ASD and their families about the evidence for interventions,",Identification Evaluation and Management of Children with Autism,41,identification_guide
30d5c62e-337d-4931-a741-80d4cf895627,"refer families for possible participation in clinical research when appropriate, refer families to support organizations, and prepare families to navigate transitions. • Informed pediatric providers: To best serve patients and families affected by ASD, the clinician caring for children and youth with ASD should be familiar with issues related to diagnosis, coexisting medical and behavioral conditions, and the impact of ASD on the family to provide a medical home for these patients. Actively",Identification Evaluation and Management of Children with Autism,41,identification_guide
d8169852-0af7-4389-8173-4a1e085cff2e,"addressing capacity building to care for children and youth with ASD requires initiatives directed at provider education and practice quality improvement and public health, educational, and social programs to support families in their journey from diagnosis to service provision to transition to adult care. LEAD AUTHORS Susan L. Hyman, MD, FAAP Susan E. Levy, MD, MPH, FAAP Scott M. Myers, MD, FAAP CONTRIBUTORS Paul H. Lipkin, MD, FAAP Michelle M. Macias, MD, FAAP EDITOR Anne B. Rodgers COUNCIL ON",Identification Evaluation and Management of Children with Autism,41,identification_guide
27972c99-5035-41f4-b8a8-0f6935bbbf9b,"CHILDREN WITH DISABILITIES EXECUTIVE COMMITTEE, 2019–2020 Dennis Z. Kuo, MD, MHS, FAAP, Chairperson Susan Apkon, MD, FAAP Lynn F. Davidson, MD, FAAP Kathryn A. Ellerbeck, MD, FAAP Jessica E.A. Foster, MD, MPH, FAAP PEDIATRICS Volume 145, number 1, January 2020 41 Downloaded from http://publications.aap.org/pediatrics/article-pdf/145/1/e20193447/1078920/peds_20193447.pdf by guest",Identification Evaluation and Management of Children with Autism,41,identification_guide
39859f12-de04-4860-9e8a-67f32c86028c,"Susan L. Hyman, MD, FAAP Garey H. Noritz, MD, FAAP Mary O’Connor Leppert, MD, FAAP Barbara S. Saunders, DO, FAAP Christopher Stille, MD, MPH, FAAP Larry Yin, MD, MSPH, FAAP PAST COUNCIL ON CHILDREN WITH DISABILITIES EXECUTIVE COMMITTEE MEMBERS Timothy Brei, MD, FAAP Beth Ellen Davis, MD, MPH, FAAP Susan E. Levy, MD, MPH, FAAP Paul H. Lipkin, MD, FAAP Scott M. Myers, MD, FAAP Kenneth Norwood Jr, MD, FAAP, Immediate Past Chairperson LIAISONS Cara Coleman, MPH, JD – Family Voices Marie Mann, MD,",Identification Evaluation and Management of Children with Autism,42,identification_guide
3bf8a64d-9379-443e-acea-4e88d9684e84,"MPH, FAAP – Maternal and Child Health Bureau Edwin Simpser, MD, FAAP – Section on Home Care Peter J. Smith, MD, MA, FAAP – Section on Developmental and Behavioral Pediatrics Marshalyn Yeargin-Allsopp, MD, FAAP – Centers for Disease Control and Prevention STAFF Alexandra Kuznetsov, RD akuznetsov@ aap.org SECTION ON DEVELOPMENTAL AND BEHAVIORAL PEDIATRICS EXECUTIVE COMMITTEE, 2018–2019 Carol C. Weitzman, MD, FAAP, Chairperson David Omer Childers Jr, MD, FAAP Jack M. Levine, MD, FAAP Myriam",Identification Evaluation and Management of Children with Autism,42,identification_guide
ad2a26c1-7ba2-485a-b0be-12596efa9509,"Peralta-Carcelen, MD, MPH, FAAP Jennifer K. Poon, MD, FAAP Peter J. Smith, MD, MA, FAAP Nathan Jon Blum, MD, FAAP, Immediate Past Chairperson John Ichiro Takayama, MD, MPH, FAAP, Website Editor Rebecca Baum, MD, FAAP, Section Member, Committee on Psychosocial Aspects of Child and Family Health Robert G. Voigt, MD, FAAP, Newsletter Editor Carolyn Bridgemohan, MD, FAAP, Program Chairperson PAST SECTION ON DEVELOPMENTAL AND BEHAVIORAL PEDIATRICS EXECUTIVE COMMITTEE MEMBERS Nerissa S. Bauer, MD, MPH,",Identification Evaluation and Management of Children with Autism,42,identification_guide
c251c959-1e68-4992-bfe8-9c72cd60d9a8,"FAAP Edward Goldson, MD, FAAP Michelle M. Macias, MD, FAAP Laura Joan McGuinn, MD, FAAP LIAISONS Marilyn Augustyn, MD, FAAP – Society for Developmental and Behavioral Pediatrics Beth Ellen Davis, MD, MPH, FAAP – Council on Children With Disabilities Alice Meng, MD – Section on Pediatric Trainees Pamela C. High, MD, MS, FAAP – Former liaison, Society for Developmental and Behavioral Pediatrics STAFF Carolyn McCarty, PhD cmccarty@aap.org Linda Paul, MPH lpaul@aap.org ABBREVIATIONS AAC: augmentative",Identification Evaluation and Management of Children with Autism,42,identification_guide
9343e60c-8aa0-4d13-a1ab-850a54eb3147,"and alternative communication AAP: American Academy of Pediatrics ABA: applied behavior analysis ADDM: Autism and Developmental Disabilities Monitoring ADHD: attention-deﬁcit/ hyperactivity disorder ADI-R: Autism Diagnostic Inventory-Revised ADOS-2: Autism Diagnostic Observation Schedule, Second Edition ASD: autism spectrum disorder CARS-2: Childhood Autism Rating Scale, Second Edition CDC: Centers for Disease Control and Prevention CMA: chromosomal microarray CNV: copy number variant CTM:",Identification Evaluation and Management of Children with Autism,42,identification_guide
5888962c-3892-4d92-9bca-51952f20d89e,"comprehensive treatment model DSM: Diagnostic and Statistical Manual of Mental Disorders DSM-5: Diagnostic and Statistical Manual of Mental Disorders, Fifth Edition DSM-IV: Diagnostic and Statistical Manual of Mental Disorders, Fourth Edition DSM-IV-TR: Diagnostic and Statistical Manual of Mental Disorders, Fourth Edition, Text Revision ESDM: Early Start Denver Model GI: gastrointestinal IDEA: Individuals with Disabilities Education Improvement Act of 2004 IEP: Individualized Education Program",Identification Evaluation and Management of Children with Autism,42,identification_guide
68de8bc8-8687-4cce-80f9-bd8201436d16,"LEAP: Learning Experiences and Alternative Programs for Preschoolers and their Parents M-CHAT: Modiﬁed Checklist for Autism in Toddlers M-CHAT-R/F: Modiﬁed Checklist for Autism in Toddlers, Revised with Follow-Up (Questions) NDBI: naturalistic developmental behavioral intervention OCD: obsessive-compulsive disorder PDD: pervasive developmental disorder PDD-NOS: pervasive developmental disorder not otherwise speciﬁed RCT: randomized controlled trial SCQ: Social Communication Questionnaire SRS:",Identification Evaluation and Management of Children with Autism,42,identification_guide
bc8caae1-c4de-45d3-9391-bff715a12892,Social Responsiveness Scale SSI: Supplemental Security Income SSRI: selective serotonin reuptake inhibitor STAT: Screening Tool for Autism in Toddlers and Young Children TEACCH: Treatment and Education of Autistic and Related Communication- Handicapped Children USPSTF: US Preventive Services Task Force WES: whole-exome sequencing 42 FROM THE AMERICAN ACADEMY OF PEDIATRICS Downloaded from http://publications.aap.org/pediatrics/article-pdf/145/1/e20193447/1078920/peds_20193447.pdf by guest,Identification Evaluation and Management of Children with Autism,42,identification_guide
4b0432fa-682c-40e3-8bb0-2ba32848e950,"PEDIATRICS (ISSN Numbers: Print, 0031-4005; Online, 1098-4275). Copyright © 2020 by the American Academy of Pediatrics FINANCIAL DISCLOSURE: The authors have indicated they have no ﬁnancial relationships relevant to this article to disclose. FUNDING: No external funding. POTENTIAL CONFLICT OF INTEREST: MeMix LLC is a company that makes an application (for phones). Dr Levy is on the advisory board for the application’s development. This application is being developed to assist in nutritional and",Identification Evaluation and Management of Children with Autism,43,identification_guide
0f5eed00-4dcd-4f3f-98a0-a8d15e08925a,"dietary management of children with autism. Dr Levy has not received any money yet from this company. This application is the focus of a National Institutes of Health R21 grant, for which Dr Levy is funded for ∼2% of her salary. Once it is studied and marketed (if appropriate), Dr Levy will (possibly in the future) earn some money. Her years of relationship with the company are 2015 to the present. Dr Hyman has a relationship with Roche. Dr Hyman is the site principal investigator of a clinical",Identification Evaluation and Management of Children with Autism,43,identification_guide
6da692d7-f829-4287-a8d2-503eb3229a2c,"trial of a novel agent being tested to promote social function in patients with autism. The University of Rochester (Dr Hyman’s institution) was 1 of .40 sites and had 2 study participants in 2018. University of Rochester will be leaving the trial in 2019 (withdrawal submitted) because of stafﬁng, and that reimbursement for staff time does not cover the cost of participation. Funding was for the staff to complete the assessments required for the clinical trial. Dr Hyman got no personal",Identification Evaluation and Management of Children with Autism,43,identification_guide
ba73f69c-cac1-40f9-99a9-e049f24d923c,"reimbursement from the company; the funding was for staff time for recruitment and assessment and clinical research center support for the trial. COMPANION PAPER: A companion to this article can be found online at www.pediatrics.org/cgi/doi/10.1542/peds.2019-3448. REFERENCES 1. American Psychiatric Association. Diagnostic and Statistical Manual of Mental Disorders (DSM-5), 5th ed. Washington, DC: American Psychiatric Association; 2013 2. Baio J, Wiggins L, Christensen DL, et al. Prevalence of",Identification Evaluation and Management of Children with Autism,43,identification_guide
d37dcc27-fc98-42d5-9076-fcc97fbf8b8f,"autism spectrum disorder among children aged 8 years - autism and developmental disabilities monitoring network, 11 sites, United States, 2014. MMWR Surveill Summ. 2018;67(6):1–23 3. Leigh JP, Du J. Brief report: forecasting the economic burden of autism in 2015 and 2025 in the United States. J Autism Dev Disord. 2015;45(12): 4135–4139 4. Buescher AV, Cidav Z, Knapp M, Mandell DS. Costs of autism spectrum disorders in the United Kingdom and the United States. JAMA Pediatr. 2014; 168(8):721–728 5.",Identification Evaluation and Management of Children with Autism,43,identification_guide
edcaf31f-d908-46b9-9ca0-f2c625f67a2a,"Johnson CP, Myers SM; American Academy of Pediatrics Council on Children With Disabilities. Identiﬁcation and evaluation of children with autism spectrum disorders. Pediatrics. 2007;120(5): 1183–1215 6. Myers SM, Johnson CP; American Academy of Pediatrics Council on Children With Disabilities. Management of children with autism spectrum disorders. Pediatrics. 2007; 120(5):1162–1182 7. Daniels AM, Mandell DS. Explaining differences in age at autism spectrum disorder diagnosis: a critical review.",Identification Evaluation and Management of Children with Autism,43,identification_guide
9554cf46-d612-4f48-af30-3950433082b7,"Autism. 2014;18(5):583–597 8. Kim YS, Fombonne E, Koh YJ, Kim SJ, Cheon KA, Leventhal BL. A comparison of DSM-IV pervasive developmental disorder and DSM-5 autism spectrum disorder prevalence in an epidemiologic sample. J Am Acad Child Adolesc Psychiatry. 2014;53(5): 500–508 9. Council on Children With Disabilities; Section on Developmental Behavioral Pediatrics; Bright Futures Steering Committee; Medical Home Initiatives for Children With Special Needs Project Advisory Committee. Identifying",Identification Evaluation and Management of Children with Autism,43,identification_guide
05326092-0927-4873-bcec-8e133b380c4a,"infants and young children with developmental disorders in the medical home: an algorithm for developmental surveillance and screening [published correction appears in Pediatrics. 2006;118(4): 1808–1809]. Pediatrics. 2006;118(1): 405–420 10. King M, Bearman P. Diagnostic change and the increased prevalence of autism. Int J Epidemiol. 2009;38(5): 1224–1234 11. Baxter AJ, Brugha TS, Erskine HE, Scheurer RW, Vos T, Scott JG. The epidemiology and global burden of autism spectrum disorders. Psychol",Identification Evaluation and Management of Children with Autism,43,identification_guide
7d6868c1-218d-44cd-90e2-f9ebbaea6848,"Med. 2015;45(3):601–613 12. Tomlinson M, Yasamy MT, Emerson E, Ofﬁcer A, Richler D, Saxena S. Setting global research priorities for developmental disabilities, including intellectual disabilities and autism. J Intellect Disabil Res. 2014;58(12): 1121–1130 13. Xu G, Strathearn L, Liu B, Bao W. Prevalence of autism spectrum disorder among US children and adolescents, 2014-2016 [published correction appears in JAMA. 2018; 319(5):505]. JAMA. 2018;319(1):81–82 14. Developmental Disabilities",Identification Evaluation and Management of Children with Autism,43,identification_guide
da3c50d3-f07e-4729-b31e-dab87b264d40,"Monitoring Network Surveillance Year 2010 Principal Investigators; Centers for Disease Control and Prevention (CDC). Prevalence of autism spectrum disorder among children aged 8 years - autism and developmental disabilities monitoring network, 11 sites, United States, 2010. MMWR Surveill Summ. 2014;63(2):1–21 15. Christensen DL, Baio J, Van Naarden Braun K, et al; Centers for Disease Control and Prevention (CDC). Prevalence and characteristics of autism spectrum disorder among children aged 8",Identification Evaluation and Management of Children with Autism,43,identification_guide
c75c9af4-41dc-455d-bdfd-dc1bffd8024b,"years–autism and developmental disabilities monitoring network, 11 sites, United States, 2012 [published correction appears in MMWR Morb Mortal Wkly Rep. 2016; 65(15):404]. MMWR Surveill Summ. 2016;65(3):1–23 16. Sheldrick RC, Maye MP, Carter AS. Age at ﬁrst identiﬁcation of autism spectrum disorder: an analysis of two US surveys. J Am Acad Child Adolesc Psychiatry. 2017;56(4):313–320 17. Christensen DL, Bilder DA, Zahorodny W, et al. Prevalence and characteristics of autism spectrum disorder",Identification Evaluation and Management of Children with Autism,43,identification_guide
7fe1c0a0-79b3-4edb-9ab1-746e62007bb3,"among 4- PEDIATRICS Volume 145, number 1, January 2020 43 Downloaded from http://publications.aap.org/pediatrics/article-pdf/145/1/e20193447/1078920/peds_20193447.pdf by guest",Identification Evaluation and Management of Children with Autism,43,identification_guide
5832cc94-32b8-48ad-93d5-4411066b7a93,"year-old children in the Autism and Developmental Disabilities Monitoring Network. J Dev Behav Pediatr. 2016; 37(1):1–8 18. Barbaresi WJ. The meaning of “regression” in children with autism spectrum disorder: why does it matter? J Dev Behav Pediatr. 2016;37(6):506–507 19. Bradley CC, Boan AD, Cohen AP, Charles JM, Carpenter LA. Reported history of developmental regression and restricted, repetitive behaviors in children with autism spectrum disorders. J Dev Behav Pediatr. 2016; 37(6):451–456 20.",Identification Evaluation and Management of Children with Autism,44,identification_guide
6a6ea2a3-3224-4b76-9ea8-c9d01719c306,"Tammimies K. Genetic mechanisms of regression in autism spectrum disorder. Neurosci Biobehav Rev. 2019; 102:208–220 21. Huerta M, Bishop SL, Duncan A, Hus V, Lord C. Application of DSM-5 criteria for autism spectrum disorder to three samples of children with DSM-IV diagnoses of pervasive developmental disorders. Am J Psychiatry. 2012; 169(10):1056–1064 22. Lord C, Petkova E, Hus V, et al. A multisite study of the clinical diagnosis of different autism spectrum disorders. Arch Gen Psychiatry.",Identification Evaluation and Management of Children with Autism,44,identification_guide
bf5f84ea-e4bc-4103-ac74-2b93654d80b6,"2012;69(3): 306–313 23. Mandy WP, Charman T, Skuse DH. Testing the construct validity of proposed criteria for DSM-5 autism spectrum disorder. J Am Acad Child Adolesc Psychiatry. 2012;51(1):41–50 24. Mazurek MO, Lu F, Symecko H, et al. A prospective study of the concordance of DSM-IV and DSM-5 diagnostic criteria for autism spectrum disorder. J Autism Dev Disord. 2017;47(9):2783–2794 25. Maenner MJ, Rice CE, Arneson CL, et al. Potential impact of DSM-5 criteria on autism spectrum disorder",Identification Evaluation and Management of Children with Autism,44,identification_guide
8d184114-bf4a-4945-bcf0-d21de1f2d051,"prevalence estimates. JAMA Psychiatry. 2014;71(3): 292–300 26. Wiggins L, Christensen D, Van Naarden Braun K, Martin L, Baio J. Comparison of autism spectrum disorder surveillance status based on two different diagnostic schemes: ﬁndings from the Metropolitan Atlanta Developmental Disabilities Surveillance Program, 2012. PLoS One. 2018;13(11): e0208079 27. Wiggins LD, Rice CE, Barger B, et al. DSM-5 criteria for autism spectrum disorder maximizes diagnostic sensitivity and speciﬁcity in preschool",Identification Evaluation and Management of Children with Autism,44,identification_guide
9989226d-ff65-40ac-8cd7-b5e73d618056,"children. Soc Psychiatry Psychiatr Epidemiol. 2019;54(6):693–701 28. Mazurek MO, Lu F, Macklin EA, Handen BL. Factors associated with DSM-5 severity level ratings for autism spectrum disorder. Autism. 2019;23(2): 468–476 29. Hus V, Lord C. The autism diagnostic observation schedule, module 4: revised algorithm and standardized severity scores. J Autism Dev Disord. 2014;44(8):1996–2012 30. Shumway S, Farmer C, Thurm A, Joseph L, Black D, Golden C. The ADOS calibrated severity score: relationship",Identification Evaluation and Management of Children with Autism,44,identification_guide
eb373d46-000d-45f1-9923-c3e02cfdfee7,"to phenotypic variables and stability over time. Autism Res. 2012;5(4): 267–276 31. Kanne SM, Mazurek MO, Sikora D, et al. The Autism Impact Measure (AIM): initial development of a new tool for treatment outcome measurement. J Autism Dev Disord. 2014;44(1): 168–179 32. Mandy W, Wang A, Lee I, Skuse D. Evaluating social (pragmatic) communication disorder. J Child Psychol Psychiatry. 2017;58(10): 1166–1175 33. World Health Organization. International classiﬁcation of diseases for mortality and",Identification Evaluation and Management of Children with Autism,44,identification_guide
1433a7f0-9587-4f79-b6f8-64383c558fee,"morbidity statistics (11th Revision). Geneva, Switzerland: World Health Organization; 2018. Available at: https://icd.who.int/ browse11/l-m/en. Accessed December 1, 2019 34. Coury D. Medical treatment of autism spectrum disorders. Curr Opin Neurol. 2010;23(2):131–136 35. Tager-Flusberg H, Kasari C. Minimally verbal school-aged children with autism spectrum disorder: the neglected end of the spectrum. Autism Res. 2013;6(6):468–478 36. Kim SH, Macari SL, Koller J, Chawarska K. Examining the",Identification Evaluation and Management of Children with Autism,44,identification_guide
c82cba28-cb91-45e3-a24f-23ae64559eb5,"phenotypic heterogeneity of early autism spectrum disorder: subtypes and short-term outcomes. J Child Psychol Psychiatry. 2016;57(1):93–102 37. Ozonoff S, Young GS, Landa R, et al. Diagnostic stability in young children at risk for autism spectrum disorder: a baby siblings research consortium study. J Child Psychol Psychiatry. 2015; 56(9):988–998 38. Jashar DT, Brennan LA, Barton ML, Fein D. Cognitive and adaptive skills in toddlers who meet criteria for autism in DSM-IV but not DSM-5. J Autism",Identification Evaluation and Management of Children with Autism,44,identification_guide
f0672629-ca9e-4f01-84c5-f7f890f3565e,"Dev Disord. 2016;46(12):3667–3677 39. Guthrie W, Swineford LB, Nottke C, Wetherby AM. Early diagnosis of autism spectrum disorder: stability and change in clinical diagnosis and symptom presentation. J Child Psychol Psychiatry. 2013;54(5):582–590 40. Bennett TA, Szatmari P, Georgiades K, et al; Pathways in ASD Study Team. Language impairment and early social competence in preschoolers with autism spectrum disorders: a comparison of DSM-5 proﬁles. J Autism Dev Disord. 2014;44(11): 2797–2808 41.",Identification Evaluation and Management of Children with Autism,44,identification_guide
f4775695-9611-4d58-b7ce-e7360a11b29c,"Anderson DK, Liang JW, Lord C. Predicting young adult outcome among more and less cognitively able individuals with autism spectrum disorders. J Child Psychol Psychiatry. 2014;55(5):485–494 42. Wiggins LD, Baio J, Schieve L, Lee LC, Nicholas J, Rice CE. Retention of autism spectrum diagnoses by community professionals: ﬁndings from the autism and developmental disabilities monitoring network, 2000 and 2006. J Dev Behav Pediatr. 2012;33(5):387–395 43. Zwaigenbaum L, Bauman ML, Fein D, et al. Early",Identification Evaluation and Management of Children with Autism,44,identification_guide
58f66aec-c37f-4389-b8b0-c491f26e89a8,"screening of autism spectrum disorder: recommendations for practice and research. Pediatrics. 2015;136(suppl 1):S41–S59 44. Gotham K, Pickles A, Lord C. Trajectories of autism severity in children using standardized ADOS scores. Pediatrics. 2012;130(5). Available at: www. pediatrics.org/cgi/content/full/130/5/ e1278 45. Pugliese CE, Anthony L, Strang JF, Dudley K, Wallace GL, Kenworthy L. Increasing adaptive behavior skill deﬁcits from childhood to adolescence in autism spectrum disorder: role of",Identification Evaluation and Management of Children with Autism,44,identification_guide
b40f2d48-3d33-4d13-a9b0-b1e961632573,executive function. J Autism Dev Disord. 2015;45(6):1579–1587 44 FROM THE AMERICAN ACADEMY OF PEDIATRICS Downloaded from http://publications.aap.org/pediatrics/article-pdf/145/1/e20193447/1078920/peds_20193447.pdf by guest,Identification Evaluation and Management of Children with Autism,44,identification_guide
3f87fb5c-2208-40a1-96d2-7caec2516057,"46. Magiati I, Tay XW, Howlin P. Cognitive, language, social and behavioural outcomes in adults with autism spectrum disorders: a systematic review of longitudinal follow-up studies in adulthood. Clin Psychol Rev. 2014; 34(1):73–86 47. Renty JO, Roeyers H. Quality of life in high-functioning adults with autism spectrum disorder: the predictive value of disability and support characteristics. Autism. 2006;10(5): 511–524 48. Zwaigenbaum L, Bauman ML, Choueiri R, et al. Early intervention for",Identification Evaluation and Management of Children with Autism,45,identification_guide
349ae53b-c8e4-4a9e-952a-1ddde6cc4d17,"children with autism spectrum disorder under 3 years of age: recommendations for practice and research. Pediatrics. 2015; 136(suppl 1):S60–S81 49. Lipkin PH, Macias MM; American Academy of Pediatrics, Council on Children With Disabilities, Section on Developmental and Behavioral Pediatrics. Promoting optimal development: identifying infants and young children with developmental disorders through developmental surveillance and screening. Pediatrics. 2020;145(1):e20193449 50. Gabrielsen TP, Farley",Identification Evaluation and Management of Children with Autism,45,identification_guide
b66c6781-b991-41d9-a953-655ae8f837b1,"M, Speer L, Villalobos M, Baker CN, Miller J. Identifying autism in a brief observation. Pediatrics. 2015;135(2). Available at: www.pediatrics.org/cgi/ content/full/135/2/e330 51. Robins DL, Casagrande K, Barton M, Chen CM, Dumont-Mathieu T, Fein D. Validation of the modiﬁed checklist for autism in toddlers, revised with follow- up (M-CHAT-R/F). Pediatrics. 2014; 133(1):37–45 52. Centers for Disease Control and Prevention. Screening and diagnosis of autism spectrum disorder. Available at:",Identification Evaluation and Management of Children with Autism,45,identification_guide
3bc4615c-b048-4e01-a0e0-1bc146b3f4ef,"https://www.cdc.gov/ncbddd/autism/ screening.html. Accessed December 1, 2019 53. Autism Speaks. Learn the signs. Available at: https://www.autismspeaks. org/what-autism/from-ﬁrst-concern-to- action/get-child-screened. Accessed December 1, 2019 54. American Academy of Pediatrics. Periodic survey: cross-survey results and ﬁndings. 2018. Available at: https:// www.aap.org/en-us/professional- resources/Research/pediatrician- surveys/Pages/Periodic-Survey-List-of- Surveys-and-Summary-of-Findings.aspx.",Identification Evaluation and Management of Children with Autism,45,identification_guide
6765f546-d7b4-4218-a201-b9c626b9ae8c,"Accessed December 16, 2018 55. Pinto-Martin JA, Young LM, Mandell DS, Poghosyan L, Giarelli E, Levy SE. Screening strategies for autism spectrum disorders in pediatric primary care. J Dev Behav Pediatr. 2008;29(5):345–350 56. Norris M, Lecavalier L. Screening accuracy of level 2 autism spectrum disorder rating scales. A review of selected instruments. Autism. 2010; 14(4):263–284 57. Zwaigenbaum L, Bauman ML, Stone WL, et al. Early identiﬁcation of autism spectrum disorder: recommendations for",Identification Evaluation and Management of Children with Autism,45,identification_guide
64aabc1f-7494-4d99-a91a-b7137002c164,"practice and research. Pediatrics. 2015;136(suppl 1):S10–S40 58. Rotholz DA, Kinsman AM, Lacy KK, Charles J. Improving early identiﬁcation and intervention for children at risk for autism spectrum disorder. Pediatrics. 2017;139(2):e20161061 59. Wetherby AM, Brosnan-Maddox S, Peace V, Newton L. Validation of the Infant- Toddler Checklist as a broadband screener for autism spectrum disorders from 9 to 24 months of age. Autism. 2008;12(5):487–511 60. Herlihy LE, Brooks B, Dumont-Mathieu T, et al.",Identification Evaluation and Management of Children with Autism,45,identification_guide
4e2afc97-7480-4070-a7b8-d03c987db407,"Standardized screening facilitates timely diagnosis of autism spectrum disorders in a diverse sample of low- risk toddlers. J Dev Behav Pediatr. 2014; 35(2):85–92 61. Zuckerman KE, Mattox K, Donelan K, Batbayar O, Baghaee A, Bethell C. Pediatrician identiﬁcation of Latino children at risk for autism spectrum disorder. Pediatrics. 2013;132(3): 445–453 62. Sheldrick RC, Perrin EC. Evidence-based milestones for surveillance of cognitive, language, and motor development. Acad Pediatr.",Identification Evaluation and Management of Children with Autism,45,identification_guide
3997129a-65fa-4862-9752-4f02face12e7,"2013;13(6):577–586 63. Siu AL, Bibbins-Domingo K, Grossman DC, et al; US Preventive Services Task Force (USPSTF). Screening for autism spectrum disorder in young children: US Preventive Services Task Force recommendation statement. JAMA. 2016;315(7):691–696 64. Rogers SJ, Vismara LA. Evidence-based comprehensive treatments for early autism. J Clin Child Adolesc Psychol. 2008;37(1):8–38 65. Zwaigenbaum L, Bryson SE, Brian J, et al. Stability of diagnostic assessment for autism spectrum disorder",Identification Evaluation and Management of Children with Autism,45,identification_guide
c4763d53-dd72-41b4-8830-0d995127729f,"between 18 and 36 months in a high-risk cohort. Autism Res. 2016;9(7):790–800 66. Barger B, Rice C, Wolf R, Roach A. Better together: developmental screening and monitoring best identify children who need early intervention. Disabil Health J. 2018;11(3):420–426 67. Chesnut SR, Wei T, Barnard-Brak L, Richman DM. A meta-analysis of the social communication questionnaire: screening for autism spectrum disorder. Autism. 2017;21(8):920–928 68. Schwenck C, Freitag CM. Differentiation between",Identification Evaluation and Management of Children with Autism,45,identification_guide
608af236-2ad6-4407-9e2f-31bea3a14c6e,"attention-deﬁcit/hyperactivity disorder and autism spectrum disorder by the social communication questionnaire. Atten Deﬁc Hyperact Disord. 2014;6(3):221–229 69. Miodovnik A, Harstad E, Sideridis G, Huntington N. Timing of the diagnosis of attention-deﬁcit/hyperactivity disorder and autism spectrum disorder. Pediatrics. 2015;136(4). Available at: www.pediatrics.org/cgi/content/full/ 136/4/e830 70. Ratto AB, Kenworthy L, Yerys BE, et al. What about the girls? Sex-based differences in autistic",Identification Evaluation and Management of Children with Autism,45,identification_guide
33b0a99c-7b7d-46aa-8089-217a3460f66e,"traits and adaptive skills. J Autism Dev Disord. 2018;48(5):1698–1711 71. Scarpa A, Reyes NM, Patriquin MA, et al. The modiﬁed checklist for autism in toddlers: reliability in a diverse rural American sample. J Autism Dev Disord. 2013;43(10):2269–2279 72. Burkett K, Morris E, Manning-Courtney P, Anthony J, Shambley-Ebron D. African American families on autism diagnosis and treatment: the inﬂuence of culture. J Autism Dev Disord. 2015;45(10): 3244–3254 73. Zuckerman KE, Lindly OJ, Reyes NM, et al.",Identification Evaluation and Management of Children with Autism,45,identification_guide
25e9e119-ed06-435e-add6-79b839c37de0,"Disparities in diagnosis and treatment of autism in Latino and non- Latino white families. Pediatrics. 2017; 139(5):e20163010 74. Daniels AM, Halladay AK, Shih A, Elder LM, Dawson G. Approaches to enhancing the early detection of autism spectrum disorders: a systematic review of the literature. J Am Acad PEDIATRICS Volume 145, number 1, January 2020 45 Downloaded from http://publications.aap.org/pediatrics/article-pdf/145/1/e20193447/1078920/peds_20193447.pdf by guest",Identification Evaluation and Management of Children with Autism,45,identification_guide
4087bc63-4810-4dbb-a014-8edfc69f5560,"Child Adolesc Psychiatry. 2014;53(2): 141–152 75. Jones RM, Lord C. Diagnosing autism in neurobiological research studies. Behav Brain Res. 2013;251:113–124 76. Volkmar F, Siegel M, Woodbury-Smith M, King B, McCracken J, State M; American Academy of Child and Adolescent Psychiatry (AACAP) Committee on Quality Issues (CQI). Practice parameter for the assessment and treatment of children and adolescents with autism spectrum disorder. J Am Acad Child Adolesc Psychiatry. 2014;53(2):237–257 77.",Identification Evaluation and Management of Children with Autism,46,identification_guide
8c4bb5d8-1791-4412-bf78-7af85b2a745e,"Corsello C, Hus V, Pickles A, et al. Between a ROC and a hard place: decision making and making decisions about using the SCQ. J Child Psychol Psychiatry. 2007;48(9):932–940 78. Constantino JN, Davis SA, Todd RD, et al. Validation of a brief quantitative measure of autistic traits: comparison of the social responsiveness scale with the autism diagnostic interview-revised. J Autism Dev Disord. 2003;33(4): 427–433 79. Bradstreet LE, Juechter JI, Kamphaus RW, Kerns CM, Robins DL. Using the BASC-2",Identification Evaluation and Management of Children with Autism,46,identification_guide
fe5823e3-55da-49df-b5f8-678c205033fe,"parent rating scales to screen for autism spectrum disorder in toddlers and preschool-aged children. J Abnorm Child Psychol. 2017;45(2): 359–370 80. Leekam SR, Libby SJ, Wing L, Gould J, Taylor C. The Diagnostic Interview for Social and Communication Disorders: algorithms for ICD-10 childhood autism and Wing and Gould autistic spectrum disorder. J Child Psychol Psychiatry. 2002;43(3):327–342 81. Wing L, Leekam SR, Libby SJ, Gould J, Larcombe M. The Diagnostic Interview for Social and",Identification Evaluation and Management of Children with Autism,46,identification_guide
9942b807-1988-4c5b-9029-1606dea676dc,"Communication Disorders: background, inter-rater reliability and clinical use. J Child Psychol Psychiatry. 2002;43(3):307–325 82. Havdahl KA, von Tetzchner S, Huerta M, Lord C, Bishop SL. Utility of the Child Behavior Checklist as a screener for autism spectrum disorder. Autism Res. 2016;9(1):33–42 83. Kim SH, Lord C. New autism diagnostic interview-revised algorithms for toddlers and young preschoolers from 12 to 47 months of age. J Autism Dev Disord. 2012;42(1):82–93 84. Lord C, Rutter M, Le",Identification Evaluation and Management of Children with Autism,46,identification_guide
12441c30-1b4b-47eb-964e-134813715c76,"Couteur A. Autism Diagnostic Interview-Revised: a revised version of a diagnostic interview for caregivers of individuals with possible pervasive developmental disorders. J Autism Dev Disord. 1994;24(5): 659–685 85. Aldridge FJ, Gibbs VM, Schmidhofer K, Williams M. Investigating the clinical usefulness of the Social Responsiveness Scale (SRS) in a tertiary level, autism spectrum disorder speciﬁc assessment clinic. J Autism Dev Disord. 2012;42(2): 294–300 86. Dawkins T, Meyer AT, Van Bourgondien",Identification Evaluation and Management of Children with Autism,46,identification_guide
59e5ed3b-35a1-4e9d-9c51-4810e2c7ee57,"ME. The relationship between the Childhood Autism Rating Scale: Second Edition and clinical diagnosis utilizing the DSM-IV-TR and the DSM-5. J Autism Dev Disord. 2016;46(10):3361–3368 87. Lord C, Luyster R, Gotham K, Guthrie W. Autism Diagnostic Observation Schedule, Second Edition (ADOS-2) Manual (Part II): Toddler Module. Torrance, CA: Western Psychological Services; 2012 88. Lord C, Rutter M, DiLavore PC, Risi S, Gotham K, Bishop SL. Autism Diagnostic Observation Schedule, Second Edition",Identification Evaluation and Management of Children with Autism,46,identification_guide
74cbab80-44c2-4e04-ae31-cd58a4dc918e,"(ADOS-2) Manual (Part 1): Modules 1-4. Torrance, CA: Western Psychological Services; 2012 89. Chlebowski C, Green JA, Barton ML, Fein D. Using the childhood autism rating scale to diagnose autism spectrum disorders. J Autism Dev Disord. 2010; 40(7):787–799 90. Reszka SS, Boyd BA, McBee M, Hume KA, Odom SL. Brief report: concurrent validity of autism symptom severity measures. J Autism Dev Disord. 2014; 44(2):466–470 91. Bryson SE, Bradley EA, Thompson A, Wainwright A. Prevalence of autism among",Identification Evaluation and Management of Children with Autism,46,identification_guide
2ab6930e-aa21-4b52-af1e-92d5ac1f43a5,"adolescents with intellectual disabilities. Can J Psychiatry. 2008; 53(7):449–459 92. O’Hare A, Bremner L. Management of developmental speech and language disorders: part 1. Arch Dis Child. 2016; 101(3):272–277 93. Kanne SM, Gerber AJ, Quirmbach LM, Sparrow SS, Cicchetti DV, Saulnier CA. The role of adaptive behavior in autism spectrum disorders: implications for functional outcome. J Autism Dev Disord. 2011;41(8):1007–1018 94. Liss M, Harel B, Fein D, et al. Predictors and correlates of adaptive",Identification Evaluation and Management of Children with Autism,46,identification_guide
f920e4da-e604-4605-a516-fca905694f64,"functioning in children with developmental disorders. J Autism Dev Disord. 2001; 31(2):219–230 95. Kenworthy L, Case L, Harms MB, Martin A, Wallace GL. Adaptive behavior ratings correlate with symptomatology and IQ among individuals with high- functioning autism spectrum disorders. J Autism Dev Disord. 2010;40(4): 416–423 96. Dewey D, Cantell M, Crawford SG. Motor and gestural performance in children with autism spectrum disorders, developmental coordination disorder, and/or attention deﬁcit",Identification Evaluation and Management of Children with Autism,46,identification_guide
ccd84356-7e07-4f2a-b3b5-cd3d8e4dc91c,"hyperactivity disorder. J Int Neuropsychol Soc. 2007; 13(2):246–256 97. Bhat AN, Galloway JC, Landa RJ. Relationship between early motor delay and later communication delay in infants at risk for autism. Infant Behav Dev. 2012;35(4):838–846 98. Provost B, Lopez BR, Heimerl S. A comparison of motor delays in young children: autism spectrum disorder, developmental delay, and developmental concerns. J Autism Dev Disord. 2007;37(2):321–328 99. Beers AN, McBoyle M, Kakande E, Dar Santos RC, Kozak FK.",Identification Evaluation and Management of Children with Autism,46,identification_guide
624290cd-ebf4-4459-96a2-85928971af8a,"Autism and peripheral hearing loss: a systematic review. Int J Pediatr Otorhinolaryngol. 2014;78(1):96–101 100. Bennetto L, Keith JM, Allen PD, Luebke AE. Children with autism spectrum disorder have reduced otoacoustic emissions at the 1 kHz mid-frequency region. Autism Res. 2017;10(2):337–345 101. Dawes P, Bishop D. Auditory processing disorder in relation to developmental disorders of language, communication and attention: a review and critique. Int J Lang Commun Disord. 2009;44(4): 440–465",Identification Evaluation and Management of Children with Autism,46,identification_guide
bbde90d6-5928-40cb-afbf-4726151d786b,"102. Anketell PM, Saunders KJ, Gallagher SM, Bailey C, Little JA. Brief report: vision in children with autism spectrum disorder: what should clinicians expect? J Autism Dev Disord. 2015;45(9): 3041–3047 103. Rogers SJ, Hepburn S, Wehner E. Parent reports of sensory symptoms in 46 FROM THE AMERICAN ACADEMY OF PEDIATRICS Downloaded from http://publications.aap.org/pediatrics/article-pdf/145/1/e20193447/1078920/peds_20193447.pdf by guest",Identification Evaluation and Management of Children with Autism,46,identification_guide
2fed46ff-3b5a-48ab-a06c-8171f6701dac,"toddlers with autism and those with other developmental disorders. J Autism Dev Disord. 2003;33(6): 631–642 104. McCormick C, Hepburn S, Young GS, Rogers SJ. Sensory symptoms in children with autism spectrum disorder, other developmental disorders and typical development: a longitudinal study. Autism. 2016;20(5): 572–579 105. Lane AEAE, Molloy CA, Bishop SL. Classiﬁcation of children with autism spectrum disorder by sensory subtype: a case for sensory-based phenotypes. Autism Res.",Identification Evaluation and Management of Children with Autism,47,identification_guide
35904cfb-7106-4e02-8f59-3598b8e567a6,"2014;7(3):322–333 106. Ausderau KK, Furlong M, Sideris J, et al. Sensory subtypes in children with autism spectrum disorder: latent proﬁle transition analysis using a national survey of sensory features. J Child Psychol Psychiatry. 2014;55(8): 935–944 107. Miller DT, Adam MP, Aradhya S, et al. Consensus statement: chromosomal microarray is a ﬁrst-tier clinical diagnostic test for individuals with developmental disabilities or congenital anomalies. Am J Hum Genet. 2010;86(5): 749–764 108. Manning",Identification Evaluation and Management of Children with Autism,47,identification_guide
b8c7716f-aa5c-4767-b779-a38fa9835513,"M, Hudgins L; Professional Practice and Guidelines Committee. Array-based technology and recommendations for utilization in medical genetics practice for detection of chromosomal abnormalities. Genet Med. 2010;12(11):742–745 109. Schaefer GB, Mendelsohn NJ; Professional Practice and Guidelines Committee. Clinical genetics evaluation in identifying the etiology of autism spectrum disorders: 2013 guideline revisions. Genet Med. 2013;15(5): 399–407 110. Muhle RA, Reed HE, Vo LC, et al. Clinical",Identification Evaluation and Management of Children with Autism,47,identification_guide
895b5b4a-dbe7-4364-ac7c-7607e08313b8,"diagnostic genetic testing for individuals with developmental disorders. J Am Acad Child Adolesc Psychiatry. 2017;56(11):910–913 111. Sun F, Oristaglio J, Levy SE, et al. Genetic Testing for Developmental Disabilities, Intellectual Disability, and Autism Spectrum Disorder. Rockville, MD: Agency for Healthcare Research and Quality (US); 2015 112. Amiet C, Couchon E, Carr K, Carayol J, Cohen D. Are there cultural differences in parental interest in early diagnosis and genetic risk assessment for",Identification Evaluation and Management of Children with Autism,47,identification_guide
709c1c04-db84-4b0d-a437-a6eadba2d08e,"autism spectrum disorder? Front Pediatr. 2014; 2:32 113. Srivastava S, Cohen JS, Vernon H, et al. Clinical whole exome sequencing in child neurology practice. Ann Neurol. 2014;76(4):473–483 114. Iglesias A, Anyane-Yeboa K, Wynn J, et al. The usefulness of whole-exome sequencing in routine clinical practice. Genet Med. 2014;16(12):922–931 115. Lingen M, Albers L, Borchers M, et al. Obtaining a genetic diagnosis in a child with disability: impact on parental quality of life. Clin Genet. 2016;89(2):",Identification Evaluation and Management of Children with Autism,47,identification_guide
a5b8c47b-e1e9-4227-91e5-b42ea4b5a899,"258–266 116. Riggs ER, Wain KE, Riethmaier D, et al. Chromosomal microarray impacts clinical management. Clin Genet. 2014; 85(2):147–153 117. ACMG Board of Directors. Clinical utility of genetic and genomic services: a position statement of the American College of Medical Genetics and Genomics. Genet Med. 2015;17(6): 505–507 118. Reiff M, Giarelli E, Bernhardt BA, et al. Parents’ perceptions of the usefulness of chromosomal microarray analysis for children with autism spectrum disorders. J Autism",Identification Evaluation and Management of Children with Autism,47,identification_guide
5ae9ec81-8ccc-458f-87af-9ce83237976b,"Dev Disord. 2015; 45(10):3262–3275 119. Mandy W, Lai MC. Annual research review: the role of the environment in the developmental psychopathology of autism spectrum condition. J Child Psychol Psychiatry. 2016;57(3):271–292 120. Myers S, Challman C; American Academy of Pediatrics. Autism Spectrum Disorders. In: Developmental and Behavioral Pediatrics. Itasca, IL: American Academy of Pediatrics; 2018: 407–475 121. Tammimies K, Marshall CR, Walker S, et al. Molecular diagnostic yield of chromosomal",Identification Evaluation and Management of Children with Autism,47,identification_guide
9ffc4dee-7d12-4288-a51f-3b99fdfc0103,"microarray analysis and whole-exome sequencing in children with autism spectrum disorder. JAMA. 2015;314(9):895–903 122. Alvarez-Mora MI, Calvo Escalona R, Puig Navarro O, et al. Comprehensive molecular testing in patients with high functioning autism spectrum disorder. Mutat Res. 2016;784–785:46–52 123. Fernandez BA, Scherer SW. Syndromic autism spectrum disorders: moving from a clinically deﬁned to a molecularly deﬁned approach. Dialogues Clin Neurosci. 2017;19(4): 353–371 124. Carter MT,",Identification Evaluation and Management of Children with Autism,47,identification_guide
eaa6e8c8-f715-47f2-803a-cac49b0793b4,"Scherer SW. Autism spectrum disorder in the genetics clinic: a review. Clin Genet. 2013;83(5): 399–407 125. Persico AM, Napolioni V. Autism genetics. Behav Brain Res. 2013;251: 95–112 126. Schönewolf-Greulich B, Bisgaard AM, Møller RS, et al. Clinician’s guide to genes associated with Rett-like phenotypes-investigation of a Danish cohort and review of the literature. Clin Genet. 2019;95(2):221–230 127. McBride KL, Varga EA, Pastore MT, et al. Conﬁrmation study of PTEN mutations among individuals",Identification Evaluation and Management of Children with Autism,47,identification_guide
ac6f074c-b142-4fd5-8ff4-9d06665a7acf,"with autism or developmental delays/mental retardation and macrocephaly. Autism Res. 2010;3(3):137–141 128. Battaglia A, Doccini V, Bernardini L, et al. Conﬁrmation of chromosomal microarray as a ﬁrst-tier clinical diagnostic test for individuals with developmental delay, intellectual disability, autism spectrum disorders and dysmorphic features. Eur J Paediatr Neurol. 2013;17(6):589–599 129. Bremer A, Giacobini M, Nordenskjöld M, et al. Screening for copy number alterations in loci associated",Identification Evaluation and Management of Children with Autism,47,identification_guide
475d7da4-3bde-4ea0-afb8-46e8112aa449,"with autism spectrum disorders by two- color multiplex ligation-dependent probe ampliﬁcation. Am J Med Genet B Neuropsychiatr Genet. 2010;153B(1): 280–285 130. Eriksson MA, Liedén A, Westerlund J, et al. Rare copy number variants are common in young children with autism spectrum disorder. Acta Paediatr. 2015; 104(6):610–618 131. Ho KS, Wassman ER, Baxter AL, et al. Chromosomal microarray analysis of consecutive individuals with autism spectrum disorders using an ultra-high resolution chromosomal",Identification Evaluation and Management of Children with Autism,47,identification_guide
84dd4f67-b511-4eaf-9ff1-23855f62385c,"microarray optimized for neurodevelopmental disorders. Int J Mol Sci. 2016;17(12): E2070 PEDIATRICS Volume 145, number 1, January 2020 47 Downloaded from http://publications.aap.org/pediatrics/article-pdf/145/1/e20193447/1078920/peds_20193447.pdf by guest",Identification Evaluation and Management of Children with Autism,47,identification_guide
8d1e294d-9983-4949-9ac2-96aa2abd59a2,"132. McGrew SG, Peters BR, Crittendon JA, Veenstra-Vanderweele J. Diagnostic yield of chromosomal microarray analysis in an autism primary care practice: which guidelines to implement? J Autism Dev Disord. 2012; 42(8):1582–1591 133. Rosenfeld JA, Ballif BC, Torchia BS, et al. Copy number variations associated with autism spectrum disorders contribute to a spectrum of neurodevelopmental disorders. Genet Med. 2010;12(11):694–702 134. Schaefer GB, Starr L, Pickering D, Skar G, Dehaai K, Sanger WG.",Identification Evaluation and Management of Children with Autism,48,identification_guide
27c142f7-2be4-455d-8fcc-a5de6d937d9b,"Array comparative genomic hybridization ﬁndings in a cohort referred for an autism evaluation. J Child Neurol. 2010; 25(12):1498–1503 135. Shen Y, Dies KA, Holm IA, et al; Autism Consortium Clinical Genetics/DNA Diagnostics Collaboration. Clinical genetic testing for patients with autism spectrum disorders. Pediatrics. 2010; 125(4). Available at: www.pediatrics. org/cgi/content/full/125/4/e727 136. Roesser J. Diagnostic yield of genetic testing in children diagnosed with autism spectrum disorders",Identification Evaluation and Management of Children with Autism,48,identification_guide
3e11d5b0-6cc6-4269-b01c-d98f293165b3,"at a regional referral center. Clin Pediatr (Phila). 2011;50(9):834–843 137. Tassone F, Choudhary NS, Tassone F, et al. Identiﬁcation of expanded alleles of the FMR1 gene in the CHildhood Autism Risks from Genes and Environment (CHARGE) study. J Autism Dev Disord. 2013;43(3):530–539 138. Iossifov I, Ronemus M, Levy D, et al. De novo gene disruptions in children on the autistic spectrum. Neuron. 2012; 74(2):285–299 139. Krumm N, O’Roak BJ, Shendure J, Eichler EE. A de novo convergence of autism",Identification Evaluation and Management of Children with Autism,48,identification_guide
6715c7cc-ecce-482f-a9eb-13c863dc835e,"genetics and molecular neuroscience. Trends Neurosci. 2014; 37(2):95–105 140. Krumm N, Turner TN, Baker C, et al. Excess of rare, inherited truncating mutations in autism. Nat Genet. 2015; 47(6):582–588 141. Pisula E, Ziegart-Sadowska K, et al. Braoder autism phenotype in siblings of children with ASD—a review. Int J Mol Sci. 2015;16(6):13217–13258 142. O’Roak BJ, Vives L, Fu W, et al. Multiplex targeted sequencing identiﬁes recurrently mutated genes in autism spectrum disorders. Science. 2012;",Identification Evaluation and Management of Children with Autism,48,identification_guide
6a694501-9d1d-4694-b150-2df330d69047,"338(6114):1619–1622 143. Lee BK, McGrath JJ. Advancing parental age and autism: multifactorial pathways. Trends Mol Med. 2015;21(2): 118–125 144. Retterer K, Juusola J, Cho MT, et al. Clinical application of whole-exome sequencing across clinical indications. Genet Med. 2016;18(7):696–704 145. Yang Y, Muzny DM, Xia F, et al. Molecular ﬁndings among patients referred for clinical whole-exome sequencing. JAMA. 2014;312(18):1870–1879 146. Srivastava S, Love-Nichols JA, Dies KA, et al; NDD Exome",Identification Evaluation and Management of Children with Autism,48,identification_guide
2986e7b0-a350-4823-9cbb-7405cc5a1053,"Scoping Review Work Group. Meta-analysis and multidisciplinary consensus statement: exome sequencing is a ﬁrst-tier clinical diagnostic test for individuals with neurodevelopmental disorders [published online ahead of print June 11, 2019]. Genet Med. 2019;21(11): 2413–2421 147. Glusman G, Severson A, Dhankani V, et al. Identiﬁcation of copy number variants in whole-genome data using reference coverage proﬁles. Front Genet. 2015;6:45 148. Jiang YH, Wang Y, Xiu X, Choy KW, Pursley AN, Cheung SW.",Identification Evaluation and Management of Children with Autism,48,identification_guide
d18d54fb-02c9-4984-a728-c6522adc2e32,"Genetic diagnosis of autism spectrum disorders: the opportunity and challenge in the genomics era. Crit Rev Clin Lab Sci. 2014;51(5):249–262 149. Jiang YH, Yuen RK, Jin X, et al. Detection of clinically relevant genetic variants in autism spectrum disorder by whole- genome sequencing. Am J Hum Genet. 2013;93(2):249–263 150. Retterer K, Scufﬁns J, Schmidt D, et al. Assessing copy number from exome sequencing and exome array CGH based on CNV spectrum in a large clinical cohort. Genet Med.",Identification Evaluation and Management of Children with Autism,48,identification_guide
b7928685-98df-4b6a-83b0-b35eb759c175,"2015;17(8): 623–629 151. Ozonoff S, Young GS, Carter A, et al. Recurrence risk for autism spectrum disorders: a Baby Siblings Research Consortium study. Pediatrics. 2011; 128(3). Available at: www.pediatrics. org/cgi/content/full/128/3/e488 152. Jokiranta-Olkoniemi E, Cheslack-Postava K, Sucksdorff D, et al. Risk of psychiatric and neurodevelopmental disorders among siblings of probands with autism spectrum disorders. JAMA Psychiatry. 2016;73(6):622–629 153. Sandin S, Lichtenstein P, Kuja-Halkola",Identification Evaluation and Management of Children with Autism,48,identification_guide
8c359d21-df72-44bf-b835-f43a6b830dee,"R, Larsson H, Hultman CM, Reichenberg A. The familial risk of autism. JAMA. 2014; 311(17):1770–1777 154. Werling DM, Geschwind DH. Recurrence rates provide evidence for sex- differential, familial genetic liability for autism spectrum disorders in multiplex families and twins. Mol Autism. 2015;6: 27 155. Constantino JN, Zhang Y, Frazier T, Abbacchi AM, Law P. Sibling recurrence and the genetic epidemiology of autism. Am J Psychiatry. 2010;167(11): 1349–1356 156. Lindgren KA, Folstein SE, Tomblin",Identification Evaluation and Management of Children with Autism,48,identification_guide
d563a5d3-5499-4f34-a068-a5e0ed536c7b,"JB, Tager-Flusberg H. Language and reading abilities of children with autism spectrum disorders and speciﬁc language impairment and their ﬁrst-degree relatives. Autism Res. 2009; 2(1):22–38 157. Erbetta A, Bulgheroni S, Contarino VE, et al. Low-functioning autism and nonsyndromic intellectual disability: magnetic resonance imaging (MRI) ﬁndings. J Child Neurol. 2015;30(12): 1658–1663 158. Vasa RA, Ranta M, Huisman TA, Pinto PS, Tillman RM, Mostofsky SH. Normal rates of neuroradiological ﬁndings",Identification Evaluation and Management of Children with Autism,48,identification_guide
75bab2c2-d68e-4960-b6c5-0387672fc758,"in children with high functioning autism. J Autism Dev Disord. 2012;42(8): 1662–1670 159. Cooper AS, Friedlaender E, Levy SE, et al. The implications of brain MRI in autism spectrum disorder. J Child Neurol. 2016;31(14):1611–1616 160. Monterrey JC, Philips J, Cleveland S, et al. Incidental brain MRI ﬁndings in an autism twin study. Autism Res. 2017; 10(1):113–120 161. Filipek PA, Accardo PJ, Ashwal S, et al. Practice parameter: screening and diagnosis of autism: report of the Quality Standards",Identification Evaluation and Management of Children with Autism,48,identification_guide
994c1c44-0f05-4b49-b8b0-97cb23287d71,"Subcommittee of the American Academy of Neurology and the Child Neurology Society. Neurology. 2000;55(4):468–479 162. Moeschler JB, Shevell M; Committee on Genetics. Comprehensive evaluation of the child with intellectual disability or global developmental delays. 48 FROM THE AMERICAN ACADEMY OF PEDIATRICS Downloaded from http://publications.aap.org/pediatrics/article-pdf/145/1/e20193447/1078920/peds_20193447.pdf by guest",Identification Evaluation and Management of Children with Autism,48,identification_guide
3a73f824-f32e-4c38-b39e-82f46cf90e77,"Pediatrics. 2014;134(3). Available at: www.pediatrics.org/cgi/content/full/ 134/3/e903 163. Campistol J, Díez-Juan M, Callejón L, et al. Inborn error metabolic screening in individuals with nonsyndromic autism spectrum disorders. Dev Med Child Neurol. 2016;58(8):842–847 164. Hadjixenofontos A, Schmidt MA, Whitehead PL, et al. Evaluating mitochondrial DNA variation in autism spectrum disorders. Ann Hum Genet. 2013;77(1):9–21 165. Herman GE, Henninger N, Ratliff-Schaub K, Pastore M, Fitzgerald S,",Identification Evaluation and Management of Children with Autism,49,identification_guide
219c6460-0717-4fa9-a361-a12e8752d31c,"McBride KL. Genetic testing in autism: how much is enough? Genet Med. 2007;9(5):268–274 166. Schiff M, Benoist JF, Aïssaoui S, et al. Should metabolic diseases be systematically screened in nonsyndromic autism spectrum disorders? [published correction appears in PLoS One. 2011;6(8)]. PLoS One. 2011;6(7):e21932 167. Shevell M, Ashwal S, Donley D, et al; Quality Standards Subcommittee of the American Academy of Neurology; Practice Committee of the Child Neurology Society. Practice parameter:",Identification Evaluation and Management of Children with Autism,49,identification_guide
214d1708-5444-488e-b48a-1b2021732b3c,"evaluation of the child with global developmental delay: report of the Quality Standards Subcommittee of the American Academy of Neurology and the Practice Committee of the Child Neurology Society. Neurology. 2003; 60(3):367–380 168. Zecavati N, Spence SJ. Neurometabolic disorders and dysfunction in autism spectrum disorders. Curr Neurol Neurosci Rep. 2009;9(2):129–136 169. Council on Environmental Health. Prevention of childhood lead toxicity [published correction appears in Pediatrics.",Identification Evaluation and Management of Children with Autism,49,identification_guide
9d716389-e706-4707-8015-821cdb82febb,"2017;140(2):e20171490]. Pediatrics. 2016;138(1):e20161493 170. El Achkar CM, Spence SJ. Clinical characteristics of children and young adults with co-occurring autism spectrum disorder and epilepsy. Epilepsy Behav. 2015;47:183–190 171. Ghacibeh GA, Fields C. Interictal epileptiform activity and autism. Epilepsy Behav. 2015;47:158–162 172. Jeste SS, Tuchman R. Autism spectrum disorder and epilepsy: two sides of the same coin? J Child Neurol. 2015;30(14): 1963–1971 173. Jokiranta E, Sourander A,",Identification Evaluation and Management of Children with Autism,49,identification_guide
3a38c2b6-1261-43ba-a5c4-2c4ac4cc7f39,"Suominen A, Timonen-Soivio L, Brown AS, Sillanpää M. Epilepsy among children and adolescents with autism spectrum disorders: a population-based study. J Autism Dev Disord. 2014;44(10): 2547–2557 174. Woolfenden S, Sarkozy V, Ridley G, Coory M, Williams K. A systematic review of two outcomes in autism spectrum disorder - epilepsy and mortality. Dev Med Child Neurol. 2012;54(4):306–312 175. Yasuhara A. Correlation between EEG abnormalities and symptoms of autism spectrum disorder (ASD). Brain Dev.",Identification Evaluation and Management of Children with Autism,49,identification_guide
9c06e157-6874-45d9-8092-b77ebdb47018,"2010;32(10):791–798 176. Kagan-Kushnir T, Roberts SW, Snead OC III. Screening electroencephalograms in autism spectrum disorders: evidence- based guideline. J Child Neurol. 2005; 20(3):197–206 177. Tick B, Bolton P, Happé F, Rutter M, Rijsdijk F. Heritability of autism spectrum disorders: a meta-analysis of twin studies. J Child Psychol Psychiatry. 2016;57(5):585–595 178. Nordenbæk C, Jørgensen M, Kyvik KO, Bilenberg N. A Danish population-based twin study on autism spectrum disorders. Eur Child",Identification Evaluation and Management of Children with Autism,49,identification_guide
bfb1cad5-2eeb-4791-b5ed-c73af444dfdf,"Adolesc Psychiatry. 2014;23(1):35–43 179. Charman T, Young GS, Brian J, et al. Non-ASD outcomes at 36 months in siblings at familial risk for autism spectrum disorder (ASD): a baby siblings research consortium (BSRC) study. Autism Res. 2017;10(1):169–178 180. Bailey A, Le Couteur A, Gottesman I, et al. Autism as a strongly genetic disorder: evidence from a British twin study. Psychol Med. 1995;25(1):63–77 181. Robinson EB, Neale BM, Hyman SE. Genetic research in autism spectrum disorders. Curr",Identification Evaluation and Management of Children with Autism,49,identification_guide
d60d35ca-159b-425f-8fc2-d2b39906f5f0,"Opin Pediatr. 2015; 27(6):685–691 182. Bourgeron T. Current knowledge on the genetics of autism and propositions for future research. C R Biol. 2016;339(7–8): 300–307 183. Tick B, Bolton P, Happé F, Rutter M, Rijsdijk F. Heritability of autism spectrum disorders: a meta‐analysis of twin studies. J Child Psychol Psychiatry. 2016;57(5):585–595 184. Colvert E, Tick B, McEwen F, et al. Heritability of autism spectrum disorder in a UK population-based twin sample. JAMA Psychiatry. 2015;72(5): 415–423",Identification Evaluation and Management of Children with Autism,49,identification_guide
6b779535-1d28-441a-b4e7-82b16eb326b0,"185. Sandin S, Hultman CM, Kolevzon A, Gross R, MacCabe JH, Reichenberg A. Advancing maternal age is associated with increasing risk for autism: a review and meta-analysis [published correction appears in J Am Acad Child Adolesc Psychiatry. 2012;51(6):660]. J Am Acad Child Adolesc Psychiatry. 2012;51(5):477–486.e1 186. Sandin S, Schendel D, Magnusson P, et al. Autism risk associated with parental age and with increasing difference in age between the parents. Mol Psychiatry. 2016;21(5):693–700",Identification Evaluation and Management of Children with Autism,49,identification_guide
ce0d77f3-3577-457a-9f92-2250de46a220,"187. Hultman CM, Sandin S, Levine SZ, Lichtenstein P, Reichenberg A. Advancing paternal age and risk of autism: new evidence from a population-based study and a meta- analysis of epidemiological studies. Mol Psychiatry. 2011;16(12):1203–1212 188. Kong A, Frigge ML, Masson G, et al. Rate of de novo mutations and the importance of father’s age to disease risk. Nature. 2012;488(7412):471–475 189. Bourgeron T. From the genetic architecture to synaptic plasticity in autism spectrum disorder. Nat Rev",Identification Evaluation and Management of Children with Autism,49,identification_guide
7dc12110-9a9b-4cb8-ad75-5ba4b5f06db8,"Neurosci. 2015;16(9):551–563 190. de la Torre-Ubieta L, Won H, Stein JL, Geschwind DH. Advancing the understanding of autism disease mechanisms through genetics. Nat Med. 2016;22(4):345–361 191. De Rubeis S, Buxbaum JD. Genetics and genomics of autism spectrum disorder: embracing complexity. Hum Mol Genet. 2015;24(R1):R24–R31 192. Sanders SJ, He X, Willsey AJ, et al; Autism Sequencing Consortium. Insights into autism spectrum disorder genomic architecture and biology from 71 risk loci. Neuron.",Identification Evaluation and Management of Children with Autism,49,identification_guide
0a7aa694-8b31-44bd-8d6e-72ffed923ecb,"2015;87(6): 1215–1233 193. Lee H, Deignan JL, Dorrani N, et al. Clinical exome sequencing for genetic identiﬁcation of rare Mendelian disorders. JAMA. 2014;312(18): 1880–1887 PEDIATRICS Volume 145, number 1, January 2020 49 Downloaded from http://publications.aap.org/pediatrics/article-pdf/145/1/e20193447/1078920/peds_20193447.pdf by guest",Identification Evaluation and Management of Children with Autism,49,identification_guide
aa477307-269a-48f0-bea0-c39e4773eb94,"194. Liu X, Takumi T. Genomic and genetic aspects of autism spectrum disorder. Biochem Biophys Res Commun. 2014; 452(2):244–253 195. Rossi M, El-Khechen D, Black MH, Farwell Hagman KD, Tang S, Powis Z. Outcomes of diagnostic exome sequencing in patients with diagnosed or suspected autism spectrum disorders. Pediatr Neurol. 2017;70: 34–43.e2 196. Brandler WM, Sebat J. From de novo mutations to personalized therapeutic interventions in autism. Annu Rev Med. 2015;66:487–507 197. Coe BP, Girirajan S,",Identification Evaluation and Management of Children with Autism,50,identification_guide
a1d9f5e2-2de7-4a45-9e6b-7d495c0996c4,"Eichler EE. The genetic variability and commonality of neurodevelopmental disease. Am J Med Genet C Semin Med Genet. 2012;160C(2): 118–129 198. Gonzalez-Mantilla AJ, Moreno-De-Luca A, Ledbetter DH, Martin CL. A cross- disorder method to identify novel candidate genes for developmental brain disorders. JAMA Psychiatry. 2016; 73(3):275–283 199. Li J, Cai T, Jiang Y, et al. Genes with de novo mutations are shared by four neuropsychiatric disorders discovered from NPdenovo database [published",Identification Evaluation and Management of Children with Autism,50,identification_guide
59ed7c0d-6edd-4715-a61b-ac9e29cbd37f,"correction appears in Mol Psychiatry. 2016;21(2):298]. Mol Psychiatry. 2016; 21(2):290–297 200. Moreno-De-Luca A, Myers SM, Challman TD, Moreno-De-Luca D, Evans DW, Ledbetter DH. Developmental brain dysfunction: revival and expansion of old concepts based on new genetic evidence [published correction appears in Lancet Neurol. 2013;12(5):423]. Lancet Neurol. 2013;12(4):406–414 201. Mullin AP, Gokhale A, Moreno-De-Luca A, Sanyal S, Waddington JL, Faundez V. Neurodevelopmental disorders: mechanisms",Identification Evaluation and Management of Children with Autism,50,identification_guide
84a2669c-d487-49af-ac2b-7b8cc8f2c86b,"and boundary deﬁnitions from genomes, interactomes and proteomes. Transl Psychiatry. 2013;3: e329 202. Pescosolido MF, Gamsiz ED, Nagpal S, Morrow EM. Distribution of disease- associated copy number variants across distinct disorders of cognitive development. J Am Acad Child Adolesc Psychiatry. 2013;52(4):414–430.e14 203. Vorstman JAS, Parr JR, Moreno-De-Luca D, Anney RJL, Nurnberger JI Jr., Hallmayer JF. Autism genetics: opportunities and challenges for clinical translation. Nat Rev Genet. 2017;",Identification Evaluation and Management of Children with Autism,50,identification_guide
ea766e7e-8b7c-407b-bf63-924cc30b5950,"18(6):362–376 204. Waltereit R, Banaschewski T, Meyer- Lindenberg A, Poustka L. Interaction of neurodevelopmental pathways and synaptic plasticity in mental retardation, autism spectrum disorder and schizophrenia: implications for psychiatry. World J Biol Psychiatry. 2014;15(7):507–516 205. Gardener H, Spiegelman D, Buka SL. Perinatal and neonatal risk factors for autism: a comprehensive meta-analysis. Pediatrics. 2011;128(2):344–355 206. Christensen J, Grønborg TK, Sørensen MJ, et al. Prenatal",Identification Evaluation and Management of Children with Autism,50,identification_guide
0bc7d4b4-6975-4eb7-86b4-431f70b5ba36,"valproate exposure and risk of autism spectrum disorders and childhood autism. JAMA. 2013; 309(16):1696–1703 207. Bromley RL, Mawer G, Clayton-Smith J, Baker GA; Liverpool and Manchester Neurodevelopment Group. Autism spectrum disorders following in utero exposure to antiepileptic drugs. Neurology. 2008;71(23):1923–1924 208. Dodds L, Fell DB, Shea S, Armson BA, Allen AC, Bryson S. The role of prenatal, obstetric and neonatal factors in the development of autism. J Autism Dev Disord.",Identification Evaluation and Management of Children with Autism,50,identification_guide
c91fe8ab-f70e-4851-8d39-bd27e3d30033,"2011;41(7):891–902 209. Wu S, Wu F, Ding Y, Hou J, Bi J, Zhang Z. Advanced parental age and autism risk in children: a systematic review and meta-analysis. Acta Psychiatr Scand. 2017;135(1):29–41 210. Pinto-Martin JA, Levy SE, Feldman JF, Lorenz JM, Paneth N, Whitaker AH. Prevalence of autism spectrum disorder in adolescents born weighing ,2000 grams. Pediatrics. 2011;128(5): 883–891 211. Lampi KM, Lehtonen L, Tran PL, et al. Risk of autism spectrum disorders in low birth weight and small for",Identification Evaluation and Management of Children with Autism,50,identification_guide
efd13db8-cfbe-448d-a52f-c3ddd1c9655c,"gestational age infants. J Pediatr. 2012; 161(5):830–836 212. Guinchat V, Thorsen P, Laurent C, Cans C, Bodeau N, Cohen D. Pre-, peri- and neonatal risk factors for autism. Acta Obstet Gynecol Scand. 2012;91(3): 287–300 213. Duncan LE, Keller MC. A critical review of the ﬁrst 10 years of candidate gene- by-environment interaction research in psychiatry. Am J Psychiatry. 2011; 168(10):1041–1049 214. Kalkbrenner AE, Schmidt RJ, Penlesky AC. Environmental chemical exposures and autism spectrum",Identification Evaluation and Management of Children with Autism,50,identification_guide
38a54f24-6ed0-45c1-adb1-0fae6f2cf834,"disorders: a review of the epidemiological evidence. Curr Probl Pediatr Adolesc Health Care. 2014;44(10):277–318 215. Becerra TA, Wilhelm M, Olsen J, Cockburn M, Ritz B. Ambient air pollution and autism in Los Angeles county, California. Environ Health Perspect. 2013;121(3):380–386 216. Volk HE, Lurmann F, Penfold B, Hertz- Picciotto I, McConnell R. Trafﬁc-related air pollution, particulate matter, and autism. JAMA Psychiatry. 2013;70(1): 71–77 217. Mazina V, Gerdts J, Trinh S, et al. Epigenetics",Identification Evaluation and Management of Children with Autism,50,identification_guide
60af68a5-6edc-4f50-9e0d-2c3449403837,"of autism-related impairment: copy number variation and maternal infection. J Dev Behav Pediatr. 2015;36(2):61–67 218. Braunschweig D, Van de Water J. Maternal autoantibodies in autism. Arch Neurol. 2012;69(6):693–699 219. Brimberg L, Sadiq A, Gregersen PK, Diamond B. Brain-reactive IgG correlates with autoimmunity in mothers of a child with an autism spectrum disorder. Mol Psychiatry. 2013;18(11):1171–1177 220. Bauman MD, Iosif AM, Ashwood P, et al. Maternal antibodies from mothers of children",Identification Evaluation and Management of Children with Autism,50,identification_guide
1b0f000d-20e7-4938-a692-732f4b430b0d,"with autism alter brain growth and social behavior development in the rhesus monkey. Transl Psychiatry. 2013; 3:e278 221. Anderson GM. Autism biomarkers: challenges, pitfalls and possibilities. J Autism Dev Disord. 2015;45(4): 1103–1113 222. McDougle CJ, Landino SM, Vahabzadeh A, et al. Toward an immune-mediated subtype of autism spectrum disorder. Brain Res. 2015;1617:72–92 223. Isles AR. Neural and behavioral epigenetics; what it is, and what is hype. Genes Brain Behav. 2015;14(1): 64–72 224.",Identification Evaluation and Management of Children with Autism,50,identification_guide
b1a94507-b0d0-46fc-a973-43cb94a69e31,"Tordjman S, Somogyi E, Coulon N, et al. Gene 3 Environment interactions in autism spectrum disorders: role of epigenetic mechanisms. Front Psychiatry. 2014;5:53 50 FROM THE AMERICAN ACADEMY OF PEDIATRICS Downloaded from http://publications.aap.org/pediatrics/article-pdf/145/1/e20193447/1078920/peds_20193447.pdf by guest",Identification Evaluation and Management of Children with Autism,50,identification_guide
f4509ce0-2fde-479d-8eef-ab1aea728c17,"225. Bohacek J, Mansuy IM. Molecular insights into transgenerational non- genetic inheritance of acquired behaviours. Nat Rev Genet. 2015;16(11): 641–652 226. Ladd-Acosta C, Hansen KD, Briem E, Fallin MD, Kaufmann WE, Feinberg AP. Common DNA methylation alterations in multiple brain regions in autism. Mol Psychiatry. 2014;19(8):862–871 227. Loke YJ, Hannan AJ, Craig JM. The role of epigenetic change in autism spectrum disorders. Front Neurol. 2015; 6:107 228. Wong CC, Meaburn EL, Ronald A, et al.",Identification Evaluation and Management of Children with Autism,51,identification_guide
447b9bb2-5654-4229-8b3b-cf86de1079c6,"Methylomic analysis of monozygotic twins discordant for autism spectrum disorder and related behavioural traits. Mol Psychiatry. 2014;19(4):495–503 229. Jain A, Marshall J, Buikema A, Bancroft T, Kelly JP, Newschaffer CJ. Autism occurrence by MMR vaccine status among US children with older siblings with and without autism. JAMA. 2015; 313(15):1534–1540 230. Uno Y, Uchiyama T, Kurosawa M, Aleksic B, Ozaki N. Early exposure to the combined measles-mumps-rubella vaccine and thimerosal-containing",Identification Evaluation and Management of Children with Autism,51,identification_guide
5a9cc2ae-29c0-4bd6-97eb-c378eb67423a,"vaccines and risk of autism spectrum disorder. Vaccine. 2015;33(21): 2511–2516 231. Taylor LE, Swerdfeger AL, Eslick GD. Vaccines are not associated with autism: an evidence-based meta- analysis of case-control and cohort studies. Vaccine. 2014;32(29):3623–3629 232. Maglione MA, Das L, Raaen L, et al. Safety of vaccines used for routine immunization of U.S. children: a systematic review. Pediatrics. 2014; 134(2):325–337 233. DeStefano F, Price CS, Weintraub ES. Increasing exposure to antibody-",Identification Evaluation and Management of Children with Autism,51,identification_guide
1f8957b5-735c-4089-92f9-f2d3ffa1ae1c,"stimulating proteins and polysaccharides in vaccines is not associated with risk of autism. J Pediatr. 2013;163(2):561–567 234. Demicheli V, Rivetti A, Debalini MG, Di Pietrantonj C. Vaccines for measles, mumps and rubella in children. Cochrane Database Syst Rev. 2012;(2): CD004407 235. Gerber JS, Ofﬁt PA. Vaccines and autism: a tale of shifting hypotheses. Clin Infect Dis. 2009;48(4):456–461 236. Schechter R, Grether JK. Continuing increases in autism reported to California’s developmental",Identification Evaluation and Management of Children with Autism,51,identification_guide
3bc6bd86-a349-4c70-abf3-292931f2939c,"services system: mercury in retrograde. Arch Gen Psychiatry. 2008;65(1):19–24 237. Baird G, Pickles A, Simonoff E, et al. Measles vaccination and antibody response in autism spectrum disorders. Arch Dis Child. 2008;93(10): 832–837 238. Fombonne E, Zakarian R, Bennett A, Meng L, McLean-Heywood D. Pervasive developmental disorders in Montreal, Quebec, Canada: prevalence and links with immunizations. Pediatrics. 2006; 118(1). Available at: www.pediatrics. org/cgi/content/full/118/1/e139 239.",Identification Evaluation and Management of Children with Autism,51,identification_guide
2be38545-213c-46c0-a728-2bcf742bbdc7,"Institute of Medicine Immunization Safety Review Committee. Immunization Safety Review: Vaccines and Autism. Washington, DC: National Academies Press; 2004 240. Jefferson T, Price D, Demicheli V, Bianco E; European Research Program for Improved Vaccine Safety Surveillance (EUSAFEVAC) Project. Unintended events following immunization with MMR: a systematic review. Vaccine. 2003; 21(25–26):3954–3960 241. Klein KC, Diehl EB. Relationship between MMR vaccine and autism. Ann Pharmacother.",Identification Evaluation and Management of Children with Autism,51,identification_guide
a84421c4-38ca-4523-9f7f-31b7064fe2ee,"2004;38(7–8):1297–1300 242. Mutter J, Naumann J, Schneider R, Walach H, Haley B. Mercury and autism: accelerating evidence? Neuro Endocrinol Lett. 2005;26(5):439–446 243. Kimmel SR, Burns IT, Wolfe RM, Zimmerman RK. Addressing immunization barriers, beneﬁts, and risks. J Fam Pract. 2007;56(suppl 2): S61–S69 244. Parker SK, Schwartz B, Todd J, Pickering LK. Thimerosal-containing vaccines and autistic spectrum disorder: a critical review of published original data [published correction appears in",Identification Evaluation and Management of Children with Autism,51,identification_guide
d9847119-8ce7-4368-acea-fde5bef4f41f,"Pediatrics. 2005;115(1):200]. Pediatrics. 2004;114(3):793–804 245. Ortqvist Å, Blennow M, Carlsson RM, et al. Vaccination of children–a systematic review. Acta Paediatr. 2010; 99(461):1–192 246. Wilson K, Mills E, Ross C, McGowan J, Jadad A. Association of autistic spectrum disorder and the measles, mumps, and rubella vaccine: a systematic review of current epidemiological evidence. Arch Pediatr Adolesc Med. 2003;157(7):628–634 247. Clarke CE, Weberling McKeever B, Holton A, Dixon GN. The",Identification Evaluation and Management of Children with Autism,51,identification_guide
afba8478-4455-4d8b-a5af-53f533e88f9b,"inﬂuence of weight-of-evidence messages on (vaccine) attitudes: a sequential mediation model. J Health Commun. 2015;20(11):1302–1309 248. Nyhan B, Reiﬂer J, Richey S, Freed GL. Effective messages in vaccine promotion: a randomized trial. Pediatrics. 2014;133(4). Available at: www.pediatrics.org/cgi/content/full/ 133/4/e835 249. Casanova MF. The neuropathology of autism. In: Volkmar FR, Rogers SJ, Paul R, Pelphrey KA, eds. Handbook of Autism and Pervasive Developmental Disorders, 4th ed, Vol 1.",Identification Evaluation and Management of Children with Autism,51,identification_guide
67b0707b-280b-4c4e-aaa5-0cb470727339,"Hoboken, NJ: Wiley & Sons; 2014:346–531 250. Chen JA, Peñagarikano O, Belgard TG, Swarup V, Geschwind DH. The emerging picture of autism spectrum disorder: genetics and pathology. Annu Rev Pathol. 2015;10:111–144 251. Wegiel J, Kuchna I, Nowicki K, et al. The neuropathology of autism: defects of neurogenesis and neuronal migration, and dysplastic changes. Acta Neuropathol. 2010;119(6):755–770 252. Stoner R, Chow ML, Boyle MP, et al. Patches of disorganization in the neocortex of children with",Identification Evaluation and Management of Children with Autism,51,identification_guide
ca178433-2ea8-468a-9434-43229dc0afc1,"autism. N Engl J Med. 2014;370(13):1209–1219 253. Walsh P, Elsabbagh M, Bolton P, Singh I. In search of biomarkers for autism: scientiﬁc, social and ethical challenges. Nat Rev Neurosci. 2011;12(10):603–612 254. Goldani AAS, Downs SR, Widjaja F, Lawton B, Hendren RL. Biomarkers in autism. Front Psychiatry. 2014;5:100 255. Ruggeri B, Sarkans U, Schumann G, Persico AM. Biomarkers in autism spectrum disorder: the old and the new. Psychopharmacology (Berl). 2014; 231(6):1201–1216 256. Hazlett HC, Gu",Identification Evaluation and Management of Children with Autism,51,identification_guide
9f43b5d6-f84a-48b9-b6e6-eab0dce4b26d,"H, Munsell BC, et al; IBIS Network. Early brain development in infants at high risk for autism spectrum disorder. Nature. 2017; 542(7641):348–351 257. Courchesne E, Campbell K, Solso S. Brain growth across the life span in autism: age-speciﬁc changes in PEDIATRICS Volume 145, number 1, January 2020 51 Downloaded from http://publications.aap.org/pediatrics/article-pdf/145/1/e20193447/1078920/peds_20193447.pdf by guest",Identification Evaluation and Management of Children with Autism,51,identification_guide
b45211e3-478e-4c6a-b848-4123fa7795d2,"anatomical pathology. Brain Res. 2011; 1380:138–145 258. Sacco R, Gabriele S, Persico AM. Head circumference and brain size in autism spectrum disorder: a systematic review and meta-analysis. Psychiatry Res. 2015;234(2):239–251 259. Elder LM, Dawson G, Toth K, Fein D, Munson J. Head circumference as an early predictor of autism symptoms in younger siblings of children with autism spectrum disorder. J Autism Dev Disord. 2008;38(6):1104–1111 260. Dawson G, Munson J, Webb SJ, Nalty T, Abbott R, Toth",Identification Evaluation and Management of Children with Autism,52,identification_guide
b4ddd13f-1420-4116-83cf-b0b329073cde,"K. Rate of head growth decelerates and symptoms worsen in the second year of life in autism. Biol Psychiatry. 2007;61(4):458–464 261. Zwaigenbaum L, Young GS, Stone WL, et al. Early head growth in infants at risk of autism: a baby siblings research consortium study. J Am Acad Child Adolesc Psychiatry. 2014;53(10): 1053–1062 262. Chaste P, Klei L, Sanders SJ, et al. Adjusting head circumference for covariates in autism: clinical correlates of a highly heritable continuous trait. Biol Psychiatry.",Identification Evaluation and Management of Children with Autism,52,identification_guide
730c905b-2c3b-411c-8dff-e4ee664039dd,"2013;74(8):576–584 263. Chawarska K, Campbell D, Chen L, Shic F, Klin A, Chang J. Early generalized overgrowth in boys with autism. Arch Gen Psychiatry. 2011;68(10):1021–1031 264. Gray KM, Taffe J, Sweeney DJ, Forster S, Tonge BJ. Could head circumference be used to screen for autism in young males with developmental delay? J Paediatr Child Health. 2012;48(4): 329–334 265. Raznahan A, Wallace GL, Antezana L, et al. Compared to what? Early brain overgrowth in autism and the perils of population",Identification Evaluation and Management of Children with Autism,52,identification_guide
679a289e-e649-4f26-9920-da7f0f166e11,"norms. Biol Psychiatry. 2013; 74(8):563–575 266. Schumann CM, Bloss CS, Barnes CC, et al. Longitudinal magnetic resonance imaging study of cortical development through early childhood in autism. J Neurosci. 2010;30(12):4419–4427 267. Shen MD, Nordahl CW, Young GS, et al. Early brain enlargement and elevated extra-axial ﬂuid in infants who develop autism spectrum disorder. Brain. 2013; 136(pt 9):2825–2835 268. Schultz RT, Grelotti DJ, Klin A, et al. The role of the fusiform face area in social",Identification Evaluation and Management of Children with Autism,52,identification_guide
31d79c70-1895-4718-94fb-34f4110dadd2,"cognition: implications for the pathobiology of autism. Philos Trans R Soc Lond B Biol Sci. 2003;358(1430): 415–427 269. Nordahl CW, Scholz R, Yang X, et al. Increased rate of amygdala growth in children aged 2 to 4 years with autism spectrum disorders: a longitudinal study. Arch Gen Psychiatry. 2012;69(1): 53–61 270. Blackmon K. Structural MRI biomarkers of shared pathogenesis in autism spectrum disorder and epilepsy. Epilepsy Behav. 2015;47:172–182 271. Chen R, Jiao Y, Herskovits EH. Structural",Identification Evaluation and Management of Children with Autism,52,identification_guide
5904f7fe-e065-4b45-9346-2ef039f224fb,"MRI in autism spectrum disorder. Pediatr Res. 2011;69(5, pt 2):63R–68R 272. Nickl-Jockschat T, Habel U, Michel TM, et al. Brain structure anomalies in autism spectrum disorder–a meta- analysis of VBM studies using anatomic likelihood estimation. Hum Brain Mapp. 2012;33(6):1470–1489 273. Wolff JJ, Gu H, Gerig G, et al; IBIS Network. Differences in white matter ﬁber tract development present from 6 to 24 months in infants with autism. Am J Psychiatry. 2012;169(6):589–600 274. Philip RC, Dauvermann",Identification Evaluation and Management of Children with Autism,52,identification_guide
46fd04ce-3acf-4565-b35e-1d301a3af1d9,"MR, Whalley HC, Baynham K, Lawrie SM, Stanﬁeld AC. A systematic review and meta-analysis of the fMRI investigation of autism spectrum disorders. Neurosci Biobehav Rev. 2012;36(2):901–942 275. Mahajan R, Mostofsky SH. Neuroimaging endophenotypes in autism spectrum disorder. CNS Spectr. 2015;20(4):412–426 276. Cerliani L, Mennes M, Thomas RM, Di Martino A, Thioux M, Keysers C. Increased functional connectivity between subcortical and cortical resting-state networks in autism spectrum disorder. JAMA",Identification Evaluation and Management of Children with Autism,52,identification_guide
50016168-b0fc-4deb-b193-a81316254e32,"Psychiatry. 2015;72(8):767–777 277. Doyle-Thomas KA, Lee W, Foster NE, et al; NeuroDevNet ASD Imaging Group. Atypical functional brain connectivity during rest in autism spectrum disorders. Ann Neurol. 2015;77(5): 866–876 278. Jeste SS, Nelson CA III. Event related potentials in the understanding of autism spectrum disorders: an analytical review. J Autism Dev Disord. 2009;39(3):495–510 279. Jeste SS, Frohlich J, Loo SK. Electrophysiological biomarkers of diagnosis and outcome in",Identification Evaluation and Management of Children with Autism,52,identification_guide
b5a16e3b-273f-445e-aae2-c320d2c76ae1,"neurodevelopmental disorders. Curr Opin Neurol. 2015;28(2):110–116 280. Marco EJ, Hinkley LB, Hill SS, Nagarajan SS. Sensory processing in autism: a review of neurophysiologic ﬁndings. Pediatr Res. 2011;69(5, pt 2):48R–54R 281. Massand E, Bowler DM, Mottron L, Hosein A, Jemel B. ERP correlates of recognition memory in autism spectrum disorder. J Autism Dev Disord. 2013;43(9):2038–2047 282. Di Giorgio E, Frasnelli E, Salva OR, et al. ifference in visual social predispositions between newborns at",Identification Evaluation and Management of Children with Autism,52,identification_guide
d7035edb-0177-4e63-913c-78809ac2b449,"low- and high-risk for autism. Sci Rep. 2016;6:29860 283. Constantino J, Kennon-McGill S, Weichselbaum C, et al. Infant viewing of social scenes is under genetic control and atypical in autism. Nature. 2017; 547(7663):340–344 284. Simion F, Di Giorgio E. Face perception and processing in early infancy: inborn predispositions and developmental changes. Front Psychol. 2015;6:969 285. Jones W, Klin A. Attention to eyes is present but in decline in 2–6-month-old infants later diagnosed with autism.",Identification Evaluation and Management of Children with Autism,52,identification_guide
0ea716b9-7bc8-45b3-8be1-05db85b1ab5c,"Nature. 2013;504(7480):427–431 286. Walker CK, Anderson KW, Milano KM, et al. Trophoblast inclusions are signiﬁcantly increased in the placentas of children in families at risk for autism. Biol Psychiatry. 2013;74(3): 204–211 287. Anderson GM, Jacobs-Stannard A, Chawarska K, Volkmar FR, Kliman HJ. Placental trophoblast inclusions in autism spectrum disorder. Biol Psychiatry. 2007;61(4):487–491 288. Voineagu I, Yoo HJ. Current progress and challenges in the search for autism biomarkers. Dis",Identification Evaluation and Management of Children with Autism,52,identification_guide
c03a5fbf-3a41-4069-9fd8-3372ef2083d7,"Markers. 2013;35(1): 55–65 289. Anderson GM, Stahl SS. Two proposed early biomarker tests of ASD: more harm than good. J Autism Dev Disord. 2014;44(4):988–989 290. Jordan BR, Tsai DF. Whole-genome association studies for multigenic 52 FROM THE AMERICAN ACADEMY OF PEDIATRICS Downloaded from http://publications.aap.org/pediatrics/article-pdf/145/1/e20193447/1078920/peds_20193447.pdf by guest",Identification Evaluation and Management of Children with Autism,52,identification_guide
9681250b-9302-47ab-a29b-bcaf896a1345,"diseases: ethical dilemmas arising from commercialization–the case of genetic testing for autism. J Med Ethics. 2010;36(7):440–444 291. Hernandez LM, Rudie JD, Green SA, Bookheimer S, Dapretto M. Neural signatures of autism spectrum disorders: insights into brain network dynamics. Neuropsychopharmacology. 2015;40(1):171–189 292. Ameis SH, Kassee C, Corbett-Dick P, et al. ystemic review and guide to management of core and psychiatric symptoms in youth with autism. Acta Psychiatr Scand.",Identification Evaluation and Management of Children with Autism,53,identification_guide
8b8ff011-c3da-4c55-9f90-0ebedb6fa6f0,"2018;138(5):379–400 293. Mannion A, Leader G. Comorbidity in autism spectrum disorder: a literature review. Res Autism Spectr Disord. 2013; 7(12):1595–1616 294. Lyra L, Rizzo LE, Sunahara CS, et al. What do Cochrane systematic reviews say about interventions for autism spectrum disorders? Sao Paulo Med J. 2017;135(2):192–201 295. Wong C, Odom SL, Hume KA, et al. Evidence-based practices for children, youth, and young adults with autism spectrum disorder: a comprehensive review. J Autism Dev",Identification Evaluation and Management of Children with Autism,53,identification_guide
5d0879c7-cd79-4a22-bd9b-807a027e6b12,"Disord. 2015;45(7): 1951–1966 296. Schreibman L, Dawson G, Stahmer AC, et al. Naturalistic developmental behavioral interventions: empirically validated treatments for autism spectrum disorder. J Autism Dev Disord. 2015;45(8):2411–2428 297. Smith T, Iadarola S. Evidence base update for autism spectrum disorder. J Clin Child Adolesc Psychol. 2015;44(6): 897–922 298. Weitlauf AS, McPheeters ML, Peters B, et al. Therapies for Children With Autism Spectrum Disorder: Behavioral Interventions Update.",Identification Evaluation and Management of Children with Autism,53,identification_guide
862273c0-0e70-4d6a-8195-4f600d15b28f,"Rockville, MD: Agency for Healthcare Research and Quality; 2014 299. Wang L, Mandell DS, Lawer L, Cidav Z, Leslie DL. Healthcare service use and costs for autism spectrum disorder: a comparison between Medicaid and private insurance. J Autism Dev Disord. 2013;43(5):1057–1064 300. Warren Z, McPheeters ML, Sathe N, Foss-Feig JH, Glasser A, Veenstra- Vanderweele J. A systematic review of early intensive intervention for autism spectrum disorders. Pediatrics. 2011; 127(5). Available at:",Identification Evaluation and Management of Children with Autism,53,identification_guide
3e05927e-98f1-4408-a8fb-53d774ca02cf,"www.pediatrics. org/cgi/content/full/127/5/e1303 301. McPheeters ML, Warren Z, Sathe N, et al. A systematic review of medical treatments for children with autism spectrum disorders. Pediatrics. 2011; 127(5). Available at: www.pediatrics. org/cgi/content/full/127/5/e1312 302. National Autism Center. Findings and Conclusions: National Standards Project, Phase 2. Randolph, MA: National Autism Center at May Institute; 2015 303. Odom SL, Boyd BA, Hall LJ, Hume K. Evaluation of comprehensive treatment",Identification Evaluation and Management of Children with Autism,53,identification_guide
7aef5beb-270a-4a6a-afba-02845efd3c7f,"models for individuals with autism spectrum disorders. J Autism Dev Disord. 2010;40(4):425–436 304. Schreibman L, Stahmer AC. A randomized trial comparison of the effects of verbal and pictorial naturalistic communication strategies on spoken language for young children with autism. J Autism Dev Disord. 2014; 44(5):1244–1251 305. Murza KA, Schwartz JB, Hahs-Vaughn DL, Nye C. Joint attention interventions for children with autism spectrum disorder: a systematic review and meta-analysis. Int J Lang",Identification Evaluation and Management of Children with Autism,53,identification_guide
a662a64f-141c-4b1f-9026-39ea928c61dc,"Commun Disord. 2016;51(3):236–251 306. Houtrow A, Murphy N; Council on Children With Disabilities. Prescribing physical, occupational, and speech therapy services for children with disabilities. Pediatrics. 2019;143(4): e20190285 307. Maglione MA, Gans D, Das L, Timbie J, Kasari C; Technical Expert Panel; HRSA Autism Intervention Research – Behavioral (AIR-B) Network. Nonmedical interventions for children with ASD: recommended guidelines and further research needs. Pediatrics. 2012; 130(suppl",Identification Evaluation and Management of Children with Autism,53,identification_guide
19560188-5213-45c0-a0c5-358ea7c64378,"2):S169–S178 308. Stahmer AC. Effective strategies by any other name. Autism. 2014;18(3):211–212 309. Roane HS, Fisher WW, Carr JE. Applied behavior analysis as treatment for autism spectrum disorder. J Pediatr. 2016;175:27–32 310. Baer DM, Wolf MM, Risley TR. Some current dimensions of applied behavior analysis. J Appl Behav Anal. 1968;1(1): 91–97 311. Lovaas OI, Smith T. A comprehensive behavioral theory of autistic children: paradigm for research and treatment. J Behav Ther Exp Psychiatry.",Identification Evaluation and Management of Children with Autism,53,identification_guide
b936d3e5-2517-4947-bef0-85b6e0930c4b,"1989;20(1): 17–29 312. Smith T, Eikeseth S. O. Ivar lovaas: pioneer of applied behavior analysis and intervention for children with autism. J Autism Dev Disord. 2011;41(3): 375–378 313. Leaf JB, Leaf JA, Milne C, et al. An evaluation of a behaviorally based social skills group for individuals diagnosed with autism spectrum disorder. J Autism Dev Disord. 2017; 47(2):243–259 314. Lounds Taylor J, Dove D, Veenstra- VanderWeele J, et al. Interventions for Adolescents and Young Adults With Autism",Identification Evaluation and Management of Children with Autism,53,identification_guide
a289a2d9-9038-4d1c-8442-cf18a996da8e,"Spectrum Disorders. Rockville, MD: Agency for Healthcare Research and Quality; 2012 315. Linstead E, Dixon DR, French R, et al. Intensity and learning outcomes in the treatment of children with autism spectrum disorder. Behav Modif. 2017; 41(2):229–252 316. Orinstein AJ, Helt M, Troyb E, et al. Intervention for optimal outcome in children and adolescents with a history of autism. J Dev Behav Pediatr. 2014; 35(4):247–256 317. Granpeesheh D, Tarbox J, Dixon DR. Applied behavior analytic",Identification Evaluation and Management of Children with Autism,53,identification_guide
741e1e7d-5674-4626-806e-3caf14a578b6,"interventions for children with autism: a description and review of treatment research. Ann Clin Psychiatry. 2009;21(3):162–173 318. Landry SH, Smith KE, Swank PR, Miller- Loncar CL. Early maternal and child inﬂuences on children’s later independent cognitive and social functioning. Child Dev. 2000;71(2): 358–375 319. Tamis-LeMonda CS, Bornstein MH, Baumwell L. Maternal responsiveness and children’s achievement of language milestones. Child Dev. 2001;72(3): 748–767 320. Siller M, Sigman M. The",Identification Evaluation and Management of Children with Autism,53,identification_guide
08929ce1-6544-40a7-b7d4-1d03f575f8a0,"behaviors of parents of children with autism predict the subsequent development of their children’s communication. J Autism Dev Disord. 2002;32(2):77–89 321. Green J, Charman T, McConachie H, et al; PACT Consortium. Parent-mediated communication-focused treatment in PEDIATRICS Volume 145, number 1, January 2020 53 Downloaded from http://publications.aap.org/pediatrics/article-pdf/145/1/e20193447/1078920/peds_20193447.pdf by guest",Identification Evaluation and Management of Children with Autism,53,identification_guide
c37dea20-08a2-4e68-a9a1-c5acbbc4332c,"children with autism (PACT): a randomised controlled trial. Lancet. 2010;375(9732):2152–2160 322. Kasari C, Gulsrud AC, Wong C, Kwon S, Locke J. Randomized controlled caregiver mediated joint engagement intervention for toddlers with autism. J Autism Dev Disord. 2010;40(9): 1045–1056 323. Solomon R, Van Egeren LA, Mahoney G, Quon Huber MS, Zimmerman P. PLAY Project Home Consultation intervention program for young children with autism spectrum disorders: a randomized controlled trial. J Dev Behav",Identification Evaluation and Management of Children with Autism,54,identification_guide
d676873e-95d8-4ed8-8022-7438be07cb9b,"Pediatr. 2014;35(8):475–485 324. Gutstein SE. Empowering families through relationship development intervention: an important part of the biopsychosocial management of autism spectrum disorders. Ann Clin Psychiatry. 2009;21(3):174–182 325. Estes A, Munson J, Rogers SJ, Greenson J, Winter J, Dawson G. Long-term outcomes of early intervention in 6- year-old children with autism spectrum disorder. J Am Acad Child Adolesc Psychiatry. 2015;54(7):580–587 326. Rogers SJ, Estes A, Lord C, et al. Effects",Identification Evaluation and Management of Children with Autism,54,identification_guide
a2499710-28a3-4c9c-ad54-89013f2e684d,"of a brief Early Start Denver model (ESDM)-based parent intervention on toddlers at risk for autism spectrum disorders: a randomized controlled trial. J Am Acad Child Adolesc Psychiatry. 2012;51(10):1052–1065 327. Dawson G, Jones EJ, Merkle K, et al. Early behavioral intervention is associated with normalized brain activity in young children with autism. J Am Acad Child Adolesc Psychiatry. 2012;51(11):1150–1159 328. Ingersoll BR, Wainer AL. Pilot study of a school-based parent training program",Identification Evaluation and Management of Children with Autism,54,identification_guide
80350a6c-5166-4c19-9702-d15a92aa0574,"for preschoolers with ASD. Autism. 2013;17(4):434–448 329. Oono IP, Honey EJ, McConachie H. Parent-mediated early intervention for young children with autism spectrum disorders (ASD). Cochrane Database Syst Rev. 2013;(4):CD009774 330. Beaudoin AJ, Sébire G, Couture M. Parent training interventions for toddlers with autism spectrum disorder. Autism Res Treat. 2014;2014: 839890 331. Bearss K, Johnson C, Smith T, et al. Effect of parent training vs parent education on behavioral problems in children",Identification Evaluation and Management of Children with Autism,54,identification_guide
0bb882e1-05cd-4e3b-a5ac-4b412fa54bf0,"with autism spectrum disorder: a randomized clinical trial. JAMA. 2015;313(15):1524–1533 332. Bearss K, Burrell TL, Stewart L, Scahill L. Parent training in autism spectrum disorder: what’s in a name? [published correction appears in Clin Child Fam Psychol Rev. 2015;18(2):183]. Clin Child Fam Psychol Rev. 2015;18(2):170–182 333. Wainer AL, Ingersoll BR. Increasing access to an ASD imitation intervention via a telehealth parent training program. J Autism Dev Disord. 2015; 45(12):3877–3890 334.",Identification Evaluation and Management of Children with Autism,54,identification_guide
e20cb902-aa87-45b2-8ad5-874aa6d459f4,"Ingersoll B, Berger NI. Parent engagement with a telehealth-based parent-mediated intervention program for children with autism spectrum disorders: predictors of program use and parent outcomes [published correction appears in J Med Internet Res. 2015;17(11):e239]. J Med Internet Res. 2015;17(10):e227 335. Ingersoll B, Wainer AL, Berger NI, Pickard KE, Bonter N. Comparison of a self-directed and therapist-assisted telehealth parent-mediated intervention for children with ASD: a pilot RCT. J",Identification Evaluation and Management of Children with Autism,54,identification_guide
4154995d-49c5-42a4-85c4-03062cadce69,"Autism Dev Disord. 2016;46(7): 2275–2284 336. Turner-Brown L, Hume K, Boyd BA, Kainz K. Preliminary efﬁcacy of family implemented TEACCH for toddlers: effects on parents and their toddlers with autism spectrum disorder. J Autism Dev Disord. 2019;49(7): 2685–2698 337. Lindgren S, Wacker D, Suess A, et al. Telehealth and autism: treating challenging behavior at lower cost. Pediatrics. 2016;137(suppl 2): S167–S175 338. Kasari C, Gulsrud A, Paparella T, Hellemann G, Berry K. Randomized comparative",Identification Evaluation and Management of Children with Autism,54,identification_guide
d0e20490-5b08-4890-921a-938f26406303,"efﬁcacy study of parent- mediated interventions for toddlers with autism. J Consult Clin Psychol. 2015;83(3):554–563 339. Harrop C. Evidence-based, parent- mediated interventions for young children with autism spectrum disorder: the case of restricted and repetitive behaviors. Autism. 2015;19(6): 662–672 340. Scahill L, Bearss K, Lecavalier L, et al. Effect of parent training on adaptive behavior in children with autism spectrum disorder and disruptive behavior: results of a randomized trial. J",Identification Evaluation and Management of Children with Autism,54,identification_guide
525127e5-79e7-440b-a477-839bdd20dc3a,"Am Acad Child Adolesc Psychiatry. 2016;55(7):602–609.e3 341. Bearss K, Lecavalier L, Minshawi N, et al. Toward an exportable parent training program for disruptive behaviors in autism spectrum disorders. Neuropsychiatry (London). 2013;3(2):169–180 342. Grahame V, Brett D, Dixon L, et al. Managing repetitive behaviours in young children with autism spectrum disorder (ASD): pilot randomised controlled trial of a new parent group intervention. J Autism Dev Disord. 2015; 45(10):3168–3182 343.",Identification Evaluation and Management of Children with Autism,54,identification_guide
455b38cc-f248-42c6-b686-229f683ae6f0,"Wetherby AM, Guthrie W, Woods J, et al. Parent-implemented social intervention for toddlers with autism: an RCT. Pediatrics. 2014;134(6):1084–1093 344. Boyd BA, Hume K, McBee MT, et al. Comparative efﬁcacy of LEAP, TEACCH and non-model-speciﬁc special education programs for preschoolers with autism spectrum disorders. J Autism Dev Disord. 2014;44(2): 366–380 345. Strain PS, Bovey EH II. Randomized, controlled trial of the LEAP model of early intervention for young children with autism spectrum",Identification Evaluation and Management of Children with Autism,54,identification_guide
a786f491-4277-495b-a3e4-70d892b9c1ce,"disorders. Topics Early Child Spec Educ. 2011;31(3): 133–154 346. Strain PS, Hoyson M. The need for longitudinal, intensive social skill intervention: LEAP follow-up outcomes for children with autism. Topics Early Child Spec Educ. 2000;20(2):116–122 347. Virues-Ortega J, Julio FM, Pastor- Barriuso R. The TEACCH program for children and adults with autism: a meta-analysis of intervention studies. Clin Psychol Rev. 2013;33(8):940–953 348. Lipkin PH, Okamoto J; Council on Children with Disabilities;",Identification Evaluation and Management of Children with Autism,54,identification_guide
0b2930e4-bd20-463b-a4d0-f4b3448c0bc9,Council on School Health. The Individuals With Disabilities Education Act (IDEA) for children with special educational needs. Pediatrics. 2015;136(6). Available at: www.pediatrics.org/cgi/content/full/ 136/6/e1650 54 FROM THE AMERICAN ACADEMY OF PEDIATRICS Downloaded from http://publications.aap.org/pediatrics/article-pdf/145/1/e20193447/1078920/peds_20193447.pdf by guest,Identification Evaluation and Management of Children with Autism,54,identification_guide
ef93aaea-c183-46e4-9285-467269ff0e16,"349. US Department of Education. Protecting students with disabilities. Available at: https://www2.ed.gov/about/ofﬁces/list/ ocr/504faq.html. Accessed December 1, 2019 350. Ricketts J. Research review: reading comprehension in developmental disorders of language and communication. J Child Psychol Psychiatry. 2011;52(11):1111–1123 351. Kasari C, Rotheram-Fuller E, Locke J, Gulsrud A. Making the connection: randomized controlled trial of social skills at school for children with autism spectrum",Identification Evaluation and Management of Children with Autism,55,identification_guide
7a18d602-0eec-456c-8301-cef7d26c83d8,"disorders. J Child Psychol Psychiatry. 2012;53(4):431–439 352. Kretzmann M, Shih W, Kasari C. Improving peer engagement of children with autism on the school playground: a randomized controlled trial. Behav Ther. 2015;46(1):20–28 353. Foster EM, Pearson E. Is inclusivity an indicator of quality of care for children with autism in special education? Pediatrics. 2012;130(suppl 2): S179–S185 354. Otero TL, Schatz RB, Merrill AC, Bellini S. Social skills training for youth with autism spectrum",Identification Evaluation and Management of Children with Autism,55,identification_guide
68f3b2f5-aba5-43ae-b1ab-a6cd131fd553,"disorders: a follow-up. Child Adolesc Psychiatr Clin N Am. 2015; 24(1):99–115 355. Whalon KJ, Conroy MA, Martinez JR, Werch BL. School-based peer-related social competence interventions for children with autism spectrum disorder: a meta-analysis and descriptive review of single case research design studies. J Autism Dev Disord. 2015;45(6):1513–1531 356. Reichow B, Steiner AM, Volkmar F. Cochrane review: social skills groups for people aged 6 to 21 with autism spectrum disorders (ASD). Evid Based",Identification Evaluation and Management of Children with Autism,55,identification_guide
bcd4f810-9741-40e6-85c7-b906a72b1660,"Child Health. 2013;8(2):266–315 357. Reichow B, Volkmar FR. Social skills interventions for individuals with autism: evaluation for evidence-based practices within a best evidence synthesis framework. J Autism Dev Disord. 2010;40(2):149–166 358. Laugeson EA, Ellingsen R, Sanderson J, Tucci L, Bates S. The ABC’s of teaching social skills to adolescents with autism spectrum disorder in the classroom: the UCLA PEERS (®) Program. J Autism Dev Disord. 2014;44(9):2244–2256 359. Laugeson EA, Gantman A,",Identification Evaluation and Management of Children with Autism,55,identification_guide
ac3c4e98-0f38-4440-9770-6a57540e8d15,"Kapp SK, Orenski K, Ellingsen R. A randomized controlled trial to improve social skills in young adults with autism spectrum disorder: The UCLA PEERS(®) program. J Autism Dev Disord. 2015;45(12): 3978–3989 360. Krasny L, Williams BJ, Provencal S, Ozonoff S. Social skills interventions for the autism spectrum: essential ingredients and a model curriculum. Child Adolesc Clin North Am. 2003;12(1): 107–122 361. Green VA, Pituch KA, Itchon J, Choi A, O’Reilly M, Sigafoos J. Internet survey of",Identification Evaluation and Management of Children with Autism,55,identification_guide
eb3b6c4c-1e98-4da4-be36-53b5cfe5350c,"treatments used by parents of children with autism. Res Dev Disabil. 2006; 27(1):70–84 362. DeThorne LS, Johnson CJ, Walder L, Mahurin-Smith J. When “Simon says” doesn’t work: alternatives to imitation for facilitating early speech development. Am J Speech Lang Pathol. 2009;18(2):133–145 363. Anderson DK, Lord C, Risi S, et al. Patterns of growth in verbal abilities among children with autism spectrum disorder. J Consult Clin Psychol. 2007; 75(4):594–604 364. Wodka EL, Mathy P, Kalb L. Predictors",Identification Evaluation and Management of Children with Autism,55,identification_guide
78354275-46e0-414e-b303-da4f78977508,"of phrase and ﬂuent speech in children with autism and severe language delay. Pediatrics. 2013;131(4). Available at: www.pediatrics.org/cgi/content/full/ 131/4/e1128 365. Schlosser RW, Wendt O. Effects of augmentative and alternative communication intervention on speech production in children with autism: a systematic review. Am J Speech Lang Pathol. 2008;17(3):212–230 366. Ganz JB, Mason RA, Goodwyn FD, Boles MB, Heath AK, Davis JL. Interaction of participant characteristics and type of AAC with",Identification Evaluation and Management of Children with Autism,55,identification_guide
5bb0d1cf-d23f-4bfb-adec-f4cce689126f,"individuals with ASD: a meta- analysis. Am J Intellect Dev Disabil. 2014;119(6):516–535 367. Knight V, Sartini E, Spriggs AD. Evaluating visual activity schedules as evidence-based practice for individuals with autism spectrum disorders. J Autism Dev Disord. 2015;45(1): 157–178 368. Ganz JB. AAC interventions for individuals with autism spectrum disorders: state of the science and future research directions. Augment Altern Commun. 2015;31(3):203–214 369. American Academy of Pediatrics Committee",Identification Evaluation and Management of Children with Autism,55,identification_guide
172d6e26-1ef9-4e3f-82bb-81c33ca8c412,"on Children with Disabilities. Auditory integration training and facilitated communication for autism. Pediatrics. 1998;102(2, pt 1):431–433 370. Schlosser RW, Balandin S, Hemsley B, Iacono T, Probst P, von Tetzchner S. Facilitated communication and authorship: a systematic review. Augment Altern Commun. 2014;30(4): 359–368 371. Adams C, Lockton E, Freed J, et al. The Social Communication Intervention Project: a randomized controlled trial of the effectiveness of speech and language therapy for",Identification Evaluation and Management of Children with Autism,55,identification_guide
39223f4e-087e-4452-a566-a72b83d3351e,"school-age children who have pragmatic and social communication problems with or without autism spectrum disorder. Int J Lang Commun Disord. 2012;47(3): 233–244 372. Lloyd M, MacDonald M, Lord C. Motor skills of toddlers with autism spectrum disorders. Autism. 2013;17(2):133–146 373. Ament K, Mejia A, Buhlman R, et al. Evidence for speciﬁcity of motor impairments in catching and balance in children with autism. J Autism Dev Disord. 2015;45(3):742–751 374. Bilaver LA, Cushing LS, Cutler AT.",Identification Evaluation and Management of Children with Autism,55,identification_guide
05977dad-0045-4ff2-a61a-d89c3f277501,"Prevalence and correlates of educational intervention utilization among children with autism spectrum disorder. J Autism Dev Disord. 2016; 46(2):561–571 375. Srinivasan SM, Pescatello LS, Bhat AN. Current perspectives on physical activity and exercise recommendations for children and adolescents with autism spectrum disorders. Phys Ther. 2014;94(6):875–889 376. Zimmer M, Desch L; Section on Complementary and Integrative Medicine; Council on Children with Disabilities; American Academy of",Identification Evaluation and Management of Children with Autism,55,identification_guide
dc3784e5-6a17-4456-b823-dea1b83991dc,"Pediatrics. Sensory integration therapies for children with developmental and behavioral disorders. Pediatrics. 2012;129(6): 1186–1189 377. Wigham S, Rodgers J, South M, McConachie H, Freeston M. The interplay between sensory processing abnormalities, intolerance of PEDIATRICS Volume 145, number 1, January 2020 55 Downloaded from http://publications.aap.org/pediatrics/article-pdf/145/1/e20193447/1078920/peds_20193447.pdf by guest",Identification Evaluation and Management of Children with Autism,55,identification_guide
eb901694-a5c5-4bcc-aa87-2dba1b07ada9,"uncertainty, anxiety and restricted and repetitive behaviours in autism spectrum disorder. J Autism Dev Disord. 2015;45(4):943–952 378. Barton EE, Reichow B, Schnitz A, Smith IC, Sherlock D. A systematic review of sensory-based treatments for children with disabilities. Res Dev Disabil. 2015; 37:64–80 379. Case-Smith J, Weaver LL, Fristad MA. A systematic review of sensory processing interventions for children with autism spectrum disorders. Autism. 2015;19(2):133–148 380. Bauman ML. Medical",Identification Evaluation and Management of Children with Autism,56,identification_guide
6d4cbd55-d7f3-4f72-bce7-cd53a6947838,"comorbidities in autism: challenges to diagnosis and treatment. Neurotherapeutics. 2010; 7(3):320–327 381. Joshi G, Petty C, Wozniak J, et al. The heavy burden of psychiatric comorbidity in youth with autism spectrum disorders: a large comparative study of a psychiatrically referred population. J Autism Dev Disord. 2010;40(11):1361–1370 382. Viscidi EW, Triche EW, Pescosolido MF, et al. Clinical characteristics of children with autism spectrum disorder and co- occurring epilepsy. PLoS One.",Identification Evaluation and Management of Children with Autism,56,identification_guide
b5e94d5c-620f-403c-a079-35ea94e08f1b,"2013;8(7): e67797 383. van Eeghen AM, Pulsifer MB, Merker VL, et al. Understanding relationships between autism, intelligence, and epilepsy: a cross-disorder approach. Dev Med Child Neurol. 2013;55(2): 146–153 384. Sansa G, Carlson C, Doyle W, et al. Medically refractory epilepsy in autism. Epilepsia. 2011;52(6):1071–1075 385. Ibrahim SH, Voigt RG, Katusic SK, Weaver AL, Barbaresi WJ. Incidence of gastrointestinal symptoms in children with autism: a population-based study. Pediatrics.",Identification Evaluation and Management of Children with Autism,56,identification_guide
679e99b3-ef68-4af1-96a2-ae0ab844b7ed,"2009;124(2):680–686 386. Chaidez V, Hansen RL, Hertz-Picciotto I. Gastrointestinal problems in children with autism, developmental delays or typical development. J Autism Dev Disord. 2014;44(5):1117–1127 387. Buie T, Campbell DB, Fuchs GJ III, et al. Evaluation, diagnosis, and treatment of gastrointestinal disorders in individuals with ASDs: a consensus report. Pediatrics. 2010;125(suppl 1): S1–S18 388. Bresnahan M, Hornig M, Schultz AF, et al. Association of maternal report of infant and toddler",Identification Evaluation and Management of Children with Autism,56,identification_guide
02ba4372-bc49-4fb5-83d5-003162ca989c,"gastrointestinal symptoms with autism: evidence from a prospective birth cohort. JAMA Psychiatry. 2015;72(5):466–474 389. Mazurek MO, Vasa RA, Kalb LG, et al. Anxiety, sensory over-responsivity, and gastrointestinal problems in children with autism spectrum disorders. J Abnorm Child Psychol. 2013;41(1): 165–176 390. Buie T, Fuchs GJ III, Furuta GT, et al. Recommendations for evaluation and treatment of common gastrointestinal problems in children with ASDs. Pediatrics. 2010;125(suppl 1):S19–S29",Identification Evaluation and Management of Children with Autism,56,identification_guide
c416afa2-5a9f-4f4f-8712-afcafa24e853,"391. Maenner MJ, Arneson CL, Levy SE, Kirby RS, Nicholas JS, Durkin MS. Brief report: association between behavioral features and gastrointestinal problems among children with autism spectrum disorder. J Autism Dev Disord. 2012; 42(7):1520–1525 392. McElhanon BO, McCracken C, Karpen S, Sharp WG. Gastrointestinal symptoms in autism spectrum disorder: a meta- analysis. Pediatrics. 2014;133(5): 872–883 393. Santocchi E, Guiducci L, Fulceri F, et al. Gut to brain interaction in autism spectrum",Identification Evaluation and Management of Children with Autism,56,identification_guide
bc57416b-32f4-420b-83d2-6ea81356910b,"disorders: a randomized controlled trial on the role of probiotics on clinical, biochemical and neurophysiological parameters. BMC Psychiatry. 2016;16:183 394. Son JS, Zheng LJ, Rowehl LM, et al. Comparison of fecal microbiota in children with autism spectrum disorders and neurotypical siblings in the Simons simplex collection. PLoS One. 2015;10(10):e0137725 395. Levy SE, Souders MC, Ittenbach RF, Giarelli E, Mulberg AE, Pinto-Martin JA. Relationship of dietary intake to gastrointestinal symptoms",Identification Evaluation and Management of Children with Autism,56,identification_guide
d7d2574c-504c-4ede-97a9-1a3a945d3cdc,"in children with autistic spectrum disorders. Biol Psychiatry. 2007;61(4):492–497 396. Hollway JA, Aman MG, Butter E. Correlates and risk markers for sleep disturbance in participants of the Autism Treatment Network. J Autism Dev Disord. 2013;43(12):2830–2843 397. Sharp WG, Berry RC, McCracken C, et al. Feeding problems and nutrient intake in children with autism spectrum disorders: a meta-analysis and comprehensive review of the literature. J Autism Dev Disord. 2013;43(9): 2159–2173 398. Bandini",Identification Evaluation and Management of Children with Autism,56,identification_guide
bdd89733-baa4-4f66-9915-1b34acbcb838,"LG, Anderson SE, Curtin C, et al. Food selectivity in children with autism spectrum disorders and typically developing children. J Pediatr. 2010; 157(2):259–264 399. Hubbard KL, Anderson SE, Curtin C, Must A, Bandini LG. A comparison of food refusal related to characteristics of food in children with autism spectrum disorder and typically developing children. J Acad Nutr Diet. 2014;114(12):1981–1987 400. Emond A, Emmett P, Steer C, Golding J. Feeding symptoms, dietary patterns, and growth in",Identification Evaluation and Management of Children with Autism,56,identification_guide
5a560313-a37c-45b4-af72-321c79dfba65,"young children with autism spectrum disorders. Pediatrics. 2010;126(2). Available at: www. pediatrics.org/cgi/content/full/126/2/ e337 401. Johnson CR, Turner K, Stewart PA, et al. Relationships between feeding problems, behavioral characteristics and nutritional quality in children with ASD. J Autism Dev Disord. 2014;44(9): 2175–2184 402. Hyman SL, Stewart PA, Schmidt B, et al. Nutrient intake from food in children with autism. Pediatrics. 2012;130(suppl 2):S145–S153 403. Keown K, Bothwell J,",Identification Evaluation and Management of Children with Autism,56,identification_guide
3619f01a-c075-48eb-bc8e-835fa7f076d8,"Jain S. Nutritional implications of selective eating in a child with autism spectrum disorder. BMJ Case Rep. 2014;2014: bcr2013202581 404. Ma NS, Thompson C, Weston S. Brief report: scurvy as a manifestation of food selectivity in children with autism. J Autism Dev Disord. 2016;46(4): 1464–1470 405. Chiu M, Watson S. Xerophthalmia and vitamin A deﬁciency in an autistic child with a restricted diet. BMJ Case Rep. 2015;2015:bcr2015209413 406. Stewart PA, Hyman SL, Schmidt BL, et al. Dietary",Identification Evaluation and Management of Children with Autism,56,identification_guide
384e5e03-ce72-4b54-9dc5-432624c8bea9,"supplementation in children with autism spectrum disorders: common, insufﬁcient, and excessive. J Acad Nutr Diet. 2015;115(8):1237–1248 407. Bailey RL, Fulgoni VL III, Keast DR, Lentino CV, Dwyer JT. Do dietary supplements improve micronutrient 56 FROM THE AMERICAN ACADEMY OF PEDIATRICS Downloaded from http://publications.aap.org/pediatrics/article-pdf/145/1/e20193447/1078920/peds_20193447.pdf by guest",Identification Evaluation and Management of Children with Autism,56,identification_guide
1e7f1911-3857-4551-99af-5c5c784fa9ed,"sufﬁciency in children and adolescents? J Pediatr. 2012;161(5):837–842 408. Marshall J, Ware R, Ziviani J, Hill RJ, Dodrill P. Efﬁcacy of interventions to improve feeding difﬁculties in children with autism spectrum disorders: a systematic review and meta-analysis. Child Care Health Dev. 2015;41(2): 278–302 409. Sharp WG, Jaquess DL, Morton JF, Herzinger CV. Pediatric feeding disorders: a quantitative synthesis of treatment outcomes. Clin Child Fam Psychol Rev. 2010;13(4):348–365 410. de",Identification Evaluation and Management of Children with Autism,57,identification_guide
3bdaf263-1dbc-4675-9428-a8975597e1bf,"Vinck-Baroody O, Shui A, Macklin EA, Hyman SL, Leventhal JM, Weitzman C. Overweight and obesity in a sample of children with autism spectrum disorder. Acad Pediatr. 2015;15(4): 396–404 411. Broder-Fingert S, Brazauskas K, Lindgren K, Iannuzzi D, Van Cleave J. Prevalence of overweight and obesity in a large clinical sample of children with autism. Acad Pediatr. 2014;14(4): 408–414 412. Zuckerman KE, Hill AP, Guion K, Voltolina L, Fombonne E. Overweight and obesity: prevalence and correlates in a",Identification Evaluation and Management of Children with Autism,57,identification_guide
0d2e8c36-2965-4918-9b05-ac90b89e83df,"large clinical sample of children with autism spectrum disorder. J Autism Dev Disord. 2014;44(7):1708–1719 413. Phillips KL, Schieve LA, Visser S, et al. Prevalence and impact of unhealthy weight in a national sample of US adolescents with autism and other learning and behavioral disabilities. Matern Child Health J. 2014;18(8): 1964–1975 414. Hinckson EA, Dickinson A, Water T, Sands M, Penman L. Physical activity, dietary habits and overall health in overweight and obese children and youth with",Identification Evaluation and Management of Children with Autism,57,identification_guide
00f25002-030e-4553-9ca4-b73fda0e88c5,"intellectual disability or autism. Res Dev Disabil. 2013;34(4): 1170–1178 415. Du RY, Yiu CKY, King NM. Oral health behaviours of preschool children with autism spectrum disorders and their barriers to dental care. J Autism Dev Disord. 2019;49(2):453–459 416. Call NA, Simmons CA, Mevers JE, Alvarez JP. Clinical outcomes of behavioral treatments for pica in children with developmental disabilities. J Autism Dev Disord. 2015;45(7):2105–2114 417. Fields V. Prevalence of pica in preschool children",Identification Evaluation and Management of Children with Autism,57,identification_guide
42b74d90-8b60-4557-bef7-ab9c6e65b9c0,"with and without autism spectrum disorder, study to explore early development — United States 2008–2016. In: Proceedings from the Epidemic Intelligence Service Conference; April 29–May 2, 2019; Atlanta, GA 418. Mohanty PH, Gabel M. Agitation and decreased oral intake in an adolescent with autism. Pediatr Ann. 2012;41(6): 1–3 419. Barton JC, Barton JC, Bertoli LF. Pica associated with iron deﬁciency or depletion: clinical and laboratory correlates in 262 non-pregnant adult outpatients. BMC Blood",Identification Evaluation and Management of Children with Autism,57,identification_guide
fbf161ae-e9e7-4507-8fec-116d691d26d8,"Disord. 2010;10: 9 420. Miano S, Ferri R. Epidemiology and management of insomnia in children with autistic spectrum disorders. Paediatr Drugs. 2010;12(2):75–84 421. Cortesi F, Giannotti F, Ivanenko A, Johnson K. Sleep in children with autistic spectrum disorder. Sleep Med. 2010;11(7):659–664 422. Cohen S, Conduit R, Lockley SW, Rajaratnam SM, Cornish KM. The relationship between sleep and behavior in autism spectrum disorder (ASD): a review. J Neurodev Disord. 2014;6(1):44 423. Fadini CC,",Identification Evaluation and Management of Children with Autism,57,identification_guide
ccccf53d-8380-44f6-a7a1-a16fc0895ab0,"Lamônica DA, Fett-Conte AC, et al. Inﬂuence of sleep disorders on the behavior of individuals with autism spectrum disorder. Front Hum Neurosci. 2015;9:347 424. Veatch OJ, Maxwell-Horn AC, Malow BA. Sleep in autism spectrum disorders. Curr Sleep Med Rep. 2015;1(2):131–140 425. Blackmer AB, Feinstein JA. Management of sleep disorders in children with neurodevelopmental disorders: a review. Pharmacotherapy. 2016;36(1): 84–98 426. Mazurek MO, Sohl K. Sleep and behavioral problems in children with",Identification Evaluation and Management of Children with Autism,57,identification_guide
428f4072-08fc-4c50-bb61-fe621cc68ac7,"autism spectrum disorder. J Autism Dev Disord. 2016;46(6):1906–1915 427. Malow BA, Katz T, Reynolds AM, et al. Sleep difﬁculties and medications in children with autism spectrum disorders: a registry study. Pediatrics. 2016;137(suppl 2):S98–S104 428. Malow BA, Byars K, Johnson K, et al; Sleep Committee of the Autism Treatment Network. A practice pathway for the identiﬁcation, evaluation, and management of insomnia in children and adolescents with autism spectrum disorders. Pediatrics.",Identification Evaluation and Management of Children with Autism,57,identification_guide
4ba79a08-dd8e-4afd-8324-088e48596f1c,"2012;130(suppl 2):S106–S124 429. Humphreys JS, Gringras P, Blair PS, et al. Sleep patterns in children with autistic spectrum disorders: a prospective cohort study. Arch Dis Child. 2014;99(2):114–118 430. Goldman SE, Richdale AL, Clemons T, Malow BA. Parental sleep concerns in autism spectrum disorders: variations from childhood to adolescence. J Autism Dev Disord. 2012;42(4): 531–538 431. Veatch OJ, Pendergast JS, Allen MJ, et al. Genetic variation in melatonin pathway enzymes in children with",Identification Evaluation and Management of Children with Autism,57,identification_guide
9e312d03-a175-4284-b230-d3db5ba17276,"autism spectrum disorder and comorbid sleep onset delay. J Autism Dev Disord. 2015;45(1):100–110 432. Williams SR, Zies D, Mullegama SV, Grotewiel MS, Elsea SH. Smith-Magenis syndrome results in disruption of CLOCK gene transcription and reveals an integral role for RAI1 in the maintenance of circadian rhythmicity. Am J Hum Genet. 2012;90(6):941–949 433. Dosman C, Witmans M, Zwaigenbaum L. Iron’s role in paediatric restless legs syndrome - a review. Paediatr Child Health. 2012;17(4):193–197 434.",Identification Evaluation and Management of Children with Autism,57,identification_guide
aa07d53d-3763-4d87-9f35-42ba55793f9a,"Engelhardt CR, Mazurek MO, Sohl K. Media use and sleep among boys with autism spectrum disorder, ADHD, or typical development. Pediatrics. 2013; 132(6):1081–1089 435. Foley LS, Maddison R, Jiang Y, Marsh S, Olds T, Ridley K. Presleep activities and time of sleep onset in children. Pediatrics. 2013;131(2):276–282 436. Weiskop S, Richdale A, Matthews J. Behavioural treatment to reduce sleep problems in children with autism or fragile X syndrome. Dev Med Child Neurol. 2005;47(2):94–104 437. Reed HE,",Identification Evaluation and Management of Children with Autism,57,identification_guide
2c26b563-dc32-44e4-83ca-77a0ef9a6efe,"McGrew SG, Artibee K, et al. Parent-based sleep education workshops in autism. J Child Neurol. 2009;24(8):936–945 438. Johnson CR, Turner KS, Foldes E, Brooks MM, Kronk R, Wiggs L. Behavioral PEDIATRICS Volume 145, number 1, January 2020 57 Downloaded from http://publications.aap.org/pediatrics/article-pdf/145/1/e20193447/1078920/peds_20193447.pdf by guest",Identification Evaluation and Management of Children with Autism,57,identification_guide
9e1cd5d3-6a3b-4e1a-93f3-3db061237808,"parent training to address sleep disturbances in young children with autism spectrum disorder: a pilot trial. Sleep Med. 2013;14(10):995–1004 439. Vriend JL, Corkum PV, Moon EC, Smith IM. Behavioral interventions for sleep problems in children with autism spectrum disorders: current ﬁndings and future directions. J Pediatr Psychol. 2011;36(9):1017–1029 440. Malow BA, Adkins KW, Reynolds A, et al. Parent-based sleep education for children with autism spectrum disorders. J Autism Dev Disord. 2014;",Identification Evaluation and Management of Children with Autism,58,identification_guide
c1c873a4-4a2b-4c14-bc0a-29ab358246ed,"44(1):216–228 441. Tordjman S, Najjar I, Bellissant E, et al. Advances in the research of melatonin in autism spectrum disorders: literature review and new perspectives. Int J Mol Sci. 2013;14(10):20508–20542 442. Cortesi F, Giannotti F, Sebastiani T, Panunzi S, Valente D. Controlled-release melatonin, singly and combined with cognitive behavioural therapy, for persistent insomnia in children with autism spectrum disorders: a randomized placebo-controlled trial. J Sleep Res. 2012;21(6):700–709",Identification Evaluation and Management of Children with Autism,58,identification_guide
a1d338b7-48f0-4dc5-a1dd-1b580fff996f,"443. Malow B, Adkins KW, McGrew SG, et al. Melatonin for sleep in children with autism: a controlled trial examining dose, tolerability, and outcomes. J Autism Dev Disord. 2012;42(8): 1729–1737; author reply 1738 444. Merenstein D, Diener-West M, Halbower AC, Krist A, Rubin HR. The trial of infant response to diphenhydramine: the TIRED study–a randomized, controlled, patient-oriented trial. Arch Pediatr Adolesc Med. 2006;160(7):707–712 445. Fiks AG, Mayne SL, Song L, et al. Changing patterns of",Identification Evaluation and Management of Children with Autism,58,identification_guide
6c1d00c2-7835-42ae-a063-099ce01ab831,"alpha agonist medication use in children and adolescents 2009-2011. J Child Adolesc Psychopharmacol. 2015;25(4):362–367 446. Sikora DM, Johnson K, Clemons T, Katz T. The relationship between sleep problems and daytime behavior in children of different ages with autism spectrum disorders. Pediatrics. 2012; 130(suppl 2):S83–S90 447. Anderson C, Law JK, Daniels A, et al. Occurrence and family impact of elopement in children with autism spectrum disorders. Pediatrics. 2012; 130(5):870–877 448. Guan",Identification Evaluation and Management of Children with Autism,58,identification_guide
918a837e-d9a7-4d9c-ae38-29c1210af2a0,"J, Li G. Injury mortality in individuals with autism. Am J Public Health. 2017;107(5):791–793 449. Rice CE, Zablotsky B, Avila RM, et al. Reported wandering behavior among children with autism spectrum disorder and/or intellectual disability. J Pediatr. 2016;174:232–239.e2 450. Canitano R, Vivanti G. Tics and Tourette syndrome in autism spectrum disorders. Autism. 2007;11(1):19–28 451. DeJong H, Bunton P, Hare DJ. A systematic review of interventions used to treat catatonic symptoms in people",Identification Evaluation and Management of Children with Autism,58,identification_guide
0081e72d-bf11-448d-9e93-0878fec763d3,"with autistic spectrum disorders. J Autism Dev Disord. 2014;44(9): 2127–2136 452. Gurney JG, McPheeters ML, Davis MM. Parental report of health conditions and health care use among children with and without autism: National Survey of Children’s Health. Arch Pediatr Adolesc Med. 2006;160(8): 825–830 453. Simonoff E, Jones CR, Baird G, Pickles A, Happé F, Charman T. The persistence and stability of psychiatric problems in adolescents with autism spectrum disorders. J Child Psychol Psychiatry.",Identification Evaluation and Management of Children with Autism,58,identification_guide
df99000c-2f28-4b3f-ab6c-6a828dc8b7eb,"2013;54(2):186–194 454. Hill AP, Zuckerman KE, Hagen AD, et al. Aggressive behavior problems in children with autism spectrum disorders: prevalence and correlates in a large clinical sample. Res Autism Spectr Disord. 2014;8(9):1121–1133 455. Orinstein A, Tyson KE, Suh J, et al. Psychiatric symptoms in youth with a history of autism and optimal outcome. J Autism Dev Disord. 2015; 45(11):3703–3714 456. Gotham K, Brunwasser SM, Lord C. Depressive and anxiety symptom trajectories from school age",Identification Evaluation and Management of Children with Autism,58,identification_guide
d7872a8d-886e-4da2-8b21-090eec213ff3,"through young adulthood in samples with autism spectrum disorder and developmental delay. J Am Acad Child Adolesc Psychiatry. 2015;54(5): 369–376.e3 457. Verheij C, Louwerse A, van der Ende J, et al. The stability of comorbid psychiatric disorders: a 7 year follow up of children with pervasive developmental disorder-not otherwise speciﬁed. J Autism Dev Disord. 2015; 45(12):3939–3948 458. Buck TR, Viskochil J, Farley M, et al. Psychiatric comorbidity and medication use in adults with autism",Identification Evaluation and Management of Children with Autism,58,identification_guide
975ea9e6-94ed-456d-bd90-88c920a5fd4a,"spectrum disorder. J Autism Dev Disord. 2014; 44(12):3063–3071 459. Salazar F, Baird G, Chandler S, et al. Co- occurring psychiatric disorders in preschool and elementary school-aged children with autism spectrum disorder. J Autism Dev Disord. 2015; 45(8):2283–2294 460. Kuhlthau KA, McDonnell E, Coury DL, Payakachat N, Macklin E. Associations of quality of life with health-related characteristics among children with autism. Autism. 2018;22(7):804–813 461. Weitzman C, Wegner L; Section on",Identification Evaluation and Management of Children with Autism,58,identification_guide
4fe4b57d-7ac3-44c4-af0b-e1779fb0bc87,"Developmental and Behavioral Pediatrics; Committee on Psychosocial Aspects of Child and Family Health; Council on Early Childhood; Society for Developmental and Behavioral Pediatrics; American Academy of Pediatrics. Promoting optimal development: screening for behavioral and emotional problems. Pediatrics. 2015;135(2):384–395 462. Volker MA, Lopata C, Smerbeck AM, et al. BASC-2 PRS proﬁles for students with high-functioning autism spectrum disorders. J Autism Dev Disord. 2010; 40(2):188–199 463.",Identification Evaluation and Management of Children with Autism,58,identification_guide
07174ce3-5fa9-4fab-9ee4-581d493312d1,"Ooi YP, Rescorla L, Ang RP, Woo B, Fung DS. Identiﬁcation of autism spectrum disorders using the Child Behavior Checklist in Singapore. J Autism Dev Disord. 2011;41(9):1147–1156 464. Rosen TE, Mazefsky CA, Vasa RA, Lerner MD, et al. Co-occuring psychiatric conditions in autism spectrum disorder. Int Rev Psychiatry. 2018;30(1): 40–61 465. American Academy of Pediatrics. Caring for Children With Autism Spectrum Disorder: A Practical Resource Toolkit for Clinicians, 3rd edition. Available at:",Identification Evaluation and Management of Children with Autism,58,identification_guide
af78e3a1-f3b4-406d-9b03-6137da279f69,"https://toolkits.solutions.aap.org/ autism/home. Accessed December 1, 2019 466. Mahajan R, Bernal MP, Panzer R, et al; Autism Speaks Autism Treatment Network Psychopharmacology Committee. Clinical practice pathways for evaluation and medication choice for attention-deﬁcit/hyperactivity disorder symptoms in autism spectrum 58 FROM THE AMERICAN ACADEMY OF PEDIATRICS Downloaded from http://publications.aap.org/pediatrics/article-pdf/145/1/e20193447/1078920/peds_20193447.pdf by guest",Identification Evaluation and Management of Children with Autism,58,identification_guide
66673ccf-a80a-427d-b8dc-72eb51102d26,"disorders. Pediatrics. 2012;130(suppl 2):S125–S138 467. Doyle CA, McDougle CJ. Pharmacologic treatments for the behavioral symptoms associated with autism spectrum disorders across the lifespan. Dialogues Clin Neurosci. 2012; 14(3):263–279 468. Sukhodolsky DG, Scahill L, Gadow KD, et al. Parent-rated anxiety symptoms in children with pervasive developmental disorders: frequency and association with core autism symptoms and cognitive functioning. J Abnorm Child Psychol. 2008;36(1):117–128 469.",Identification Evaluation and Management of Children with Autism,59,identification_guide
9b7666f4-1423-45b1-92a8-1901f51bba56,"Vasa RA, Mazurek MO, Mahajan R, et al. Assessment and treatment of anxiety in youth with autism spectrum disorders. Pediatrics. 2016;137(suppl 2): S115–S123 470. Bitsika V, Sharpley CF, Andronicos NM, Agnew LL. Hypothalamus-pituitary- adrenal axis daily ﬂuctuation, anxiety and age interact to predict cortisol concentrations in boys with an autism spectrum disorder. Physiol Behav. 2015; 138:200–207 471. Kerns CM, Maddox BB, Kendall PC, et al. Brief measures of anxiety in non- treatment-seeking",Identification Evaluation and Management of Children with Autism,59,identification_guide
72fd2cf3-147e-46be-b462-f6478ac63c99,"youth with autism spectrum disorder. Autism. 2015;19(8): 969–979 472. Kreslins A, Robertson AE, Melville C. The effectiveness of psychosocial interventions for anxiety in children and adolescents with autism spectrum disorder: a systematic review and meta-analysis. Child Adolesc Psychiatry Ment Health. 2015;9:22 473. Lickel A, MacLean WE Jr., Blakeley-Smith A, Hepburn S. Assessment of the prerequisite skills for cognitive behavioral therapy in children with and without autism spectrum disorders.",Identification Evaluation and Management of Children with Autism,59,identification_guide
7bc3e4fb-f6be-45ca-97b3-5b336bb9c4e9,"J Autism Dev Disord. 2012;42(6): 992–1000 474. Sukhodolsky DG, Bloch MH, Panza KE, Reichow B. Cognitive-behavioral therapy for anxiety in children with high- functioning autism: a meta-analysis. Pediatrics. 2013;132(5). Available at: www.pediatrics.org/cgi/content/full/ 132/5/e1341 475. Ung D, Selles R, Small BJ, Storch EA. A systematic review and meta-analysis of cognitive-behavioral therapy for anxiety in youth with high-functioning autism spectrum disorders. Child Psychiatry Hum Dev.",Identification Evaluation and Management of Children with Autism,59,identification_guide
529a42f5-9148-4969-b1e9-6eb5d44e7e40,"2015;46(4):533–547 476. Spencer D, Marshall J, Post B, et al. Psychotropic medication use and polypharmacy in children with autism spectrum disorders. Pediatrics. 2013; 132(5):833–840 477. De-la-Iglesia M, Olivar JS. Risk factors for depression in children and adolescents with high functioning autism spectrum disorders. ScientiﬁcWorldJournal. 2015;2015: 127853 478. Segers M, Rawana J. What do we know about suicidality in autism spectrum disorders? A systematic review. Autism Res.",Identification Evaluation and Management of Children with Autism,59,identification_guide
030b7d46-3dca-4db3-ac5b-82991e263bee,"2014;7(4):507–521 479. Zuckerbrot RA, Cheung A, Jensen PS, Stein REK, Laraque D; GLAD-PC Steering Group. Guidelines for Adolescent Depression in Primary Care (GLAD-PC): part I. Practice preparation, identiﬁcation, assessment, and initial management. Pediatrics. 2018;141(3): e20174081 480. Williams K, Brignell A, Randall M, Silove N, Hazell P. Selective serotonin reuptake inhibitors (SSRIs) for autism spectrum disorders (ASD). Cochrane Database Syst Rev. 2013;(8):CD004677 481. Vannucchi G, Masi G,",Identification Evaluation and Management of Children with Autism,59,identification_guide
24d7427e-c126-4cc9-96af-825a56260ce1,"Toni C, Dell’Osso L, Erfurth A, Perugi G. Bipolar disorder in adults with Asperger’s syndrome: a systematic review. J Affect Disord. 2014;168:151–160 482. Krebs G, Heyman I. Obsessive- compulsive disorder in children and adolescents. Arch Dis Child. 2015; 100(5):495–499 483. Zandt F, Prior M, Kyrios M. Repetitive behaviour in children with high functioning autism and obsessive compulsive disorder. J Autism Dev Disord. 2007;37(2):251–259 484. Murray K, Jassi A, Mataix-Cols D, Barrow F, Krebs G.",Identification Evaluation and Management of Children with Autism,59,identification_guide
0149de45-665a-4e0b-acd6-2b916f50dc9c,"Outcomes of cognitive behaviour therapy for obsessive-compulsive disorder in young people with and without autism spectrum disorders: A case controlled study. Psychiatry Res. 2015;228(1):8–13 485. McGuire K, Fung LK, Hagopian L, et al. Irritability and problem behavior in autism spectrum disorder: a practice pathway for pediatric primary care. Pediatrics. 2016;137(suppl 2): S136–S148 486. Doehring P, Reichow B, Palka T, Phillips C, Hagopian L. Behavioral approaches to managing severe problem",Identification Evaluation and Management of Children with Autism,59,identification_guide
a8ad9db5-a6cd-4a37-a63b-2d50dfec85d3,"behaviors in children with autism spectrum and related developmental disorders: a descriptive analysis. Child Adolesc Psychiatr Clin N Am. 2014;23(1):25–40 487. Fitzpatrick SE, Srivorakiat L, Wink LK, Pedapati EV, Erickson CA. Aggression in autism spectrum disorder: presentation and treatment options. Neuropsychiatr Dis Treat. 2016;12: 1525–1538 488. Chen C, Shen YD, Xun GL, et al. Aggressive behaviors and treatable risk factors of preschool children with autism spectrum disorder. Autism Res.",Identification Evaluation and Management of Children with Autism,59,identification_guide
85b6b77d-4810-4925-9676-4529ed53bf37,"2017;10(6):1155–1162 489. Richards C, Davies L, Oliver C. Predictors of self-injurious behavior and self-restraint in autism spectrum disorder: towards a hypothesis of impaired behavioral control. J Autism Dev Disord. 2017;47(3):701–713 490. Soke GN, Rosenberg SA, Rosenberg CR, Vasa RA, Lee LC, DiGuiseppi C. Self- injurious behaviors in children with autism spectrum disorder enrolled in the Study to Explore Early Development. Autism. 2018;22(5):625–635 491. Richards C, Moss J, Nelson L, Oliver C.",Identification Evaluation and Management of Children with Autism,59,identification_guide
6fa47c00-94a7-4c6d-b7d6-0edf5a19af47,"Persistence of self-injurious behaviour in autism spectrum disorder over 3 years: a prospective cohort study of risk markers. J Neurodev Disord. 2016; 8:21 492. Powis L, Oliver C. The prevalence of aggression in genetic syndromes: a review. Res Dev Disabil. 2014;35(5): 1051–1071 493. Schubart JR, Camacho F, Leslie D. Psychotropic medication trends among children and adolescents with autism spectrum disorder in the Medicaid program. Autism. 2014;18(6):631–637 494. Jobski K, Höfer J, Hoffmann F,",Identification Evaluation and Management of Children with Autism,59,identification_guide
cbfed644-6f33-4117-8fed-4c7af2554aff,"Bachmann C. Use of psychotropic drugs in patients with autism spectrum disorders: a systematic review. Acta Psychiatr Scand. 2017;135(1):8–28 495. Rettew DC, Greenblatt J, Kamon J, et al. Antipsychotic medication prescribing in children enrolled in Medicaid. Pediatrics. 2015;135(4):658–665 PEDIATRICS Volume 145, number 1, January 2020 59 Downloaded from http://publications.aap.org/pediatrics/article-pdf/145/1/e20193447/1078920/peds_20193447.pdf by guest",Identification Evaluation and Management of Children with Autism,59,identification_guide
98ba2480-c385-489f-8b4b-35d86fd8b036,"496. Riddle MA. Pediatric Psychopharmacology for Primary Care, 1st ed. Elk Grove Village, IL: American Academy of Pediatrics; 2016 497. Mandell DS, Morales KH, Marcus SC, Stahmer AC, Doshi J, Polsky DE. Psychotropic medication use among Medicaid-enrolled children with autism spectrum disorders. Pediatrics. 2008; 121(3). Available at: www.pediatrics. org/cgi/content/full/121/3/e441 498. Rosenberg RE, Mandell DS, Farmer JE, Law JK, Marvin AR, Law PA. Psychotropic medication use among children with",Identification Evaluation and Management of Children with Autism,60,identification_guide
653beaeb-061c-41ca-a659-6f00e0272017,"autism spectrum disorders enrolled in a national registry, 2007-2008. J Autism Dev Disord. 2010;40(3):342–351 499. Coury DL, Anagnostou E, Manning- Courtney P, et al. Use of psychotropic medication in children and adolescents with autism spectrum disorders. Pediatrics. 2012;130(suppl 2):S69–S76 500. Mire SS, Nowell KP, Kubiszyn T, Goin- Kochel RP. Psychotropic medication use among children with autism spectrum disorders within the Simons Simplex Collection: are core features of autism spectrum",Identification Evaluation and Management of Children with Autism,60,identification_guide
36afaf5a-cce8-4223-a693-007333cafb19,"disorder related? Autism. 2014;18(8):933–942 501. Witwer A, Lecavalier L. Treatment incidence and patterns in children and adolescents with autism spectrum disorders. J Child Adolesc Psychopharmacol. 2005;15(4):671–681 502. Frazier TW, Shattuck PT, Narendorf SC, Cooper BP, Wagner M, Spitznagel EL. Prevalence and correlates of psychotropic medication use in adolescents with an autism spectrum disorder with and without caregiver- reported attention-deﬁcit/hyperactivity disorder. J Child Adolesc",Identification Evaluation and Management of Children with Autism,60,identification_guide
56028350-eb25-4254-89f2-7386a48642f0,"Psychopharmacol. 2011;21(6):571–579 503. Bousman CA, Hopwood M. Commercial pharmacogenetic-based decision- support tools in psychiatry. Lancet Psychiatry. 2016;3(6):585–590 504. Hicks JK, Bishop JR, Sangkuhl K, et al; Clinical Pharmacogenetics Implementation Consortium. Clinical Pharmacogenetics Implementation Consortium (CPIC) guideline for CYP2D6 and CYP2C19 genotypes and dosing of selective serotonin reuptake inhibitors. Clin Pharmacol Ther. 2015;98(2): 127–134 505. Hess GP, Fonseca E, Scott",Identification Evaluation and Management of Children with Autism,60,identification_guide
65f9f39f-13a2-48c8-af5d-948b156b0b4a,"R, Fagerness J. Pharmacogenomic and pharmacogenetic-guided therapy as a tool in precision medicine: current state and factors impacting acceptance by stakeholders. Genet Res. 2015;97:e13 506. Farmer C, Thurm A, Grant P. Pharmacotherapy for the core symptoms in autistic disorder: current status of the research. Drugs. 2013; 73(4):303–314 507. Politte LC, Henry CA, McDougle CJ. Psychopharmacological interventions in autism spectrum disorder. Harv Rev Psychiatry. 2014;22(2):76–92 508. Baribeau DA,",Identification Evaluation and Management of Children with Autism,60,identification_guide
9964de59-b689-4daf-8181-94a20f95e32e,"Anagnostou E. An update on medication management of behavioral disorders in autism. Curr Psychiatry Rep. 2014;16(3):437 509. Accordino RE, Kidd C, Politte LC, Henry CA, McDougle CJ. Psychopharmacological interventions in autism spectrum disorder. Expert Opin Pharmacother. 2016;17(7):937–952 510. Brown JT, Eum S, Cook EH, Bishop JR. Pharmacogenomics of autism spectrum disorder. Pharmacogenomics. 2017;18(4): 403–414 511. Nath D. Complementary and alternative medicine in the school-age child with",Identification Evaluation and Management of Children with Autism,60,identification_guide
0d38d73a-9486-46f1-b8f9-6a71c3244980,"autism. J Pediatr Health Care. 2017; 31(3):393–397 512. Lindly OJ, Thorburn S, Heisler K, Reyes NM, Zuckerman KE. Parents’ use of complementary health approaches for young children with autism spectrum disorder. J Autism Dev Disord. 2018; 48(5):1803–1818 513. Höfer J, Hoffmann F, Bachmann C. Use of complementary and alternative medicine in children and adolescents with autism spectrum disorder: a systematic review. Autism. 2017;21(4): 387–402 514. Green RR, Santoro N, Allshouse AA, Neal- Perry G,",Identification Evaluation and Management of Children with Autism,60,identification_guide
dae1ba25-3f26-402b-9690-c6717d11b1da,"Derby C. Prevalence of complementary and alternative medicine and herbal remedy use in Hispanic and non-Hispanic white women: results from the study of women’s health across the nation. J Altern Complement Med. 2017;23(10): 805–811 515. Hopf KP, Madren E, Santianni KA. Use and perceived effectiveness of complementary and alternative medicine to treat and manage the symptoms of autism in children: a survey of parents in a community population. J Altern Complement Med. 2016;22(1):25–32 516. Levy",Identification Evaluation and Management of Children with Autism,60,identification_guide
dcd2c3d3-2d33-48f2-8084-99f6b9b8dd53,"SE, Hyman SL. Complementary and alternative medicine treatments for children with autism spectrum disorders. Child Adolesc Psychiatr Clin N Am. 2015;24(1):117–143 517. National Center for Complementary and Integrative Health. Autism. 2017. Available at: https://nccih.nih.gov/ health/autism. Accessed November 12, 2017 518. Levy SE. Repeated doses of porcine secretin did not improve symptoms, language, or cognitive functioning in children with autism or autism spectrum disorder. Evid Based Ment",Identification Evaluation and Management of Children with Autism,60,identification_guide
f6209cc7-c378-40f3-ad3c-f78e60d1a5ca,"Health. 2002;5(1):22 519. Perrin JM, Coury DL, Hyman SL, Cole L, Reynolds AM, Clemons T. Complementary and alternative medicine use in a large pediatric autism sample. Pediatrics. 2012; 130(suppl 2):S77–S82 520. Akins RS, Krakowiak P, Angkustsiri K, Hertz-Picciotto I, Hansen RL. Utilization patterns of conventional and complementary/alternative treatments in children with autism spectrum disorders and developmental disabilities in a population-based study. J Dev Behav Pediatr. 2014;35(1):1–10",Identification Evaluation and Management of Children with Autism,60,identification_guide
c18dc1c0-153c-4e45-b8e9-8fe326f35ee2,"521. Hanson E, Kalish LA, Bunce E, et al. Use of complementary and alternative medicine among children diagnosed with autism spectrum disorder. J Autism Dev Disord. 2007;37(4): 628–636 522. Valicenti-McDermott M, Burrows B, Bernstein L, et al. Use of complementary and alternative medicine in children with autism and other developmental disabilities: associations with ethnicity, child comorbid symptoms, and parental stress. J Child Neurol. 2014;29(3): 360–367 523. Marí-Bauset S, Zazpe I,",Identification Evaluation and Management of Children with Autism,60,identification_guide
0f5334b4-e214-4cd9-9bed-c757df7b7fc3,"Mari-Sanchis A, Llopis-González A, Morales-Suárez- Varela M. Evidence of the gluten-free and casein-free diet in autism spectrum disorders: a systematic 60 FROM THE AMERICAN ACADEMY OF PEDIATRICS Downloaded from http://publications.aap.org/pediatrics/article-pdf/145/1/e20193447/1078920/peds_20193447.pdf by guest",Identification Evaluation and Management of Children with Autism,60,identification_guide
6699d6ec-aeea-47e5-99c0-cec4aa4e9d96,"review. J Child Neurol. 2014;29(12): 1718–1727 524. Dosman C, Adams D, Wudel B, Vogels L, Turner J, Vohra S. Complementary, holistic, and integrative medicine: autism spectrum disorder and gluten- and casein-free diet. Pediatr Rev. 2013; 34(10):e36–e41 525. Hyman SL, Stewart PA, Foley J, et al. The gluten-free/casein-free diet: a double- blind challenge trial in children with autism. J Autism Dev Disord. 2016;46(1): 205–220 526. Jia F, Wang B, Shan L, Xu Z, Staal WG, Du L. Core symptoms of autism",Identification Evaluation and Management of Children with Autism,61,identification_guide
8d0a6ee3-edf5-4b7e-9474-24f8be1b05cb,"improved after vitamin D supplementation. Pediatrics. 2015;135(1). Available at: www.pediatrics.org/cgi/content/full/ 135/1/e196 527. Saad K, Abdel-Rahman AA, Elserogy YM, et al. Vitamin D status in autism spectrum disorders and the efﬁcacy of vitamin D supplementation in autistic children. Nutr Neurosci. 2016;19(8): 346–351 528. Bertoglio K, Jill James S, Deprey L, Brule N, Hendren RL. Pilot study of the effect of methyl B12 treatment on behavioral and biomarker measures in children with autism.",Identification Evaluation and Management of Children with Autism,61,identification_guide
7d677650-cd6d-41de-b8fc-500a71647408,"J Altern Complement Med. 2010;16(5):555–560 529. Nye C, Brice A. Combined vitamin B6- magnesium treatment in autism spectrum disorder. Cochrane Database Syst Rev. 2005;(4):CD003497 530. Mankad D, Dupuis A, Smile S, et al. A randomized, placebo controlled trial of omega-3 fatty acids in the treatment of young children with autism. Mol Autism. 2015;6:18 531. Valerie T. Discretionary fortiﬁcation–a public health perspective. Nutrients. 2014;6(10):4421–4433 532. DeVilbiss EA, Gardner RM, Newschaffer",Identification Evaluation and Management of Children with Autism,61,identification_guide
55ff75eb-3bc1-4dfc-95b2-f4ab70f290c3,"CJ, Lee BK. Maternal folate status as a risk factor for autism spectrum disorders: a review of existing evidence. Br J Nutr. 2015;114(5): 663–672 533. Hickey SE, Curry CJ, Toriello HV. ACMG practice guideline: lack of evidence for MTHFR polymorphism testing. Genet Med. 2013;15(2):153–156 534. Geretsegger M, Elefant C, Mössler K, Gold C, et al. Music therapy for people with autism spectrum disorde. Cochrane Database Syst Rev. 2014;6: CD004381 535. Koenig KP, Buckley-Reen A, Garg S. Efﬁcacy of the",Identification Evaluation and Management of Children with Autism,61,identification_guide
063cd5ce-8c58-452e-8092-461059cbe7ea,"Get Ready to Learn yoga program among children with autism spectrum disorders: a pretest-posttest control group design. Am J Occup Ther. 2012;66(5):538–546 536. Hourston S, Atchley R. Autism and mind- body therapies: a systematic review. J Altern Complement Med. 2017;23(5): 331–339 537. Wan Yunus F, Liu KP, Bissett M, Penkala S. Sensory-based intervention for children with behavioral problems: a systematic review. J Autism Dev Disord. 2015;45(11):3565–3579 538. Borgi M, Loliva D, Cerino S, et al.",Identification Evaluation and Management of Children with Autism,61,identification_guide
09d5dff5-4876-4641-9bbe-ee421dc0edef,"Effectiveness of a standardized equine- assisted therapy program for children with autism spectrum disorder. J Autism Dev Disord. 2016;46(1):1–9 539. Hoagwood KE, Acri M, Morrissey M, Peth-Pierce R. Animal-assisted therapies for youth with or at risk for mental health problems: a systematic review. Appl Dev Sci. 2017;21(1):1–13 540. Sinha Y, Silove N, Hayen A, Williams K. Auditory integration training and other sound therapies for autism spectrum disorders (ASD). Cochrane Database Syst Rev.",Identification Evaluation and Management of Children with Autism,61,identification_guide
c6cdd0e2-65c4-49e4-ab44-85f9b610d33b,"2011;(12):CD003681 541. Brondino N, Fusar-Poli L, Rocchetti M, Provenzani U, Barale F, Politi P. Complementary and alternative therapies for autism spectrum disorder. Evid Based Complement Alternat Med. 2015;2015:258589 542. Committee on Children With Disabilities. Counseling families who choose complementary and alternative medicine for their child with chronic illness or disability [published correction appears in Pediatrics. 2001; 108(2):507]. Pediatrics. 2001;107(3): 598–601 543. Levy SE,",Identification Evaluation and Management of Children with Autism,61,identification_guide
797b48fb-e8cc-4030-b33b-e3d3236d5fc0,"Frasso R, Colantonio S, et al. Shared decision making and treatment decisions for young children with autism spectrum disorder. Acad Pediatr. 2016;16(6):571–578 544. Estes A, Olson E, Sullivan K, et al. Parenting-related stress and psychological distress in mothers of toddlers with autism spectrum disorders. Brain Dev. 2013;35(2): 133–138 545. Hayes SA, Watson SL. The impact of parenting stress: a meta-analysis of studies comparing the experience of parenting stress in parents of children with",Identification Evaluation and Management of Children with Autism,61,identification_guide
cc20978c-2c0f-4dea-8e4c-cd6701b645ba,"and without autism spectrum disorder. J Autism Dev Disord. 2013; 43(3):629–642 546. Horlin C, Falkmer M, Parsons R, Albrecht MA, Falkmer T. The cost of autism spectrum disorders. PLoS One. 2014;9(9):e106552 547. Child and Adolescent Health Measurement Initiative. National proﬁle of children with special health care needs and autism spectrum disorders: key ﬁndings from the 2009/10 NS- CSHCN & 2011/12 NSCH. 2013. Available at: https://www.childhealthdata.org/ docs/drc/asd-data-brief_7-30-13.pdf.",Identification Evaluation and Management of Children with Autism,61,identification_guide
9042b58e-2429-4faf-9aa1-fb4aa61c5d7c,"Accessed December 1, 2019 548. Clifford T, Minnes P. Who participates in support groups for parents of children with autism spectrum disorders? The role of beliefs and coping style. J Autism Dev Disord. 2013;43(1): 179–187 549. Siller M, Reyes N, Hotez E, Hutman T, Sigman M. Longitudinal change in the use of services in autism spectrum disorder: understanding the role of child characteristics, family demographics, and parent cognitions. Autism. 2014;18(4):433–446 550. Mohd Roffeei SH, Abdullah N,",Identification Evaluation and Management of Children with Autism,61,identification_guide
3e8c58ed-e746-401d-993f-f9e2f785391d,"Basar SK. Seeking social support on Facebook for children with autism spectrum disorders (ASDs). Int J Med Inform. 2015;84(5):375–385 551. Zablotsky B, Kalb LG, Freedman B, Vasa R, Stuart EA. Health care experiences and perceived ﬁnancial impact among families of children with an autism spectrum disorder. Psychiatr Serv. 2014;65(3):395–398 552. McStay RL, Trembath D, Dissanayake C. Maternal stress and family quality of life in response to raising a child with autism: from preschool to",Identification Evaluation and Management of Children with Autism,61,identification_guide
45989fce-e24f-42fa-bf25-c3ed367a3588,"adolescence. Res Dev Disabil. 2014;35(11):3119–3130 553. Green L. The well-being of siblings of individuals with autism. ISRN Neurol. 2013;2013:417194 554. Kuo DZ, Houtrow AJ; Council on Children With Disabilities. Recognition and PEDIATRICS Volume 145, number 1, January 2020 61 Downloaded from http://publications.aap.org/pediatrics/article-pdf/145/1/e20193447/1078920/peds_20193447.pdf by guest",Identification Evaluation and Management of Children with Autism,61,identification_guide
48a767b4-2be8-46d3-8811-88a10ed29a66,"management of medical complexity. Pediatrics. 2016;138(6):e20163021 555. Carbone PS, Behl DD, Azor V, Murphy NA. The medical home for children with autism spectrum disorders: parent and pediatrician perspectives. J Autism Dev Disord. 2010;40(3):317–324 556. Golnik A, Ireland M, Borowsky IW. Medical homes for children with autism: a physician survey. Pediatrics. 2009;123(3):966–971 557. Liptak GS, Orlando M, Yingling JT, et al. Satisfaction with primary health care received by families of children",Identification Evaluation and Management of Children with Autism,62,identification_guide
405c4f04-2f33-4e86-8a19-1dcc56f25d7f,"with developmental disabilities. J Pediatr Health Care. 2006;20(4):245–252 558. Cheak-Zamora NC, Farmer JE. The impact of the medical home on access to care for children with autism spectrum disorders. J Autism Dev Disord. 2015;45(3):636–644 559. Kogan MD, Strickland BB, Blumberg SJ, Singh GK, Perrin JM, van Dyck PC. A national proﬁle of the health care experiences and family impact of autism spectrum disorder among children in the United States, 2005-2006. Pediatrics. 2008;122(6). Available at:",Identification Evaluation and Management of Children with Autism,62,identification_guide
605aa5ec-f312-476d-8acc-24b14e90e9b9,"www.pediatrics.org/cgi/content/full/ 122/6/e1149 560. McKinney CM, Nelson T, Scott JM, Heaton LJ, Vaughn MG, Lewis CW. Predictors of unmet dental need in children with autism spectrum disorder: results from a national sample. Acad Pediatr. 2014;14(6): 624–631 561. Adams RC, Levy SE; Council on Children with Disabilities. Shared decision- making and children with disabilities: pathways to consensus. Pediatrics. 2017;139(6):e20170956 562. Huws JC, Jones RS. Diagnosis, disclosure, and having autism:",Identification Evaluation and Management of Children with Autism,62,identification_guide
96a97628-99b9-43ef-9a9c-beec3f222b53,"an interpretative phenomenological analysis of the perceptions of young people with autism. J Intellect Dev Disabil. 2008;33(2):99–107 563. White PH, Cooley WC; Transitions Clinical Report Authoring Group; American Academy of Pediatrics; American Academy of Family Physicians; American College of Physicians. Supporting the health care transition from adolescence to adulthood in the medical home [published correction appears in Pediatrics. 2019;143(2):e20183610]. Pediatrics. 2018;142(5):e20182587",Identification Evaluation and Management of Children with Autism,62,identification_guide
4b2492fb-c2c8-4916-94d9-6426f4593d8a,"564. Got Transition. Health care providers. Available at: http://www.gottransition. org/providers/index.cfm. Accessed December 1, 2019 565. Autism Speaks. Puberty and adolescence resource: a guide for parents of adolescents with autism spectrum disorder. Available at: https:// www.autismspeaks.org/sites/default/ ﬁles/documents/atn/puberty_tool_kit. pdf. Accessed December 1, 2019 566. Kuder SJ, Accardo A. What works for college students with autism spectrum disorder. J Autism Dev Disord. 2018;",Identification Evaluation and Management of Children with Autism,62,identification_guide
ad49a31a-9692-4dac-a60d-52006c4400d4,"48(3):722–731 567. Nicolaidis C, Kripke CC, Raymaker D. Primary care for adults on the autism spectrum. Med Clin North Am. 2014; 98(5):1169–1191 568. Velott DL, Agbese E, Mandell D, et al. Medicaid 1915(c) Home- and Community-Based Services waivers for children with autism spectrum disorder. Autism. 2016;20(4):473–482 569. Interagency Autism Coordinating Committee. IACC strategic plan for autism spectrum disorder research: 2013 update. 2013. Available at: https://",Identification Evaluation and Management of Children with Autism,62,identification_guide
21cfb0bb-d046-48f7-a8a8-8b1af1653f7e,"iacc.hhs.gov/publications/strategic- plan/2013/. Accessed March 25, 2017 570. Interagency Autism Coordinating Committee. IACC strategic plan for autism spectrum disorder: 2017 update. Available at: https://iacc.hhs. gov/publications/strategic-plan/2017/. Accessed December 1, 2019 571. Interagency Autism Coordinating Committee. IACC strategic plan for autism spectrum disorder research: 2011 update. 2011. Available at: https:// iacc.hhs.gov/publications/strategic- plan/2011/. Accessed March 25,",Identification Evaluation and Management of Children with Autism,62,identification_guide
7ccb5c56-5cf8-44c0-aec5-1d05a159a306,"2017 572. Rutter M, Bailey A, Lord C. The Social Communication Questionnaire (SCQ) Manual. Los Angeles, CA: Western Psychological Services; 2003 573. Stone WL, Coonrod EE, Ousley O. Brief report: screening tool for autism in two-year-olds (STAT): development and preliminary data. J Autism Dev Disord. 2000;30(6):607–612 574. Stone WL, Coonrod EE, Turner LM, Pozdol SL. Psychometric properties of the STAT for early autism screening. J Autism Dev Disord. 2004;34(6): 691–701 575. Rowberry JJ, Macari",Identification Evaluation and Management of Children with Autism,62,identification_guide
7e780dd0-b026-4fd2-8585-6f70457f6dd1,"S, Chen G, et al. Screening for autism spectrum disorders in 12-mo-old high-risk siblings by parental report. J Autism Dev Disord. 2015;45:221–229 576. Smith NJ, Sheldrick RC, Perrin EC. An Abbreviated Screening Instrument for Autism Spectrum Disorders. Infant Ment Health J. 2012;34(2):149–155 577. Salisbury LA, Nyce JD, Hannum CD, Sheldrick RC, Perrin EC. Sensitivity and speciﬁcity of 2 autism screeners among referred children between 16 and 48 mo of age. J Dev Behav Pediatr. 2018; 39(3):254–258",Identification Evaluation and Management of Children with Autism,62,identification_guide
380dedda-c439-43d5-9a1c-b7a37eeb15ae,"578. Choueiri R, Wagner S. A new interactive screening test for autism spectrum disorders in toddlers. J Pediatr. 2015; 167(2):460–466 579. Myers SM. Management of autism spectrum disorders in primary care. Pediatr Ann. 2009;38(1):42–49 580. Quintana H, Birmaher B, Stedge D, et al. Use of methylphenidate in the treatment of children with autistic disorder. J Autism Dev Disord. 1995; 25(3):283–294 581. Handen BL, Johnson CR, Lubetsky M. Efﬁcacy of methylphenidate among children with autism and",Identification Evaluation and Management of Children with Autism,62,identification_guide
ac3e7cab-cf70-4207-b3ae-6ef6657dd051,"symptoms of attention-deﬁcit hyperactivity disorder. J Autism Dev Disord. 2000;30(3): 245–255 582. Research Units on Pediatric Psychopharmacology Autism Network. Randomized, controlled, crossover trial of methylphenidate in pervasive developmental disorders with hyperactivity. Arch Gen Psychiatry. 2005; 62(11):1266–1274 583. Pearson DA, Santos CW, Aman MG, et al. Effects of extended release methylphenidate treatment on ratings of attention-deﬁcit/hyperactivity disorder (ADHD) and associated",Identification Evaluation and Management of Children with Autism,62,identification_guide
b3dd8d2e-6f42-4ae3-ae51-eb88e33abfe5,"behavior in children with autism spectrum disorders and ADHD symptoms. J Child Adolesc Psychopharmacol. 2013;23(5):337–351 584. Posey DJ, Aman MG, McCracken JT, et al. Positive effects of 62 FROM THE AMERICAN ACADEMY OF PEDIATRICS Downloaded from http://publications.aap.org/pediatrics/article-pdf/145/1/e20193447/1078920/peds_20193447.pdf by guest",Identification Evaluation and Management of Children with Autism,62,identification_guide
816f8691-54d7-4781-82c4-77087b7ff76e,"methylphenidate on inattention and hyperactivity in pervasive developmental disorders: an analysis of secondary measures. Biol Psychiatry. 2007;61(4):538–544 585. Reichow B, Volkmar FR, Bloch MH. Systematic review and meta-analysis of pharmacological treatment of the symptoms of attention-deﬁcit/ hyperactivity disorder in children with pervasive developmental disorders. J Autism Dev Disord. 2013;43(10): 2435–2441 586. Jahromi LB, Kasari CL, McCracken JT, et al. Positive effects of methylphenidate",Identification Evaluation and Management of Children with Autism,63,identification_guide
adebd7b1-8ae1-47e6-9b3b-57195153cff9,"on social communication and self-regulation in children with pervasive developmental disorders and hyperactivity. J Autism Dev Disord. 2009;39(3):395–404 587. Santosh PJ, Baird G, Pityaratstian N, Tavare E, Gringras P. Impact of comorbid autism spectrum disorders on stimulant response in children with attention deﬁcit hyperactivity disorder: a retrospective and prospective effectiveness study. Child Care Health Dev. 2006;32(5):575–583 588. Arnold LE, Aman MG, Cook AM, et al. Atomoxetine for",Identification Evaluation and Management of Children with Autism,63,identification_guide
f7b4db92-f4da-4237-a2c8-fcd7e21f7786,"hyperactivity in autism spectrum disorders: placebo-controlled crossover pilot trial. J Am Acad Child Adolesc Psychiatry. 2006;45(10): 1196–1205 589. Harfterkamp M, Buitelaar JK, Minderaa RB, van de Loo-Neus G, van der Gaag RJ, Hoekstra PJ. Long-term treatment with atomoxetine for attention-deﬁcit/ hyperactivity disorder symptoms in children and adolescents with autism spectrum disorder: an open-label extension study. J Child Adolesc Psychopharmacol. 2013;23(3):194–199 590. Handen BL, Aman MG,",Identification Evaluation and Management of Children with Autism,63,identification_guide
cc9b3171-8e32-4a56-bf7b-135419f55c0a,"Arnold LE, et al. Atomoxetine, parent training, and their combination in children with autism spectrum disorder and attention- deﬁcit/hyperactivity disorder. J Am Acad Child Adolesc Psychiatry. 2015; 54(11):905–915 591. Jaselskis CA, Cook EH Jr., Fletcher KE, Leventhal BL. Clonidine treatment of hyperactive and impulsive children with autistic disorder. J Clin Psychopharmacol. 1992;12(5):322–327 592. Fankhauser MP, Karumanchi VC, German ML, Yates A, Karumanchi SD. A double-blind,",Identification Evaluation and Management of Children with Autism,63,identification_guide
f287d832-cfec-4454-94bd-0424183716a2,"placebo-controlled study of the efﬁcacy of transdermal clonidine in autism. J Clin Psychiatry. 1992;53(3): 77–82 593. Handen BL, Sahl R, Hardan AY. Guanfacine in children with autism and/or intellectual disabilities. J Dev Behav Pediatr. 2008;29(4):303–308 594. Scahill L, McCracken JT, King BH, et al; Research Units on Pediatric Psychopharmacology Autism Network. Extended-release guanfacine for hyperactivity in children with autism spectrum disorder. Am J Psychiatry. 2015;172(12):1197–1206 595.",Identification Evaluation and Management of Children with Autism,63,identification_guide
011bd89a-896e-4db8-b601-26c5b526074e,"McCracken JT, McGough J, Shah B, et al; Research Units on Pediatric Psychopharmacology Autism Network. Risperidone in children with autism and serious behavioral problems. N Engl J Med. 2002;347(5):314–321 596. Shea S, Turgay A, Carroll A, et al. Risperidone in the treatment of disruptive behavioral symptoms in children with autistic and other pervasive developmental disorders. Pediatrics. 2004;114(5). Available at: www.pediatrics.org/cgi/content/full/ 114/5/e634 597. Marcus RN, Owen R, Kamen L,",Identification Evaluation and Management of Children with Autism,63,identification_guide
ed55b908-867e-438f-9b13-9196db33793c,"et al. A placebo-controlled, ﬁxed-dose study of aripiprazole in children and adolescents with irritability associated with autistic disorder. J Am Acad Child Adolesc Psychiatry. 2009;48(11): 1110–1119 598. Owen R, Sikich L, Marcus RN, et al. Aripiprazole in the treatment of irritability in children and adolescents with autistic disorder. Pediatrics. 2009; 124(6):1533–1540 599. Arnold LE, Vitiello B, McDougle C, et al. Parent-deﬁned target symptoms respond to risperidone in RUPP autism study:",Identification Evaluation and Management of Children with Autism,63,identification_guide
c10c6a13-f93b-459a-996b-a6e1041d24cb,"customer approach to clinical trials. J Am Acad Child Adolesc Psychiatry. 2003;42(12):1443–1450 600. Aman MG, McDougle CJ, Scahill L, et al; Research Units on Pediatric Psychopharmacology Autism Network. Medication and parent training in children with pervasive developmental disorders and serious behavior problems: results from a randomized clinical trial. J Am Acad Child Adolesc Psychiatry. 2009;48(12):1143–1154 601. Aman MG, Lam KS, Van Bourgondien ME. Medication patterns in patients with",Identification Evaluation and Management of Children with Autism,63,identification_guide
3186bbda-af80-4aa3-821f-90094aca2796,"autism: temporal, regional, and demographic inﬂuences. J Child Adolesc Psychopharmacol. 2005;15(1): 116–126 602. Aman M, Rettiganti M, Nagaraja HN, et al. Tolerability, safety, and beneﬁts of risperidone in children and adolescents with autism: 21-month follow-up after 8- week placebo-controlled trial. J Child Adolesc Psychopharmacol. 2015;25(6): 482–493 603. Research Units on Pediatric Psychopharmacology Autism Network. Risperidone treatment of autistic disorder: longer-term beneﬁts and blinded",Identification Evaluation and Management of Children with Autism,63,identification_guide
15187833-0e74-408e-81ff-b21786850708,"discontinuation after 6 months. Am J Psychiatry. 2005;162(7):1361–1369 604. Pandina GJ, Bossie CA, Youssef E, Zhu Y, Dunbar F. Risperidone improves behavioral symptoms in children with autism in a randomized, double-blind, placebo-controlled trial. J Autism Dev Disord. 2007;37(2):367–373 605. Marcus RN, Owen R, Manos G, et al. Safety and tolerability of aripiprazole for irritability in pediatric patients with autistic disorder: a 52-week, open-label, multicenter study. J Clin Psychiatry.",Identification Evaluation and Management of Children with Autism,63,identification_guide
b32fc517-993d-4bc1-9031-f6fabdc19dbb,"2011;72(9):1270–1276 606. Kent JM, Kushner S, Ning X, et al. Risperidone dosing in children and adolescents with autistic disorder: a double-blind, placebo-controlled study. J Autism Dev Disord. 2013;43(8): 1773–1783 607. Findling RL, Mankoski R, Timko K, et al. A randomized controlled trial investigating the safety and efﬁcacy of aripiprazole in the long-term maintenance treatment of pediatric patients with irritability associated with autistic disorder. J Clin Psychiatry. 2014;75(1):22–30 608.",Identification Evaluation and Management of Children with Autism,63,identification_guide
67c595aa-98ec-4fd0-a66f-c11ba161d0d8,"Troost PW, Lahuis BE, Steenhuis MP, et al. Long-term effects of risperidone in children with autism spectrum disorders: a placebo discontinuation study. J Am Acad Child Adolesc Psychiatry. 2005;44(11):1137–1144 609. Anagnostou E, Aman MG, Handen BL, et al. Metformin for treatment of overweight induced by atypical antipsychotic medication in young people with autism spectrum disorder: PEDIATRICS Volume 145, number 1, January 2020 63 Downloaded from",Identification Evaluation and Management of Children with Autism,63,identification_guide
c3becb81-0622-445b-8c22-1b42384bdee7,http://publications.aap.org/pediatrics/article-pdf/145/1/e20193447/1078920/peds_20193447.pdf by guest,Identification Evaluation and Management of Children with Autism,63,identification_guide
ae203827-6a8e-48fa-93c6-b570e19c3718,"a randomized clinical trial. JAMA Psychiatry. 2016;73(9):928–937 610. Fung LK, Mahajan R, Nozzolillo A, et al. Pharmacologic treatment of severe irritability and problem behaviors in autism: a systematic review and meta- analysis. Pediatrics. 2016;137(suppl 2): S124–S135 611. King BH, Hollander E, Sikich L, et al; STAART Psychopharmacology Network. Lack of efﬁcacy of citalopram in children with autism spectrum disorders and high levels of repetitive behavior: citalopram ineffective in children",Identification Evaluation and Management of Children with Autism,64,identification_guide
1534344f-aebc-4d27-b392-1f5f0347f993,"with autism. Arch Gen Psychiatry. 2009;66(6):583–590 612. McDougle CJ, Naylor ST, Cohen DJ, Volkmar FR, Heninger GR, Price LH. A double-blind, placebo-controlled study of ﬂuvoxamine in adults with autistic disorder. Arch Gen Psychiatry. 1996; 53(11):1001–1008 613. Hollander E, Chaplin W, Soorya L, et al. Divalproex sodium vs placebo for the treatment of irritability in children and adolescents with autism spectrum disorders. Neuropsychopharmacology. 2010;35(4):990–998 614. Belsito KM, Law PA,",Identification Evaluation and Management of Children with Autism,64,identification_guide
6a263f62-b8d9-44ed-9042-0c42a0d5e939,"Kirk KS, Landa RJ, Zimmerman AW. Lamotrigine therapy for autistic disorder: a randomized, double-blind, placebo-controlled trial. J Autism Dev Disord. 2001;31(2): 175–181 615. Hellings JA, Nickel EJ, Weckbaugh M, McCarter K, Mosier M, Schroeder SR. The overt aggression scale for rating aggression in outpatient youth with autistic disorder: preliminary ﬁndings. J Neuropsychiatry Clin Neurosci. 2005; 17(1):29–35 616. Wasserman S, Iyengar R, Chaplin WF, et al. Levetiracetam versus placebo in",Identification Evaluation and Management of Children with Autism,64,identification_guide
92a8da57-2c72-4a46-bba5-b3325e67cb2d,"childhood and adolescent autism: a double-blind placebo-controlled study. Int Clin Psychopharmacol. 2006;21(6): 363–367 617. Hirota T, Veenstra-Vanderweele J, Hollander E, Kishi T. Antiepileptic medications in autism spectrum disorder: a systematic review and meta-analysis. J Autism Dev Disord. 2014;44(4):948–957 618. Canitano R. Mood stabilizers in children and adolescents with autism spectrum disorders. Clin Neuropharmacol. 2015; 38(5):177–182 619. Niederhofer H. Venlafaxine has modest effects",Identification Evaluation and Management of Children with Autism,64,identification_guide
626927db-c05e-41c0-b30b-2276bb796691,"in autistic children. Therapy. 2004;1(1):87–90 620. McDougle CJ, Holmes JP, Carlson DC, Pelton GH, Cohen DJ, Price LH. A double- blind, placebo-controlled study of risperidone in adults with autistic disorder and other pervasive developmental disorders. Arch Gen Psychiatry. 1998;55(7):633–641 621. Hollander E, Soorya L, Wasserman S, Esposito K, Chaplin W, Anagnostou E. Divalproex sodium vs. placebo in the treatment of repetitive behaviours in autism spectrum disorder. Int J Neuropsychopharmacol.",Identification Evaluation and Management of Children with Autism,64,identification_guide
1678e768-b5b0-400f-930b-f0d906ba738c,"2006;9(2): 209–213 622. Rezaei V, Mohammadi MR, Ghanizadeh A, et al. Double-blind, placebo- controlled trial of risperidone plus topiramate in children with autistic disorder. Prog Neuropsychopharmacol Biol Psychiatry. 2010;34(7):1269–1272 623. Hollander E, Soorya L, Chaplin W, et al. A double-blind placebo-controlled trial of ﬂuoxetine for repetitive behaviors and global severity in adult autism spectrum disorders. Am J Psychiatry. 2012;169(3):292–299 624. Hollander E, Phillips A, Chaplin W, et",Identification Evaluation and Management of Children with Autism,64,identification_guide
15dc756f-8c96-49b3-a2ad-01728d58d485,"al. A placebo controlled crossover trial of liquid ﬂuoxetine on repetitive behaviors in childhood and adolescent autism. Neuropsychopharmacology. 2005;30(3): 582–589 625. Ji N, Findling RL. An update on pharmacotherapy for autism spectrum disorder in children and adolescents. Curr Opin Psychiatry. 2015;28(2):91–101 626. Couturier JL, Nicolson R. A retrospective assessment of citalopram in children and adolescents with pervasive developmental disorders. J Child Adolesc Psychopharmacol. 2002;",Identification Evaluation and Management of Children with Autism,64,identification_guide
d5f6c7eb-8070-488c-890c-e4606381cadd,"12(3):243–248 627. Namerow L, Thomas P, Bostic JQ, Prince J, Monuteaux MC. Use of citalopram in pervasive developmental disorders. J Dev Behav Pediatr. 2003;24(2):104–108 628. Strawn JR, Welge JA, Wehry AM, Keeshin B, Rynn MA. Efﬁcacy and tolerability of antidepressants in pediatric anxiety disorders: a systematic review and meta-analysis. Depress Anxiety. 2015; 32(3):149–157 629. Buitelaar JK, van der Gaag RJ, van der Hoeven J. Buspirone in the management of anxiety and irritability in children",Identification Evaluation and Management of Children with Autism,64,identification_guide
081fafb6-0f46-46f9-9e77-dddb9a7fd0d9,"with pervasive developmental disorders: results of an open-label study. J Clin Psychiatry. 1998; 59(2):56–59 630. Vasa RA, Carroll LM, Nozzolillo AA, et al. A systematic review of treatments for anxiety in youth with autism spectrum disorders. J Autism Dev Disord. 2014; 44(12):3215–3229 64 FROM THE AMERICAN ACADEMY OF PEDIATRICS Downloaded from http://publications.aap.org/pediatrics/article-pdf/145/1/e20193447/1078920/peds_20193447.pdf by guest",Identification Evaluation and Management of Children with Autism,64,identification_guide
7e8f6869-9b59-4267-b1f0-ef1be1b58e80,"Supplemental Information SUPPLEMENTAL TABLE 14 Recurrent CNVs Most Commonly Identiﬁed in Cohorts With ASD by Using CMA Analysis CNV Region Frequencya Common Clinical Features 16p11.2 deletion 1 in 304 ASD, DD or ID, expressive language impairment, relative or absolute macrocephaly, overweight 16p11.2 duplication 1 in 396 ASD, schizophrenia, bipolar disorder, ADHD, relative or absolute microcephaly, underweight 15q11.2-q13 (BP2–BP3) duplication 1 in 494 ASD, DD or ID, epilepsy, hypotonia, ataxia,",Identification Evaluation and Management of Children with Autism,65,identification_guide
c77cd9b1-125c-4963-909e-cdd40225f74b,"behavior problems 15q13.2-q13.3 (BP4–BP5) deletion 1 in 659 ASD, DD or ID, epilepsy, schizophrenia, cardiac defects 1q21.1 duplication 1 in 659 ASD, DD or ID, schizophrenia, ADHD, relative macrocephaly, hypertelorism 22q11.2 duplication 1 in 659 ASD, DD or ID, hypotonia, motor delay 16p13.11 deletion 1 in 791 ASD, DD or ID, epilepsy, schizophrenia, congenital anomalies 7q11.23 duplication 1 in 989 ASD, DD or ID, growth retardation, hypotonia 16p12.2 deletion 1 in 989 ASD, DD or ID, schizophrenia,",Identification Evaluation and Management of Children with Autism,65,identification_guide
e21ff667-9653-499a-a30c-29e97eedd4d9,"epilepsy, growth retardation, cardiac defects, microcephaly, hypotonia 17q12 deletion 1 in 1978 ASD, DD or ID, schizophrenia, renal cysts, mature-onset diabetes of the young type 5 15q13.2–13.3 (BP4–BP5) duplication 1 in 1978 ASD, DD or ID, obesity BP2 breakpoint 2; BP3 breakpoint 3; BP4 breakpoint 4; BP5 breakpoint 5; DD developmental delay; ID intellectual disability. a Moreno-De-Luca D et al631; the frequency of each CNV among 3955 probands with ASD from the Autism Genetic Resource Exchange,",Identification Evaluation and Management of Children with Autism,65,identification_guide
c894c4ac-5293-4596-a327-aaa3cb6c4161,"Autism Genome Project, and Simons Foundation Autism Research Initiative Simplex Collection cohorts. FROM THE AMERICAN ACADEMY OF PEDIATRICS PEDIATRICS Volume 145, Number 1, January 2020 1 Downloaded from http://publications.aap.org/pediatrics/article-pdf/145/1/e20193447/1078920/peds_20193447.pdf by guest",Identification Evaluation and Management of Children with Autism,65,identification_guide
47f80f94-32f5-4603-8f8d-3794939afb30,"SUPPLEMENTALTABLE 13 Selected Genetic Syndromes Associated With ASD Condition Physical Findings Gene Conﬁrmatory Testing Importance Fragile X syndrome Long face, prominent forehead and jaw, large ears, joint laxity, macroorchidism after puberty in boys FMR1 (CGG repeat expansion, abnormal methylation) Targeted mutation analysis (PCR and Southern blot) Genetic counseling (X-linked dominant inheritance); all mothers of individuals with an FMR1 full mutation are carriers of an FMR1 premutation or",Identification Evaluation and Management of Children with Autism,66,identification_guide
f63c851d-a88d-4cbe-bb1f-4df56620d94b,"full mutation; extended family counseling is necessary; premutation carriers are at risk for fragile X–associated tremor/ ataxia syndrome and FMR1-related primary ovarian insufﬁciency in female patients; several targeted pharmacologic therapies are under investigation Neuroﬁbromatosis 1 Multiple café-au-lait macules, axillary and inguinal freckling, iris Lisch nodules, cutaneous neuroﬁbromas NF1 Clinical criteria; optimized protein truncation testing, sequence analysis, and deletion or",Identification Evaluation and Management of Children with Autism,66,identification_guide
13aaa406-fdc4-401e-bb7e-c1c1e157f728,"duplication analysis are available but infrequently required Genetic counseling (autosomal dominant inheritance); 50% de novo, 50% inherited; associated problems requiring investigation or monitoring (optic gliomas, other CNS tumors, peripheral nerve sheath tumors, vasculopathy, hypertension, orthopedic issues, osteopenia) PTEN hamartoma tumor syndrome (includes Cowden syndrome and Bannayan-Riley-Ruvalcaba syndrome) Marked macrocephaly, skin hamartomas, pigmented macules of the glans penis PTEN",Identification Evaluation and Management of Children with Autism,66,identification_guide
039ab35d-ed8b-4279-8bfe-f904d8357262,"PTEN sequence analysis, deletion or duplication analysis Genetic counseling (autosomal dominant inheritance with highly variable expression); associated problems requiring investigation or monitoring (signiﬁcant risk of benign and malignant tumors of the thyroid, breast, and endometrium as well as intestinal polyps, colorectal cancer, renal cell carcinoma, cutaneous melanoma, and cerebellar dysplastic gangliocytoma) Rett syndrome Deceleration of head growth velocity, acquired microcephaly, loss",Identification Evaluation and Management of Children with Autism,66,identification_guide
e704cff2-9c1b-49c6-9564-ce1bc242875d,"of purposeful hand use, prominent hand stereotypies (especially hand wringing or clasping), apraxia, hyperventilation or breath-holding, seizures MECP2 MECP2 sequence analysis, deletion or duplication analysis Genetic counseling (.99% de novo, ,1% germline mosaicism); associated problems requiring investigation or monitoring and anticipatory guidance (failure to thrive, gastroesophageal reﬂux, respiratory problems, osteopenia, sudden death); targeted pharmacologic therapy under investigation",Identification Evaluation and Management of Children with Autism,66,identification_guide
9de9d68f-cdd6-4a93-8e38-5c424af1a65a,"Smith-Lemli-Opitz syndrome Characteristic facial features (narrow forehead, low-set ears, ptosis, epicanthal folds, short nose, anteverted nares), microcephaly, cleft palate, 2- to 3-toe syndactyly, postaxial polydactyly, hypospadias in male DHCR7 7-dehydrocholesterol level (elevated); DHCR7 sequence analysis available Genetic counseling (autosomal recessive inheritance); potential role for treatment with cholesterol 2 Downloaded from",Identification Evaluation and Management of Children with Autism,66,identification_guide
0952f484-aba7-4c4c-8201-95b1e479e639,http://publications.aap.org/pediatrics/article-pdf/145/1/e20193447/1078920/peds_20193447.pdf by guest,Identification Evaluation and Management of Children with Autism,66,identification_guide
c7e9eeea-c144-40c0-b78c-576b914da8fb,"SUPPLEMENTALTABLE 13 Continued Condition Physical Findings Gene Conﬁrmatory Testing Importance patients, prenatal and postnatal growth retardation Timothy syndrome Long QT interval, other ECG abnormalities (atrioventricular block, macroscopic T-wave alternans), congenital heart defects, cutaneous syndactyly, low-set ears, ﬂat nasal bridge, thin upper lip, round facies, baldness for the ﬁrst 2 y of life followed by thin scalp hair, dental abnormalities, frequent infections because of altered",Identification Evaluation and Management of Children with Autism,67,identification_guide
b3ad7d84-2288-4f2f-9aca-ec29c1a4847b,"immune response, intermittent hypoglycemia CACNA1C Targeted mutation analysis, sequence analysis, deletion or duplication analysis Genetic counseling, autosomal dominant, usually de novo, but parental germline mosaicism has been observed; treatment related to long QTc (b-blocker, pacemaker, implantable deﬁbrillator) and avoidance of hypoglycemia Tuberous sclerosis Hypopigmented macules, angioﬁbromas, shagreen patches (connective tissue nevi), ungual ﬁbromas, retinal hamartomas TSC1, TSC2 Clinical",Identification Evaluation and Management of Children with Autism,67,identification_guide
96cfb93e-4645-4745-995f-a84736d2b3e9,"criteria; TSC1 and TSC2 sequencing available Genetic counseling (autosomal dominant inheritance); associated problems requiring investigation or monitoring (CNS tumors, seizures, renal angiomyolipomas or cysts, cardiac rhabdomyomas and arrhythmias); potential role for targeted pharmacologic therapy (mTOR inhibitors) CACNA1C, calcium channel, voltage-dependent, L-type, a-1c subunit; CGG, cytosine-guanine-guanine; CNS, central nervous system; DHCR7, 7-dehydrocholesterol reductase; ECG,",Identification Evaluation and Management of Children with Autism,67,identification_guide
3286e6f6-1d72-44c3-bca0-284beb9d8da6,"electrocardiogram; FMR1, fragile X mental retardation 1; MECP2, methyl CpG binding protein 2; mTOR, mammalian target of rapamycin; PCR, polymerase chain reaction; PTEN, phosphatase and tensin homolog; QTc, corrected QT interval; TSC1, tuberous sclerosis 1; TSC2, tuberous sclerosis 2. Adapted with permission from Myers SM, Challman TD. Autism Spectrum Disorders. In: Voigt RG, Macias MM, Myers SM, eds. Developmental and Behavioral Pediatrics. Elk Grove Village, IL: American Academy of Pediatrics;",Identification Evaluation and Management of Children with Autism,67,identification_guide
109f437c-23f3-43d8-880b-93f74e0bde43,"2011:249–291. FROM THE AMERICAN ACADEMY OF PEDIATRICS PEDIATRICS Volume 145, Number 1, January 2020 3 Downloaded from http://publications.aap.org/pediatrics/article-pdf/145/1/e20193447/1078920/peds_20193447.pdf by guest",Identification Evaluation and Management of Children with Autism,67,identification_guide
c88eb4b7-41e8-49f5-b4ce-353675cf004d,"SUPPLEMENTALTABLE 15 Selected ASD Risk Genes Identiﬁed or Conﬁrmed in Whole-Exome Studies Gene Gene Name Broad Functional Categorization SCN2A sodium channel, voltage-gated, type II, a subunit Synaptic functions (eg, ion channels, neurotransmitter receptors, cell adhesion molecules, microtubule assembly, scaffolding proteins, actin cytoskeleton) GRIN2B glutamate receptor, ionotropic, N-methyl-D-aspartate 2B KATNAL2 katanin p60 subunit A-like 2 ANK2 ankyrin 2, neuronal DSCAM Down syndrome cell",Identification Evaluation and Management of Children with Autism,68,identification_guide
3e8e46a6-ac4a-4044-a482-608f2ede83a1,"adhesion molecule NRXN1 neurexin 1 SHANK2 SH3 and multiple ankyrin repeat domains 2 SHANK3 SH3 and multiple ankyrin repeat domains 3 PTEN phosphatase and tensin homolog Intracellular signaling, activity-dependent synaptic protein synthesis and degradation SYNGAP1 synaptic Ras GTPase activating protein 1 DYRK1A dual-speciﬁcity tyrosine-(Y)-phosphorylation regulated kinase 1A POGZ pogo transposable element with ZNF domain CUL3 cullin 3 CHD2 chromodomain helicase DNA binding protein 2 Transcription",Identification Evaluation and Management of Children with Autism,68,identification_guide
4ef95869-da67-4bf1-ad87-0ce84cb13868,"regulation, chromatin remodeling CHD8 chromodomain helicase DNA binding protein 8 ADNPa activity-dependent neuroprotector homeobox ARID1B AT rich interactive domain 1B (SWI1-like) ASH1L ASH1 (absent, small, or homeotic)-like KDM5B lysine-speciﬁc demethylase 5B KMT2C lysine-speciﬁc methyltransferase 2C SETD5 SET domain containing 5 TBR1 T-box, brain, 1 Based on de novo loss of function variants and small de novo deletions (false discovery rate , 0.01). Adapted from Sanders SJ, He X, Willsey AJ, et",Identification Evaluation and Management of Children with Autism,68,identification_guide
18a1b9e1-800b-499b-ba47-05b262a94e3b,"al; Autism Sequencing Consortium. Insights into autism spectrum disorder genomic architecture and biology from 71 risk loci. Neuron. 2015;87(6):1215–1233; Krumm N, O’Roak BJ, Shendure J, Eichler EE. A de novo convergence of autism genetics and molecular neuroscience. Trends Neurosci. 2014;37(2):95–105; Brandler WM, Sebat J. From de novo mutations to personalized therapeutic interventions in autism. Annu Rev Med. 2015;66:487–507; De Rubeis S, He X, Goldberg AP, et al; DDD Study; Homozygosity",Identification Evaluation and Management of Children with Autism,68,identification_guide
e0c1a817-be7c-490c-bf03-89e3c202999e,"Mapping Collaborative for Autism; UK10K Consortium. Synaptic, transcriptional and chromatin genes disrupted in autism. Nature. 2014;515(7526):209–215; Bourgeron T. From the genetic architecture to synaptic plasticity in autism spectrum disorder. Nat Rev Neurosci. 2015;16(9):551–563; and Sanders SJ, Murtha MT, Gupta AR, et al. De novo mutations revealed by whole-exome sequencing are strongly associated with autism. Nature. 2012; 485(7397):237–241. a Also involved in microtubule dynamics at the",Identification Evaluation and Management of Children with Autism,68,identification_guide
5598eb9d-0a72-4841-a60b-6362ea0e4d37,synapse. 4 Downloaded from http://publications.aap.org/pediatrics/article-pdf/145/1/e20193447/1078920/peds_20193447.pdf by guest,Identification Evaluation and Management of Children with Autism,68,identification_guide
5ac1666d-c881-4eec-a538-0748aa651f11,"SUPPLEMENTAL REFERENCES 63 . Moreno-De-Luca D, Sanders SJ, Willsey AJ, et al. Using large clinical data sets to infer pathogenicity for rare copy number variants in autism cohorts. Mol Psychiatry. 2013;18(10): 1090–1095 SUPPLEMENTAL TABLE 16 Selected Metabolic Conditions That May (Rarely) Be Associated With an ASD Phenotype Disorders of amino acid metabolism Phenylketonuria (untreated) Homocystinuria Branched-chain ketoacid dehydrogenase kinase deﬁciency Disorders of g-aminobutyric acid",Identification Evaluation and Management of Children with Autism,69,identification_guide
096ebf04-0106-4ed0-9c64-a62e1363004f,metabolism Succinic semialdehyde dehydrogenase deﬁciency Disorders of cholesterol metabolism Smith-Lemli-Opitz syndrome (7-dehydrocholesterol reductase deﬁciency) Disorders associated with cerebral folate deﬁciency Folate receptor 1 gene mutations Dihydrofolate reductase deﬁciency Disorders of creatine transport or metabolism Arginine-glycine amidinotransferase deﬁciency Guanidinoacetate methyltransferase deﬁciency X-linked creatine transporter deﬁcits Disorders of carnitine biosynthesis,Identification Evaluation and Management of Children with Autism,69,identification_guide
b63ffcc0-8c8f-4024-93aa-362b4d92b708,6-N-trimethyllysine dioxygenase deﬁciency Disorders of purine and pyrimidine metabolism Adenylosuccinate lyase deﬁciency Adenosine deaminase deﬁciency Cytosolic 59-nucleotidase superactivity Dihydropyrimidine dehydrogenase deﬁciency Phosphoribosyl pyrophosphate synthetase superactivity Lysosomal storage disorders Sanﬁlippo syndrome (mucopolysaccharidosis type III) Mitochondrial disorders Mitochondrial DNA mutations Nuclear DNA mutations Others Biotinidase deﬁciency Urea cycle defects Adapted from,Identification Evaluation and Management of Children with Autism,69,identification_guide
d471681c-70fd-47fe-9b18-376ae7154707,"Schaefer GB, Mendelsohn NJ; Professional Practice and Guidelines Com- mittee. Clinical genetics evaluation in identifying the etiology of autism spectrum dis- orders: 2013 guideline revisions. Genet Med. 2013;15(5):399–407; Legido A, Jethva R, Goldenthal MJ. Mitochondrial dysfunction in autism. Semin Pediatr Neurol. 2013;20(3): 163–175; Jiang YH, Wang Y, Xiu X, Choy KW, Pursley AN, Cheung SW. Genetic diagnosis of autism spectrum disorders: the opportunity and challenge in the genomics era. Crit",Identification Evaluation and Management of Children with Autism,69,identification_guide
d7f5fbe4-2329-47d9-89dc-96885e1c9946,"Rev Clin Lab Sci. 2014;51(5):249–262; and Frye RE. Metabolic and mitochondrial disorders associated with epilepsy in children with autism spectrum disorder. Epilepsy Behav. 2015; 47:147–157. FROM THE AMERICAN ACADEMY OF PEDIATRICS PEDIATRICS Volume 145, Number 1, January 2020 5 1 Downloaded from http://publications.aap.org/pediatrics/article-pdf/145/1/e20193447/1078920/peds_20193447.pdf by guest",Identification Evaluation and Management of Children with Autism,69,identification_guide
